# Blender 5.1.2
# www.blender.org
mtllib pacman_open.mtl
o pacman_open
v -0.000016 0.994236 0.013544
v -0.000016 0.825706 -0.542026
v -0.000016 0.549806 -0.817926
v -0.000016 0.189326 -0.967241
v -0.000016 -0.005764 -0.986456
v -0.000016 -0.200854 -0.967241
v -0.000016 -0.561334 -0.817925
v -0.000016 -1.005764 0.013545
v 0.038044 0.975021 -0.177798
v 0.074642 0.918116 -0.361786
v 0.108370 0.825706 -0.531351
v 0.137934 0.701343 -0.679975
v 0.162196 0.549806 -0.801949
v 0.180224 0.376919 -0.892583
v 0.191326 0.189326 -0.948395
v 0.195074 -0.005764 -0.967241
v 0.191326 -0.200854 -0.948395
v 0.180224 -0.388447 -0.892582
v 0.162196 -0.561334 -0.801948
v 0.137934 -0.712871 -0.679975
v 0.108370 -0.837234 -0.531350
v 0.074642 -0.929644 -0.361785
v 0.038044 -0.986549 -0.177797
v 0.074642 0.975021 -0.166696
v 0.146431 0.918116 -0.340009
v 0.212592 0.825706 -0.499736
v 0.270582 0.701343 -0.639737
v 0.318174 0.549806 -0.754634
v 0.353537 0.376919 -0.840008
v 0.375314 0.189326 -0.892583
v 0.382668 -0.005764 -0.910335
v 0.375314 -0.200854 -0.892583
v 0.353537 -0.388447 -0.840008
v 0.318174 -0.561334 -0.754633
v 0.270582 -0.712871 -0.639736
v 0.212592 -0.837234 -0.499735
v 0.146431 -0.929644 -0.340008
v 0.074642 -0.986549 -0.166695
v 0.108370 0.975021 -0.148668
v 0.212592 0.918116 -0.304646
v 0.308642 0.825706 -0.448396
v 0.392832 0.701343 -0.574393
v 0.461924 0.549806 -0.677798
v 0.513264 0.376919 -0.754634
v 0.544879 0.189326 -0.801949
v 0.555554 -0.005764 -0.817924
v 0.544879 -0.200854 -0.801949
v 0.513264 -0.388447 -0.754633
v 0.461924 -0.561334 -0.677797
v 0.392832 -0.712871 -0.574393
v 0.308642 -0.837234 -0.448395
v 0.212592 -0.929644 -0.304645
v 0.108370 -0.986549 -0.148667
v 0.137934 0.975021 -0.124406
v 0.270582 0.918116 -0.257054
v 0.392832 0.825706 -0.379303
v 0.499984 0.701343 -0.486456
v 0.587922 0.549806 -0.574393
v 0.653265 0.376919 -0.639737
v 0.693504 0.189326 -0.679975
v 0.707091 -0.005764 -0.693562
v 0.693504 -0.200854 -0.679975
v 0.653265 -0.388447 -0.639736
v 0.587922 -0.561334 -0.574393
v 0.499984 -0.712871 -0.486455
v 0.392832 -0.837234 -0.379302
v 0.270582 -0.929644 -0.257053
v 0.137934 -0.986549 -0.124405
v 0.162196 0.975021 -0.094842
v 0.318174 0.918116 -0.199064
v 0.461924 0.825706 -0.295114
v 0.587922 0.701343 -0.379302
v 0.691326 0.549806 -0.448395
v 0.768162 0.376919 -0.499735
v 0.815477 0.189326 -0.531350
v 0.831454 -0.005764 -0.542025
v 0.815477 -0.200854 -0.531350
v 0.768162 -0.388447 -0.499735
v 0.691326 -0.561334 -0.448395
v 0.587922 -0.712871 -0.379302
v 0.461924 -0.837234 -0.295113
v 0.318174 -0.929644 -0.199063
v 0.162196 -0.986549 -0.094841
v 0.180224 0.975021 -0.061114
v 0.353537 0.918116 -0.132903
v 0.513264 0.825706 -0.199063
v 0.653265 0.701343 -0.257053
v 0.768162 0.549806 -0.304646
v 0.853537 0.376919 -0.340008
v 0.906111 0.189326 -0.361786
v 0.923863 -0.005764 -0.369138
v 0.906111 -0.200854 -0.361785
v 0.853537 -0.388447 -0.340008
v 0.768162 -0.561334 -0.304645
v 0.653265 -0.712871 -0.257053
v 0.513264 -0.837234 -0.199062
v 0.353537 -0.929644 -0.132902
v 0.180224 -0.986549 -0.061113
v 0.191326 0.975021 -0.024516
v 0.375314 0.918116 -0.061114
v 0.544879 0.825706 -0.094842
v 0.693504 0.701343 -0.124406
v 0.815477 0.549806 -0.148667
v 0.906111 0.376919 -0.166696
v 0.961924 0.189326 -0.177798
v 0.980769 -0.005764 -0.181545
v 0.961924 -0.200854 -0.177797
v 0.906111 -0.388447 -0.166695
v 0.815477 -0.561334 -0.148667
v 0.693504 -0.712871 -0.124405
v 0.544879 -0.837234 -0.094841
v 0.375314 -0.929644 -0.061113
v 0.191326 -0.986549 -0.024515
v 0.195074 0.975021 0.013544
v 0.382667 0.918116 0.013544
v 0.555554 0.825706 0.013544
v 0.707091 0.701343 0.013544
v 0.831454 0.549806 0.013544
v 0.923863 0.376919 0.013544
v 0.980769 0.189326 0.013545
v 0.980769 -0.200854 0.013545
v 0.923863 -0.388447 0.013545
v 0.831454 -0.561334 0.013545
v 0.707091 -0.712871 0.013545
v 0.555554 -0.837234 0.013545
v 0.382667 -0.929644 0.013545
v 0.195074 -0.986549 0.013545
v 0.191326 0.975021 0.051604
v 0.375314 0.918116 0.088202
v 0.544879 0.825706 0.121930
v 0.693504 0.701343 0.151494
v 0.815477 0.549806 0.175756
v 0.906111 0.376919 0.193784
v 0.961924 0.189326 0.204886
v 0.961924 -0.200854 0.204887
v 0.906111 -0.388447 0.193785
v 0.815477 -0.561334 0.175757
v 0.693504 -0.712871 0.151495
v 0.544879 -0.837234 0.121931
v 0.375314 -0.929644 0.088203
v 0.191326 -0.986549 0.051605
v 0.180224 0.975021 0.088202
v 0.353537 0.918116 0.159991
v 0.513264 0.825706 0.226152
v 0.653265 0.701343 0.284142
v 0.768162 0.549806 0.331734
v 0.853537 0.376919 0.367097
v 0.853537 -0.388447 0.367098
v 0.768162 -0.561334 0.331735
v 0.653265 -0.712871 0.284143
v 0.513264 -0.837234 0.226153
v 0.353537 -0.929644 0.159992
v 0.180224 -0.986549 0.088203
v 0.162196 0.975021 0.121930
v 0.318174 0.918116 0.226152
v 0.461924 0.825706 0.322202
v 0.587922 0.701343 0.406391
v 0.691325 0.549806 0.475484
v 0.768162 0.376919 0.526824
v 0.768162 -0.388447 0.526825
v 0.691325 -0.561334 0.475485
v 0.587922 -0.712871 0.406392
v 0.461924 -0.837234 0.322203
v 0.318174 -0.929644 0.226153
v 0.162196 -0.986549 0.121931
v 0.137934 0.975021 0.151494
v 0.270582 0.918116 0.284142
v 0.392831 0.825706 0.406391
v 0.499984 0.701343 0.513544
v 0.587922 0.549806 0.601482
v 0.587922 -0.561334 0.601483
v 0.499984 -0.712871 0.513545
v 0.392831 -0.837234 0.406392
v 0.270582 -0.929644 0.284143
v 0.137934 -0.986549 0.151495
v 0.108370 0.975021 0.175756
v 0.212591 0.918116 0.331734
v 0.308642 0.825706 0.475484
v 0.392832 0.701343 0.601482
v 0.461924 0.549806 0.704886
v 0.461924 -0.561334 0.704887
v 0.392832 -0.712871 0.601483
v 0.308642 -0.837234 0.475485
v 0.212591 -0.929644 0.331735
v 0.108370 -0.986549 0.175757
v 0.074642 0.975021 0.193784
v 0.146430 0.918116 0.367097
v 0.212591 0.825706 0.526824
v 0.270582 0.701343 0.666825
v 0.318173 0.549806 0.781722
v 0.318173 -0.561334 0.781723
v 0.270582 -0.712871 0.666826
v 0.212591 -0.837234 0.526825
v 0.146430 -0.929644 0.367098
v 0.074642 -0.986549 0.193785
v 0.038044 0.975021 0.204886
v 0.074642 0.918116 0.388874
v 0.108370 0.825706 0.558439
v 0.137934 0.701343 0.707064
v 0.162195 0.549806 0.829037
v 0.162195 -0.561334 0.829038
v 0.137934 -0.712871 0.707065
v 0.108370 -0.837234 0.558440
v 0.074642 -0.929644 0.388875
v 0.038044 -0.986549 0.204887
v -0.000016 0.975021 0.208634
v -0.000016 0.918116 0.396227
v -0.000016 0.825706 0.569114
v -0.000016 0.701343 0.720651
v -0.000016 0.549806 0.845014
v -0.000016 -0.561334 0.845014
v -0.000016 -0.712871 0.720652
v -0.000016 -0.837234 0.569115
v -0.000016 -0.929644 0.396228
v -0.000016 -0.986549 0.208635
v -0.038076 0.975021 0.204886
v -0.074674 0.918116 0.388874
v -0.108403 0.825706 0.558439
v -0.137966 0.701343 0.707064
v -0.162228 0.549806 0.829037
v -0.162228 -0.561334 0.829038
v -0.137966 -0.712871 0.707065
v -0.108403 -0.837234 0.558440
v -0.074674 -0.929644 0.388875
v -0.038076 -0.986549 0.204887
v -0.074674 0.975021 0.193784
v -0.146463 0.918116 0.367097
v -0.212623 0.825706 0.526824
v -0.270614 0.701343 0.666825
v -0.318206 0.549806 0.781721
v -0.318206 -0.561334 0.781722
v -0.270614 -0.712871 0.666826
v -0.212623 -0.837234 0.526825
v -0.146463 -0.929644 0.367098
v -0.074674 -0.986549 0.193785
v -0.108402 0.975021 0.175756
v -0.212623 0.918116 0.331734
v -0.308674 0.825706 0.475483
v -0.392864 0.701343 0.601482
v -0.461956 0.549806 0.704885
v -0.461956 -0.561334 0.704886
v -0.392864 -0.712871 0.601483
v -0.308674 -0.837234 0.475484
v -0.212623 -0.929644 0.331735
v -0.108402 -0.986549 0.175757
v -0.137965 0.975021 0.151494
v -0.270614 0.918116 0.284142
v -0.392863 0.825706 0.406391
v -0.500016 0.701343 0.513544
v -0.587954 0.549806 0.601481
v -0.587954 -0.561334 0.601482
v -0.500016 -0.712871 0.513545
v -0.392863 -0.837234 0.406392
v -0.270614 -0.929644 0.284143
v -0.137965 -0.986549 0.151495
v -0.162228 0.975021 0.121930
v -0.318206 0.918116 0.226151
v -0.461956 0.825706 0.322202
v -0.587954 0.701343 0.406391
v -0.691357 0.549806 0.475483
v -0.768194 0.376919 0.526824
v -0.768194 -0.388447 0.526825
v -0.691357 -0.561334 0.475484
v -0.587954 -0.712871 0.406392
v -0.461956 -0.837234 0.322203
v -0.318206 -0.929644 0.226152
v -0.162228 -0.986549 0.121931
v -0.180256 0.975021 0.088202
v -0.353569 0.918116 0.159991
v -0.513296 0.825706 0.226151
v -0.653297 0.701343 0.284142
v -0.768193 0.549806 0.331733
v -0.853569 0.376919 0.367097
v -0.853569 -0.388447 0.367098
v -0.768193 -0.561334 0.331734
v -0.653297 -0.712871 0.284143
v -0.513296 -0.837234 0.226152
v -0.353569 -0.929644 0.159992
v -0.180256 -0.986549 0.088203
v -0.191358 0.975021 0.051604
v -0.375346 0.918116 0.088202
v -0.544911 0.825706 0.121930
v -0.693536 0.701343 0.151494
v -0.815509 0.549806 0.175755
v -0.906143 0.376919 0.193784
v -0.961955 0.189326 0.204885
v -0.961955 -0.200854 0.204886
v -0.906143 -0.388447 0.193785
v -0.815509 -0.561334 0.175756
v -0.693536 -0.712871 0.151495
v -0.544911 -0.837234 0.121931
v -0.375346 -0.929644 0.088203
v -0.191358 -0.986549 0.051605
v -0.195106 0.975021 0.013544
v -0.382699 0.918116 0.013544
v -0.555586 0.825706 0.013544
v -0.707123 0.701343 0.013544
v -0.831485 0.549806 0.013544
v -0.923895 0.376919 0.013544
v -0.980801 0.189326 0.013545
v -0.980801 -0.200854 0.013545
v -0.923895 -0.388447 0.013545
v -0.831485 -0.561334 0.013545
v -0.707123 -0.712871 0.013545
v -0.555586 -0.837234 0.013545
v -0.382699 -0.929644 0.013545
v -0.195106 -0.986549 0.013545
v -0.191358 0.975021 -0.024516
v -0.375346 0.918116 -0.061114
v -0.544911 0.825706 -0.094842
v -0.693536 0.701343 -0.124406
v -0.815509 0.549806 -0.148667
v -0.906143 0.376919 -0.166696
v -0.961955 0.189326 -0.177798
v -0.980800 -0.005764 -0.181546
v -0.961955 -0.200854 -0.177797
v -0.906143 -0.388447 -0.166695
v -0.815509 -0.561334 -0.148667
v -0.693536 -0.712871 -0.124405
v -0.544911 -0.837234 -0.094841
v -0.375346 -0.929644 -0.061113
v -0.191358 -0.986549 -0.024515
v -0.180256 0.975021 -0.061114
v -0.353569 0.918116 -0.132903
v -0.513295 0.825706 -0.199063
v -0.653297 0.701343 -0.257053
v -0.768193 0.549806 -0.304646
v -0.853569 0.376919 -0.340008
v -0.906143 0.189326 -0.361786
v -0.923894 -0.005764 -0.369138
v -0.906143 -0.200854 -0.361785
v -0.853569 -0.388447 -0.340008
v -0.768193 -0.561334 -0.304645
v -0.653297 -0.712871 -0.257053
v -0.513295 -0.837234 -0.199062
v -0.353569 -0.929644 -0.132902
v -0.180256 -0.986549 -0.061113
v -0.162227 0.975021 -0.094842
v -0.318205 0.918116 -0.199063
v -0.461955 0.825706 -0.295114
v -0.587954 0.701343 -0.379302
v -0.691357 0.549806 -0.448395
v -0.768193 0.376919 -0.499735
v -0.815509 0.189326 -0.531350
v -0.831484 -0.005764 -0.542025
v -0.815509 -0.200854 -0.531350
v -0.768193 -0.388447 -0.499735
v -0.691357 -0.561334 -0.448395
v -0.587954 -0.712871 -0.379302
v -0.461955 -0.837234 -0.295113
v -0.318205 -0.929644 -0.199062
v -0.162227 -0.986549 -0.094841
v -0.137965 0.975021 -0.124406
v -0.270614 0.918116 -0.257054
v -0.392863 0.825706 -0.379303
v -0.500016 0.701343 -0.486456
v -0.587953 0.549806 -0.574393
v -0.653297 0.376919 -0.639737
v -0.693535 0.189326 -0.679975
v -0.707122 -0.005764 -0.693562
v -0.693535 -0.200854 -0.679975
v -0.653297 -0.388447 -0.639736
v -0.587953 -0.561334 -0.574392
v -0.500016 -0.712871 -0.486455
v -0.392863 -0.837234 -0.379302
v -0.270614 -0.929644 -0.257053
v -0.137965 -0.986549 -0.124405
v -0.108402 0.975021 -0.148668
v -0.212623 0.918116 -0.304646
v -0.308674 0.825706 -0.448395
v -0.392863 0.701343 -0.574393
v -0.461955 0.549806 -0.677796
v -0.513296 0.376919 -0.754632
v -0.544911 0.189326 -0.801949
v -0.555585 -0.005764 -0.817924
v -0.544911 -0.200854 -0.801949
v -0.513296 -0.388447 -0.754632
v -0.461955 -0.561334 -0.677796
v -0.392863 -0.712871 -0.574393
v -0.308674 -0.837234 -0.448394
v -0.212623 -0.929644 -0.304645
v -0.108402 -0.986549 -0.148667
v -0.074674 0.975021 -0.166696
v -0.146462 0.918116 -0.340009
v -0.212623 0.825706 -0.499735
v -0.270614 0.701343 -0.639737
v -0.318205 0.549806 -0.754632
v -0.353569 0.376919 -0.840008
v -0.375346 0.189326 -0.892583
v -0.382699 -0.005764 -0.910335
v -0.375346 -0.200854 -0.892583
v -0.353569 -0.388447 -0.840008
v -0.318205 -0.561334 -0.754632
v -0.270614 -0.712871 -0.639736
v -0.212623 -0.837234 -0.499734
v -0.146462 -0.929644 -0.340008
v -0.074674 -0.986549 -0.166695
v -0.038076 0.975021 -0.177797
v -0.074674 0.918116 -0.361786
v -0.108402 0.825706 -0.531350
v -0.137965 0.701343 -0.679975
v -0.162227 0.549806 -0.801949
v -0.180256 0.376919 -0.892583
v -0.191357 0.189326 -0.948395
v -0.195106 -0.005764 -0.967239
v -0.191357 -0.200854 -0.948395
v -0.180256 -0.388447 -0.892582
v -0.162227 -0.561334 -0.801948
v -0.137965 -0.712871 -0.679975
v -0.108402 -0.837234 -0.531349
v -0.074674 -0.929644 -0.361785
v -0.038076 -0.986549 -0.177796
v -0.000016 0.975021 -0.181546
v -0.000016 0.918116 -0.369139
v -0.000016 0.701343 -0.693562
v -0.000016 0.376919 -0.910335
v -0.000016 -0.388447 -0.910334
v -0.000016 -0.712871 -0.693562
v -0.000016 -0.837234 -0.542025
v -0.000016 -0.929644 -0.369138
v -0.000016 -0.986549 -0.181545
v 0.990134 -0.005764 -0.086455
v 0.994516 0.049751 0.013545
v 0.994516 -0.061279 0.013545
v 0.965111 0.156325 0.205521
v 0.965111 -0.167853 0.205521
v 0.943698 0.189326 0.264968
v 0.888000 0.253948 0.381373
v 0.943698 -0.200854 0.264968
v 0.888000 -0.265476 0.381374
v 0.777900 -0.349835 0.533332
v 0.777900 0.338307 0.533331
v 0.705740 0.376919 0.602884
v 0.642176 0.406260 0.655736
v 0.705740 -0.388447 0.602885
v 0.642176 -0.417788 0.655737
v 0.489616 -0.468081 0.746331
v 0.489616 0.456553 0.746330
v 0.329990 0.492037 0.810249
v 0.329990 -0.503565 0.810250
v 0.166019 -0.524666 0.848261
v 0.166019 0.513138 0.848261
v -0.000016 0.520139 0.860871
v -0.000016 -0.531667 0.860872
v -0.166051 -0.524666 0.848261
v -0.166051 0.513138 0.848261
v -0.330022 -0.503565 0.810250
v -0.330022 0.492037 0.810249
v -0.489648 -0.468081 0.746331
v -0.489648 0.456553 0.746330
v -0.642208 -0.417788 0.655737
v -0.642208 0.406260 0.655736
v -0.705772 -0.388447 0.602885
v -0.705772 0.376919 0.602884
v -0.777932 0.338307 0.533331
v -0.777932 -0.349835 0.533332
v -0.888032 -0.265476 0.381373
v -0.888032 0.253948 0.381373
v -0.943730 0.189326 0.264968
v -0.965143 0.156325 0.205520
v -0.965143 -0.167853 0.205520
v -0.943730 -0.200854 0.264968
v -0.994548 0.049750 0.013545
v -0.994548 -0.061278 0.013545
v -0.990166 -0.005764 -0.086455
v -0.281284 0.856871 0.346147
v -0.296013 0.502998 0.377735
v -0.331053 0.468655 0.452877
v -0.368979 0.468655 0.534212
v -0.418748 0.531601 0.640941
v -0.241938 0.534726 0.367942
v -0.257423 0.506063 0.399112
v -0.276467 0.484631 0.433910
v -0.298338 0.471254 0.470999
v -0.322194 0.466446 0.508956
v -0.347120 0.470392 0.546320
v -0.372157 0.482940 0.581655
v -0.396343 0.503608 0.613605
v -0.206745 0.543981 0.394565
v -0.222907 0.515140 0.425222
v -0.243953 0.493181 0.458505
v -0.269076 0.478949 0.493135
v -0.297309 0.472990 0.527780
v -0.327568 0.475533 0.561110
v -0.358689 0.486481 0.591843
v -0.389477 0.505413 0.618799
v -0.177058 0.559010 0.424991
v -0.193790 0.529880 0.455063
v -0.216527 0.507066 0.486615
v -0.244392 0.491445 0.518433
v -0.276317 0.483617 0.549295
v -0.311075 0.483883 0.578014
v -0.347328 0.492233 0.603487
v -0.383685 0.508345 0.624735
v -0.154018 0.579236 0.458051
v -0.171193 0.549717 0.487489
v -0.195240 0.525752 0.517160
v -0.225235 0.508262 0.545923
v -0.260026 0.497919 0.572672
v -0.298274 0.495120 0.596381
v -0.338511 0.499973 0.616139
v -0.379190 0.512291 0.631185
v -0.138510 0.603881 0.492475
v -0.155983 0.573889 0.521252
v -0.180913 0.548521 0.548963
v -0.212341 0.528754 0.574545
v -0.249060 0.515345 0.597014
v -0.289658 0.508812 0.615506
v -0.332577 0.509404 0.629313
v -0.376165 0.517099 0.637900
v -0.131130 0.631998 0.526941
v -0.148745 0.601466 0.555055
v -0.174094 0.574498 0.580805
v -0.206204 0.552132 0.603203
v -0.243841 0.535227 0.621384
v -0.285558 0.524433 0.634655
v -0.329752 0.520164 0.642501
v -0.374725 0.522584 0.644624
v -0.132162 0.662508 0.560123
v -0.149757 0.631389 0.587599
v -0.175047 0.602685 0.611462
v -0.207062 0.577500 0.630792
v -0.244571 0.556801 0.644849
v -0.286131 0.541383 0.653090
v -0.330147 0.531839 0.655200
v -0.374926 0.528537 0.651098
v -0.241938 0.853746 0.367942
v -0.206745 0.844491 0.394565
v -0.177058 0.829462 0.424991
v -0.154018 0.809236 0.458051
v -0.138510 0.784591 0.492475
v -0.131130 0.756474 0.526941
v -0.132162 0.725964 0.560123
v -0.141565 0.694236 0.590746
v -0.158980 0.662508 0.617634
v -0.183735 0.631998 0.639753
v -0.214881 0.603881 0.656254
v -0.251220 0.579236 0.666502
v -0.291356 0.559010 0.670103
v -0.333746 0.543981 0.666920
v -0.376761 0.534726 0.657072
v -0.245335 0.859935 0.373188
v -0.213409 0.856633 0.404854
v -0.186733 0.847089 0.439929
v -0.166332 0.831671 0.477064
v -0.152989 0.810972 0.514832
v -0.147219 0.785787 0.551782
v -0.149241 0.757083 0.586494
v -0.158980 0.725964 0.617634
v -0.176059 0.693626 0.644006
v -0.199824 0.661312 0.664595
v -0.229361 0.630262 0.678611
v -0.263534 0.601671 0.685514
v -0.301031 0.576638 0.685041
v -0.340410 0.556123 0.677208
v -0.380158 0.540916 0.662319
v -0.250165 0.865888 0.377503
v -0.222883 0.868308 0.413319
v -0.200486 0.864039 0.452217
v -0.183837 0.853245 0.492704
v -0.173573 0.836340 0.533223
v -0.170090 0.813974 0.572218
v -0.173521 0.787006 0.608188
v -0.183735 0.756474 0.639753
v -0.200339 0.723549 0.665700
v -0.222695 0.689498 0.685030
v -0.249944 0.655630 0.697002
v -0.281039 0.623245 0.701155
v -0.314784 0.593588 0.697330
v -0.349884 0.567799 0.685673
v -0.384988 0.546868 0.666633
v -0.256241 0.871373 0.380722
v -0.234802 0.879068 0.419633
v -0.217790 0.879660 0.461385
v -0.205860 0.873127 0.504372
v -0.199470 0.859718 0.546943
v -0.198865 0.839951 0.587462
v -0.204069 0.814583 0.624372
v -0.214881 0.784591 0.656254
v -0.230887 0.751126 0.681883
v -0.251470 0.715475 0.700275
v -0.275841 0.679008 0.710722
v -0.303062 0.643127 0.712823
v -0.332088 0.609209 0.706497
v -0.361803 0.578559 0.691988
v -0.391064 0.552354 0.669852
v -0.263330 0.876181 0.382722
v -0.248708 0.888499 0.423555
v -0.237979 0.893352 0.467078
v -0.231556 0.890553 0.511618
v -0.229685 0.880210 0.555464
v -0.232438 0.862720 0.596930
v -0.239709 0.838755 0.634423
v -0.251220 0.809236 0.666502
v -0.266527 0.775298 0.691934
v -0.285043 0.738245 0.709742
v -0.306056 0.699500 0.719242
v -0.328758 0.660553 0.720069
v -0.352277 0.622901 0.712190
v -0.375709 0.587990 0.695909
v -0.398154 0.557162 0.671852
v -0.271160 0.880127 0.383424
v -0.264067 0.896239 0.424933
v -0.260277 0.904589 0.469079
v -0.259936 0.904855 0.514164
v -0.263056 0.897027 0.558458
v -0.269518 0.881406 0.600257
v -0.279074 0.858592 0.637954
v -0.291356 0.829462 0.670103
v -0.305892 0.795135 0.695466
v -0.322124 0.756931 0.713069
v -0.339427 0.716317 0.722237
v -0.357138 0.674855 0.722615
v -0.374575 0.634138 0.714191
v -0.391068 0.595730 0.697287
v -0.405984 0.561108 0.672554
v -0.279430 0.883059 0.382803
v -0.280289 0.901991 0.423715
v -0.283828 0.912939 0.467310
v -0.289910 0.915482 0.511913
v -0.298302 0.909523 0.555810
v -0.308682 0.895291 0.597315
v -0.320649 0.873332 0.634832
v -0.333746 0.844491 0.666919
v -0.347467 0.809875 0.692343
v -0.361287 0.770816 0.710128
v -0.374673 0.728813 0.719589
v -0.387112 0.685482 0.720364
v -0.398126 0.642487 0.712422
v -0.407290 0.601481 0.696069
v -0.414253 0.564040 0.671933
v -0.287822 0.884864 0.380882
v -0.296750 0.905532 0.419946
v -0.307726 0.918080 0.461839
v -0.320326 0.922026 0.504950
v -0.334068 0.917218 0.547623
v -0.348422 0.903841 0.588218
v -0.362838 0.882409 0.625174
v -0.376761 0.853746 0.657072
v -0.389656 0.818952 0.682686
v -0.401028 0.779366 0.701030
v -0.410439 0.736508 0.711402
v -0.417529 0.692026 0.713401
v -0.422024 0.647629 0.706951
v -0.423751 0.605023 0.692300
v -0.422645 0.565845 0.670012
v -0.296013 0.885474 0.377735
v -0.312818 0.906728 0.413773
v -0.331053 0.919817 0.452877
v -0.350016 0.924236 0.493544
v -0.368979 0.919817 0.534211
v -0.387214 0.906728 0.573315
v -0.404019 0.885474 0.609353
v -0.418748 0.856870 0.640941
v -0.430837 0.822017 0.666864
v -0.439819 0.782253 0.686127
v -0.445350 0.739107 0.697989
v -0.447218 0.694236 0.701995
v -0.445350 0.649365 0.697989
v -0.439819 0.606219 0.686127
v -0.430837 0.566455 0.666865
v -0.303689 0.884864 0.373483
v -0.327875 0.905532 0.405433
v -0.352912 0.918080 0.440768
v -0.377838 0.922026 0.478132
v -0.401694 0.917218 0.516088
v -0.423565 0.903841 0.553178
v -0.442609 0.882409 0.587976
v -0.458094 0.853745 0.619145
v -0.469427 0.818952 0.645488
v -0.476170 0.779366 0.665991
v -0.478066 0.736508 0.679867
v -0.475040 0.692026 0.686583
v -0.467210 0.647629 0.685881
v -0.454876 0.605023 0.677787
v -0.438513 0.565845 0.662612
v -0.310555 0.883059 0.368289
v -0.341343 0.901991 0.395245
v -0.372464 0.912939 0.425978
v -0.402723 0.915482 0.459308
v -0.430956 0.909523 0.493953
v -0.456078 0.895291 0.528583
v -0.477125 0.873332 0.561866
v -0.493287 0.844491 0.592523
v -0.503943 0.809875 0.619377
v -0.508684 0.770816 0.641395
v -0.507327 0.728813 0.657732
v -0.499925 0.685482 0.667758
v -0.486762 0.642487 0.671090
v -0.468344 0.601481 0.667599
v -0.445379 0.564040 0.657419
v -0.316347 0.880127 0.362353
v -0.352704 0.896239 0.383601
v -0.388957 0.904589 0.409074
v -0.423715 0.904855 0.437793
v -0.455640 0.897027 0.468655
v -0.483506 0.881406 0.500473
v -0.506241 0.858592 0.532024
v -0.522974 0.829462 0.562097
v -0.533060 0.795135 0.589536
v -0.536111 0.756931 0.613285
v -0.532011 0.716317 0.632433
v -0.520917 0.674855 0.646244
v -0.503255 0.634138 0.654186
v -0.479704 0.595730 0.655955
v -0.451170 0.561108 0.651483
v -0.320842 0.876181 0.355904
v -0.361521 0.888499 0.370950
v -0.401758 0.893352 0.390707
v -0.440007 0.890553 0.414416
v -0.474797 0.880210 0.441166
v -0.504792 0.862720 0.469929
v -0.528839 0.838755 0.499599
v -0.546014 0.809236 0.529037
v -0.555657 0.775298 0.557111
v -0.557397 0.738245 0.582742
v -0.551168 0.699500 0.604945
v -0.537209 0.660553 0.622867
v -0.516055 0.622901 0.635819
v -0.488522 0.587990 0.643305
v -0.455665 0.557162 0.645033
v -0.323867 0.871373 0.349188
v -0.367456 0.879068 0.357776
v -0.410373 0.879660 0.371582
v -0.450972 0.873127 0.390074
v -0.487691 0.859718 0.412543
v -0.519119 0.839951 0.438125
v -0.544049 0.814583 0.465836
v -0.561522 0.784591 0.494613
v -0.570867 0.751126 0.523348
v -0.571725 0.715475 0.550938
v -0.564063 0.679008 0.576322
v -0.548175 0.643127 0.598525
v -0.524671 0.609209 0.616694
v -0.494456 0.578559 0.630131
v -0.458690 0.552354 0.638318
v -0.325307 0.865888 0.342464
v -0.370280 0.868308 0.344587
v -0.414474 0.864039 0.352434
v -0.456191 0.853245 0.365704
v -0.493827 0.836339 0.383886
v -0.525938 0.813973 0.406283
v -0.551287 0.787006 0.432033
v -0.568902 0.756473 0.460147
v -0.578105 0.723549 0.489545
v -0.578543 0.689498 0.519096
v -0.570199 0.655630 0.547665
v -0.553393 0.623245 0.574154
v -0.528771 0.593588 0.597547
v -0.497280 0.567799 0.616941
v -0.460130 0.546868 0.631594
v -0.325106 0.859935 0.335990
v -0.369885 0.856633 0.331888
v -0.413901 0.847089 0.333999
v -0.455461 0.831671 0.342240
v -0.492970 0.810972 0.356296
v -0.524984 0.785787 0.375627
v -0.550275 0.757083 0.399489
v -0.567870 0.725964 0.426965
v -0.577093 0.693626 0.457000
v -0.577590 0.661312 0.488440
v -0.569341 0.630262 0.520075
v -0.552663 0.601671 0.550691
v -0.528198 0.576638 0.579112
v -0.496886 0.556123 0.604242
v -0.459929 0.540916 0.625121
v -0.558467 0.694236 0.396342
v -0.567870 0.662508 0.426965
v -0.568902 0.631998 0.460147
v -0.561522 0.603881 0.494613
v -0.546014 0.579236 0.529037
v -0.522974 0.559010 0.562097
v -0.493287 0.543981 0.592524
v -0.458094 0.534726 0.619147
v -0.541052 0.662508 0.369454
v -0.550791 0.631389 0.400594
v -0.552813 0.602685 0.435306
v -0.547043 0.577500 0.472256
v -0.533700 0.556801 0.510024
v -0.513299 0.541383 0.547159
v -0.486623 0.531839 0.582234
v -0.454697 0.528537 0.613900
v -0.516297 0.631998 0.347335
v -0.526511 0.601466 0.378900
v -0.529942 0.574498 0.414870
v -0.526459 0.552132 0.453865
v -0.516195 0.535227 0.494384
v -0.499545 0.524433 0.534870
v -0.477149 0.520164 0.573769
v -0.449868 0.522584 0.609586
v -0.485151 0.603881 0.330834
v -0.495963 0.573889 0.362716
v -0.501167 0.548521 0.399626
v -0.500562 0.528754 0.440145
v -0.494172 0.515345 0.482716
v -0.482242 0.508812 0.525703
v -0.465230 0.509404 0.567455
v -0.443791 0.517099 0.606367
v -0.448812 0.579236 0.320586
v -0.460322 0.549717 0.352665
v -0.467594 0.525752 0.390158
v -0.470347 0.508262 0.431624
v -0.468476 0.497919 0.475470
v -0.462053 0.495120 0.520010
v -0.451324 0.499973 0.563533
v -0.436702 0.512291 0.604366
v -0.408676 0.559010 0.316985
v -0.420958 0.529880 0.349134
v -0.430514 0.507066 0.386831
v -0.436976 0.491445 0.428630
v -0.440096 0.483617 0.472924
v -0.439755 0.483883 0.518009
v -0.435965 0.492233 0.562155
v -0.428872 0.508345 0.603665
v -0.366286 0.543981 0.320169
v -0.379383 0.515140 0.352256
v -0.391351 0.493181 0.389773
v -0.401730 0.478949 0.431278
v -0.410122 0.472990 0.475175
v -0.416204 0.475533 0.519778
v -0.419743 0.486481 0.563373
v -0.420602 0.505413 0.604285
v -0.323271 0.534727 0.330016
v -0.337194 0.506063 0.361914
v -0.351609 0.484631 0.398870
v -0.365964 0.471254 0.439465
v -0.379706 0.466446 0.482139
v -0.392306 0.470392 0.525249
v -0.403281 0.482940 0.567142
v -0.412210 0.503608 0.606206
v -0.281284 0.531602 0.346147
v -0.312818 0.481744 0.413773
v -0.350016 0.464236 0.493544
v -0.387214 0.481744 0.573315
v -0.404019 0.502998 0.609353
v -0.281284 0.531602 0.346147
v -0.241938 0.534726 0.367942
v -0.206745 0.543981 0.394565
v -0.177058 0.559010 0.424991
v -0.154018 0.579236 0.458051
v -0.138510 0.603881 0.492475
v -0.131130 0.631998 0.526941
v -0.132162 0.662508 0.560123
v -0.177058 0.829462 0.424991
v -0.154018 0.809236 0.458051
v -0.138510 0.784591 0.492475
v -0.131130 0.756474 0.526941
v -0.132162 0.725964 0.560123
v -0.141565 0.694236 0.590746
v -0.241938 0.853746 0.367942
v -0.206745 0.844491 0.394565
v -0.323271 0.853746 0.330016
v -0.366286 0.844491 0.320169
v -0.408676 0.829462 0.316985
v -0.448812 0.809236 0.320586
v -0.485151 0.784591 0.330834
v -0.516297 0.756474 0.347335
v -0.541052 0.725964 0.369454
v -0.558467 0.694236 0.396342
v -0.558467 0.694236 0.396342
v -0.541052 0.662508 0.369454
v -0.516297 0.631998 0.347335
v -0.485151 0.603881 0.330834
v -0.448812 0.579236 0.320586
v -0.408676 0.559010 0.316985
v -0.366286 0.543981 0.320169
v -0.323271 0.534727 0.330016
v 0.281252 0.856871 0.346147
v 0.295981 0.502998 0.377735
v 0.331021 0.468655 0.452877
v 0.368947 0.468655 0.534212
v 0.418716 0.531601 0.640941
v 0.323239 0.534726 0.330016
v 0.337162 0.506063 0.361914
v 0.351578 0.484631 0.398870
v 0.365932 0.471254 0.439465
v 0.379674 0.466446 0.482139
v 0.392274 0.470392 0.525249
v 0.403249 0.482940 0.567142
v 0.412178 0.503608 0.606206
v 0.366254 0.543981 0.320169
v 0.379351 0.515140 0.352256
v 0.391319 0.493181 0.389773
v 0.401698 0.478949 0.431278
v 0.410090 0.472990 0.475175
v 0.416172 0.475533 0.519778
v 0.419711 0.486481 0.563373
v 0.420570 0.505413 0.604285
v 0.408644 0.559010 0.316985
v 0.420926 0.529880 0.349133
v 0.430482 0.507066 0.386831
v 0.436944 0.491445 0.428630
v 0.440064 0.483617 0.472923
v 0.439723 0.483883 0.518009
v 0.435933 0.492233 0.562155
v 0.428840 0.508345 0.603665
v 0.448780 0.579236 0.320586
v 0.460291 0.549717 0.352665
v 0.467562 0.525752 0.390158
v 0.470315 0.508262 0.431624
v 0.468444 0.497919 0.475470
v 0.462021 0.495120 0.520010
v 0.451292 0.499973 0.563533
v 0.436670 0.512291 0.604366
v 0.485119 0.603881 0.330834
v 0.495931 0.573889 0.362716
v 0.501135 0.548521 0.399626
v 0.500530 0.528754 0.440145
v 0.494140 0.515345 0.482716
v 0.482210 0.508812 0.525703
v 0.465198 0.509404 0.567455
v 0.443759 0.517099 0.606367
v 0.516265 0.631998 0.347335
v 0.526479 0.601466 0.378900
v 0.529910 0.574498 0.414870
v 0.526427 0.552132 0.453865
v 0.516163 0.535227 0.494384
v 0.499513 0.524433 0.534870
v 0.477117 0.520164 0.573769
v 0.449836 0.522584 0.609586
v 0.541020 0.662508 0.369454
v 0.550759 0.631389 0.400594
v 0.552781 0.602685 0.435306
v 0.547011 0.577500 0.472256
v 0.533668 0.556801 0.510024
v 0.513267 0.541383 0.547159
v 0.486591 0.531839 0.582234
v 0.454665 0.528537 0.613900
v 0.323239 0.853746 0.330016
v 0.366254 0.844491 0.320169
v 0.408644 0.829462 0.316985
v 0.448780 0.809236 0.320586
v 0.485119 0.784591 0.330834
v 0.516265 0.756474 0.347334
v 0.541020 0.725964 0.369454
v 0.558435 0.694236 0.396342
v 0.567838 0.662508 0.426965
v 0.568870 0.631998 0.460147
v 0.561490 0.603881 0.494613
v 0.545982 0.579236 0.529037
v 0.522942 0.559010 0.562097
v 0.493255 0.543981 0.592524
v 0.458062 0.534726 0.619147
v 0.325074 0.859935 0.335990
v 0.369853 0.856633 0.331888
v 0.413869 0.847089 0.333999
v 0.455429 0.831671 0.342240
v 0.492938 0.810972 0.356296
v 0.524953 0.785787 0.375627
v 0.550243 0.757083 0.399489
v 0.567838 0.725964 0.426965
v 0.577061 0.693626 0.457000
v 0.577558 0.661312 0.488440
v 0.569309 0.630262 0.520075
v 0.552632 0.601671 0.550691
v 0.528166 0.576638 0.579112
v 0.496854 0.556123 0.604242
v 0.459897 0.540916 0.625121
v 0.325275 0.865888 0.342464
v 0.370248 0.868308 0.344587
v 0.414442 0.864039 0.352434
v 0.456159 0.853245 0.365704
v 0.493796 0.836340 0.383886
v 0.525906 0.813974 0.406283
v 0.551255 0.787006 0.432033
v 0.568870 0.756474 0.460147
v 0.578073 0.723549 0.489545
v 0.578511 0.689498 0.519096
v 0.570167 0.655630 0.547665
v 0.553361 0.623245 0.574154
v 0.528739 0.593588 0.597547
v 0.497248 0.567799 0.616941
v 0.460098 0.546868 0.631594
v 0.323835 0.871373 0.349188
v 0.367424 0.879068 0.357776
v 0.410342 0.879660 0.371582
v 0.450940 0.873127 0.390074
v 0.487659 0.859718 0.412543
v 0.519088 0.839951 0.438125
v 0.544017 0.814583 0.465836
v 0.561490 0.784591 0.494613
v 0.570835 0.751126 0.523348
v 0.571693 0.715475 0.550938
v 0.564030 0.679008 0.576322
v 0.548143 0.643127 0.598525
v 0.524639 0.609209 0.616694
v 0.494424 0.578559 0.630131
v 0.458658 0.552354 0.638318
v 0.320810 0.876181 0.355904
v 0.361489 0.888499 0.370950
v 0.401726 0.893352 0.390707
v 0.439975 0.890553 0.414416
v 0.474765 0.880210 0.441166
v 0.504760 0.862720 0.469929
v 0.528807 0.838755 0.499599
v 0.545982 0.809236 0.529037
v 0.555625 0.775298 0.557111
v 0.557365 0.738245 0.582742
v 0.551136 0.699500 0.604945
v 0.537177 0.660553 0.622867
v 0.516023 0.622901 0.635819
v 0.488490 0.587990 0.643305
v 0.455633 0.557162 0.645033
v 0.316315 0.880127 0.362353
v 0.352672 0.896239 0.383601
v 0.388925 0.904589 0.409074
v 0.423683 0.904855 0.437793
v 0.455608 0.897027 0.468655
v 0.483474 0.881406 0.500473
v 0.506210 0.858592 0.532024
v 0.522942 0.829462 0.562097
v 0.533027 0.795135 0.589536
v 0.536079 0.756931 0.613285
v 0.531979 0.716317 0.632433
v 0.520885 0.674855 0.646244
v 0.503223 0.634138 0.654186
v 0.479672 0.595730 0.655955
v 0.451138 0.561108 0.651483
v 0.310523 0.883059 0.368289
v 0.341311 0.901991 0.395245
v 0.372432 0.912939 0.425978
v 0.402691 0.915482 0.459308
v 0.430924 0.909523 0.493953
v 0.456046 0.895291 0.528583
v 0.477093 0.873332 0.561866
v 0.493255 0.844491 0.592523
v 0.503911 0.809875 0.619377
v 0.508652 0.770816 0.641395
v 0.507295 0.728813 0.657732
v 0.499893 0.685482 0.667758
v 0.486730 0.642487 0.671090
v 0.468312 0.601481 0.667599
v 0.445347 0.564040 0.657419
v 0.303657 0.884864 0.373483
v 0.327843 0.905532 0.405433
v 0.352880 0.918080 0.440768
v 0.377806 0.922026 0.478132
v 0.401662 0.917218 0.516089
v 0.423533 0.903841 0.553178
v 0.442577 0.882409 0.587976
v 0.458062 0.853746 0.619146
v 0.469395 0.818952 0.645488
v 0.476138 0.779366 0.665991
v 0.478034 0.736508 0.679867
v 0.475008 0.692026 0.686583
v 0.467178 0.647629 0.685881
v 0.454844 0.605023 0.677787
v 0.438481 0.565845 0.662612
v 0.295981 0.885474 0.377735
v 0.312786 0.906728 0.413773
v 0.331021 0.919817 0.452877
v 0.349984 0.924236 0.493544
v 0.368947 0.919817 0.534211
v 0.387182 0.906728 0.573315
v 0.403987 0.885474 0.609353
v 0.418716 0.856870 0.640941
v 0.430805 0.822017 0.666864
v 0.439787 0.782253 0.686127
v 0.445318 0.739107 0.697989
v 0.447186 0.694236 0.701995
v 0.445318 0.649365 0.697989
v 0.439787 0.606219 0.686127
v 0.430805 0.566455 0.666865
v 0.287790 0.884864 0.380882
v 0.296718 0.905532 0.419946
v 0.307694 0.918080 0.461839
v 0.320294 0.922026 0.504950
v 0.334036 0.917218 0.547623
v 0.348390 0.903841 0.588218
v 0.362806 0.882409 0.625174
v 0.376729 0.853745 0.657072
v 0.389624 0.818952 0.682686
v 0.400996 0.779366 0.701030
v 0.410407 0.736508 0.711402
v 0.417497 0.692026 0.713401
v 0.421992 0.647629 0.706951
v 0.423719 0.605023 0.692300
v 0.422613 0.565845 0.670012
v 0.279398 0.883059 0.382803
v 0.280257 0.901991 0.423715
v 0.283796 0.912939 0.467310
v 0.289878 0.915482 0.511913
v 0.298270 0.909523 0.555810
v 0.308650 0.895291 0.597315
v 0.320617 0.873332 0.634832
v 0.333714 0.844491 0.666919
v 0.347435 0.809875 0.692343
v 0.361255 0.770816 0.710128
v 0.374641 0.728813 0.719589
v 0.387080 0.685482 0.720364
v 0.398093 0.642487 0.712422
v 0.407258 0.601481 0.696069
v 0.414221 0.564040 0.671933
v 0.271128 0.880127 0.383424
v 0.264035 0.896239 0.424933
v 0.260245 0.904589 0.469079
v 0.259904 0.904855 0.514164
v 0.263024 0.897027 0.558458
v 0.269486 0.881406 0.600257
v 0.279042 0.858592 0.637954
v 0.291324 0.829462 0.670103
v 0.305860 0.795135 0.695466
v 0.322092 0.756931 0.713069
v 0.339395 0.716317 0.722237
v 0.357106 0.674855 0.722615
v 0.374543 0.634138 0.714191
v 0.391036 0.595730 0.697287
v 0.405952 0.561108 0.672554
v 0.263298 0.876181 0.382722
v 0.248676 0.888499 0.423555
v 0.237947 0.893352 0.467078
v 0.231524 0.890553 0.511618
v 0.229653 0.880210 0.555464
v 0.232406 0.862720 0.596930
v 0.239677 0.838755 0.634423
v 0.251188 0.809236 0.666502
v 0.266495 0.775298 0.691934
v 0.285011 0.738245 0.709742
v 0.306024 0.699500 0.719242
v 0.328726 0.660553 0.720069
v 0.352245 0.622901 0.712190
v 0.375677 0.587990 0.695909
v 0.398122 0.557162 0.671852
v 0.256209 0.871373 0.380722
v 0.234770 0.879068 0.419633
v 0.217758 0.879660 0.461385
v 0.205828 0.873127 0.504372
v 0.199438 0.859718 0.546943
v 0.198833 0.839951 0.587462
v 0.204037 0.814583 0.624372
v 0.214849 0.784591 0.656254
v 0.230855 0.751126 0.681883
v 0.251438 0.715475 0.700275
v 0.275809 0.679008 0.710722
v 0.303030 0.643127 0.712823
v 0.332056 0.609209 0.706497
v 0.361771 0.578559 0.691988
v 0.391032 0.552354 0.669852
v 0.250133 0.865888 0.377503
v 0.222851 0.868308 0.413319
v 0.200454 0.864039 0.452217
v 0.183805 0.853245 0.492704
v 0.173541 0.836339 0.533223
v 0.170058 0.813973 0.572218
v 0.173489 0.787006 0.608188
v 0.183703 0.756473 0.639753
v 0.200307 0.723549 0.665700
v 0.222663 0.689498 0.685030
v 0.249912 0.655630 0.697002
v 0.281007 0.623245 0.701155
v 0.314752 0.593588 0.697330
v 0.349852 0.567799 0.685673
v 0.384956 0.546868 0.666633
v 0.245303 0.859935 0.373188
v 0.213377 0.856633 0.404854
v 0.186701 0.847089 0.439929
v 0.166300 0.831671 0.477064
v 0.152957 0.810972 0.514832
v 0.147187 0.785787 0.551782
v 0.149209 0.757083 0.586494
v 0.158948 0.725964 0.617634
v 0.176027 0.693626 0.644006
v 0.199792 0.661312 0.664595
v 0.229329 0.630262 0.678611
v 0.263502 0.601671 0.685514
v 0.300999 0.576638 0.685041
v 0.340378 0.556123 0.677208
v 0.380126 0.540916 0.662319
v 0.141533 0.694236 0.590746
v 0.158948 0.662508 0.617634
v 0.183703 0.631998 0.639753
v 0.214849 0.603881 0.656254
v 0.251188 0.579236 0.666502
v 0.291324 0.559010 0.670103
v 0.333714 0.543981 0.666920
v 0.376729 0.534726 0.657072
v 0.132130 0.662508 0.560123
v 0.149725 0.631389 0.587599
v 0.175015 0.602685 0.611462
v 0.207030 0.577500 0.630792
v 0.244539 0.556801 0.644849
v 0.286099 0.541383 0.653090
v 0.330115 0.531839 0.655200
v 0.374894 0.528537 0.651098
v 0.131098 0.631998 0.526941
v 0.148713 0.601466 0.555055
v 0.174062 0.574498 0.580805
v 0.206172 0.552132 0.603203
v 0.243809 0.535227 0.621384
v 0.285526 0.524433 0.634655
v 0.329720 0.520164 0.642501
v 0.374693 0.522584 0.644624
v 0.138478 0.603881 0.492475
v 0.155951 0.573889 0.521252
v 0.180881 0.548521 0.548963
v 0.212309 0.528754 0.574545
v 0.249028 0.515345 0.597014
v 0.289626 0.508812 0.615506
v 0.332545 0.509404 0.629313
v 0.376133 0.517099 0.637900
v 0.153986 0.579236 0.458051
v 0.171161 0.549717 0.487489
v 0.195208 0.525752 0.517160
v 0.225203 0.508262 0.545923
v 0.259994 0.497919 0.572672
v 0.298242 0.495120 0.596381
v 0.338479 0.499973 0.616139
v 0.379158 0.512291 0.631185
v 0.177026 0.559010 0.424991
v 0.193758 0.529880 0.455063
v 0.216495 0.507066 0.486615
v 0.244360 0.491445 0.518433
v 0.276285 0.483617 0.549295
v 0.311043 0.483883 0.578014
v 0.347296 0.492233 0.603487
v 0.383653 0.508345 0.624735
v 0.206713 0.543981 0.394565
v 0.222875 0.515140 0.425222
v 0.243921 0.493181 0.458505
v 0.269044 0.478949 0.493135
v 0.297277 0.472990 0.527780
v 0.327536 0.475533 0.561110
v 0.358657 0.486481 0.591843
v 0.389445 0.505413 0.618799
v 0.241906 0.534727 0.367942
v 0.257391 0.506063 0.399112
v 0.276435 0.484631 0.433910
v 0.298306 0.471254 0.471000
v 0.322162 0.466446 0.508956
v 0.347088 0.470392 0.546320
v 0.372125 0.482940 0.581655
v 0.396311 0.503608 0.613605
v 0.281252 0.531602 0.346147
v 0.312786 0.481744 0.413773
v 0.349984 0.464236 0.493544
v 0.387182 0.481744 0.573315
v 0.403987 0.502998 0.609353
v 0.281252 0.531602 0.346147
v 0.323239 0.534726 0.330016
v 0.366254 0.543981 0.320169
v 0.408644 0.559010 0.316985
v 0.448780 0.579236 0.320586
v 0.485119 0.603881 0.330834
v 0.516265 0.631998 0.347335
v 0.541020 0.662508 0.369454
v 0.323239 0.853746 0.330016
v 0.366254 0.844491 0.320169
v 0.408644 0.829462 0.316985
v 0.448780 0.809236 0.320586
v 0.485119 0.784591 0.330834
v 0.516265 0.756474 0.347334
v 0.541020 0.725964 0.369454
v 0.558435 0.694236 0.396342
v 0.131098 0.756474 0.526941
v 0.132130 0.725964 0.560123
v 0.141533 0.694236 0.590746
v 0.141533 0.694236 0.590746
v 0.241906 0.853746 0.367942
v 0.206713 0.844491 0.394565
v 0.177026 0.829462 0.424991
v 0.153986 0.809236 0.458051
v 0.138478 0.784591 0.492475
v 0.132130 0.662508 0.560123
v 0.131098 0.631998 0.526941
v 0.138478 0.603881 0.492475
v 0.153986 0.579236 0.458051
v 0.177026 0.559010 0.424991
v 0.206713 0.543981 0.394565
v 0.241906 0.534727 0.367942
vn -0.0000 -0.3805 -0.9248
vn -0.0000 -0.1939 -0.9810
vn 0.1914 -0.1939 -0.9622
vn 0.1804 -0.3805 -0.9070
vn -0.0000 0.8286 -0.5598
vn -0.0000 0.9217 -0.3879
vn 0.0757 0.9217 -0.3804
vn 0.1092 0.8286 -0.5490
vn -0.0000 -0.5528 -0.8333
vn 0.1626 -0.5528 -0.8173
vn -0.0000 0.7041 -0.7101
vn 0.1385 0.7041 -0.6965
vn -0.0000 -0.7041 -0.7101
vn 0.1385 -0.7041 -0.6965
vn -0.0000 0.5528 -0.8333
vn 0.1626 0.5528 -0.8173
vn -0.0000 -0.8286 -0.5598
vn 0.1092 -0.8286 -0.5490
vn -0.0000 0.3805 -0.9248
vn 0.1804 0.3805 -0.9070
vn -0.0000 -0.9217 -0.3879
vn 0.0757 -0.9217 -0.3804
vn -0.0000 0.1939 -0.9810
vn 0.1914 0.1939 -0.9622
vn -0.0000 -0.9796 -0.2010
vn 0.0392 -0.9796 -0.1971
vn -0.0000 -0.0000 -1.0000
vn 0.1951 -0.0000 -0.9808
vn -0.0000 0.9796 -0.2010
vn -0.0000 1.0000 -0.0000
vn 0.0392 0.9796 -0.1971
vn -0.0000 -1.0000 -0.0000
vn 0.3827 -0.0000 -0.9239
vn 0.3754 -0.1939 -0.9063
vn 0.0769 0.9796 -0.1857
vn 0.1484 0.9217 -0.3584
vn 0.3539 -0.3805 -0.8544
vn 0.2142 0.8286 -0.5172
vn 0.3189 -0.5528 -0.7699
vn 0.2718 0.7041 -0.6561
vn 0.2718 -0.7041 -0.6561
vn 0.3189 0.5528 -0.7699
vn 0.2142 -0.8286 -0.5172
vn 0.3539 0.3805 -0.8544
vn 0.1484 -0.9217 -0.3584
vn 0.3754 0.1939 -0.9063
vn 0.0769 -0.9796 -0.1857
vn 0.3945 -0.7041 -0.5905
vn 0.3110 -0.8286 -0.4654
vn 0.4630 0.5528 -0.6929
vn 0.5138 0.3805 -0.7689
vn 0.2155 -0.9217 -0.3225
vn 0.5450 0.1939 -0.8157
vn 0.1116 -0.9796 -0.1671
vn 0.5556 -0.0000 -0.8315
vn 0.1116 0.9796 -0.1671
vn 0.5450 -0.1939 -0.8157
vn 0.2155 0.9217 -0.3225
vn 0.5138 -0.3805 -0.7689
vn 0.3110 0.8286 -0.4654
vn 0.4630 -0.5528 -0.6929
vn 0.3945 0.7041 -0.5905
vn 0.1421 0.9796 -0.1421
vn 0.2743 0.9217 -0.2743
vn 0.6937 -0.1939 -0.6937
vn 0.6539 -0.3805 -0.6539
vn 0.3958 0.8286 -0.3958
vn 0.5893 -0.5528 -0.5893
vn 0.5021 0.7041 -0.5021
vn 0.5021 -0.7041 -0.5021
vn 0.5893 0.5528 -0.5893
vn 0.3958 -0.8286 -0.3958
vn 0.6539 0.3805 -0.6539
vn 0.2743 -0.9217 -0.2743
vn 0.6937 0.1939 -0.6937
vn 0.1421 -0.9796 -0.1421
vn 0.7071 -0.0000 -0.7071
vn 0.6929 0.5528 -0.4630
vn 0.7689 0.3805 -0.5138
vn 0.4654 -0.8286 -0.3110
vn 0.3225 -0.9217 -0.2155
vn 0.8157 0.1939 -0.5450
vn 0.1671 -0.9796 -0.1116
vn 0.8315 -0.0000 -0.5556
vn 0.1671 0.9796 -0.1116
vn 0.8157 -0.1939 -0.5450
vn 0.3225 0.9217 -0.2155
vn 0.7689 -0.3805 -0.5138
vn 0.4654 0.8286 -0.3110
vn 0.6929 -0.5528 -0.4630
vn 0.5905 0.7041 -0.3945
vn 0.5905 -0.7041 -0.3945
vn 0.9063 -0.1939 -0.3754
vn 0.8544 -0.3805 -0.3539
vn 0.3584 0.9217 -0.1484
vn 0.5172 0.8286 -0.2142
vn 0.7699 -0.5528 -0.3189
vn 0.6561 0.7041 -0.2718
vn 0.6561 -0.7041 -0.2718
vn 0.7699 0.5528 -0.3189
vn 0.5172 -0.8286 -0.2142
vn 0.8544 0.3805 -0.3539
vn 0.3584 -0.9217 -0.1484
vn 0.9063 0.1939 -0.3754
vn 0.1857 -0.9796 -0.0769
vn 0.9239 -0.0000 -0.3827
vn 0.1857 0.9796 -0.0769
vn 0.5490 -0.8286 -0.1092
vn 0.3804 -0.9217 -0.0757
vn 0.9070 0.3805 -0.1804
vn 0.9622 0.1939 -0.1914
vn 0.1971 -0.9796 -0.0392
vn 0.9808 -0.0000 -0.1951
vn 0.1971 0.9796 -0.0392
vn 0.9622 -0.1939 -0.1914
vn 0.3804 0.9217 -0.0757
vn 0.9070 -0.3805 -0.1804
vn 0.5490 0.8286 -0.1092
vn 0.8173 -0.5528 -0.1626
vn 0.6965 0.7041 -0.1385
vn 0.6965 -0.7041 -0.1385
vn 0.8173 0.5528 -0.1626
vn 0.9248 -0.3805 -0.0000
vn 0.8333 -0.5528 -0.0000
vn 0.5598 0.8286 -0.0000
vn 0.7101 0.7041 -0.0000
vn 0.7101 -0.7041 -0.0000
vn 0.8333 0.5528 -0.0000
vn 0.5598 -0.8286 -0.0000
vn 0.9248 0.3805 -0.0000
vn 0.3879 -0.9217 -0.0000
vn 0.9810 0.1939 -0.0000
vn 0.2010 -0.9796 -0.0000
vn 0.9947 0.0980 -0.0318
vn 0.9952 -0.0000 -0.0980
vn 0.2010 0.9796 -0.0000
vn 0.9810 -0.1939 -0.0000
vn 0.9947 -0.0980 -0.0318
vn 0.3879 0.9217 -0.0000
vn 0.3804 -0.9217 0.0757
vn 0.1971 -0.9796 0.0392
vn 0.9622 0.1939 0.1914
vn 0.9816 0.0980 0.1638
vn 0.1971 0.9796 0.0392
vn 0.9622 -0.1939 0.1914
vn 0.9816 -0.0980 0.1638
vn 0.3804 0.9217 0.0757
vn 0.9070 -0.3805 0.1804
vn 0.5490 0.8286 0.1092
vn 0.8173 -0.5528 0.1626
vn 0.6965 0.7041 0.1385
vn 0.6965 -0.7041 0.1385
vn 0.8173 0.5528 0.1626
vn 0.5490 -0.8286 0.1092
vn 0.9070 0.3805 0.1804
vn 0.5172 0.8286 0.2142
vn 0.6561 0.7041 0.2718
vn 0.7699 -0.5528 0.3189
vn 0.6561 -0.7041 0.2718
vn 0.7699 0.5528 0.3189
vn 0.5172 -0.8286 0.2142
vn 0.8544 0.3805 0.3539
vn 0.3584 -0.9217 0.1484
vn 0.8945 0.2902 0.3402
vn 0.9240 0.2601 0.2803
vn 0.1857 -0.9796 0.0769
vn 0.1857 0.9796 0.0769
vn 0.9240 -0.2601 0.2803
vn 0.3584 0.9217 0.1484
vn 0.8544 -0.3805 0.3539
vn 0.8945 -0.2902 0.3402
vn 0.1671 0.9796 0.1116
vn 0.1671 -0.9796 0.1116
vn 0.3225 0.9217 0.2155
vn 0.7689 -0.3805 0.5138
vn 0.8092 -0.2902 0.5109
vn 0.4654 0.8286 0.3110
vn 0.6929 -0.5528 0.4630
vn 0.5905 0.7041 0.3945
vn 0.5905 -0.7041 0.3945
vn 0.6929 0.5528 0.4630
vn 0.4654 -0.8286 0.3110
vn 0.7689 0.3805 0.5138
vn 0.3225 -0.9217 0.2155
vn 0.8092 0.2902 0.5109
vn 0.5893 -0.5528 0.5893
vn 0.5021 -0.7041 0.5021
vn 0.5021 0.7041 0.5021
vn 0.5893 0.5528 0.5893
vn 0.3958 -0.8286 0.3958
vn 0.6373 0.4713 0.6097
vn 0.6909 0.4484 0.5670
vn 0.2743 -0.9217 0.2743
vn 0.1421 -0.9796 0.1421
vn 0.1421 0.9796 0.1421
vn 0.2743 0.9217 0.2743
vn 0.6909 -0.4484 0.5670
vn 0.3958 0.8286 0.3958
vn 0.6373 -0.4713 0.6097
vn 0.1116 0.9796 0.1671
vn 0.1116 -0.9796 0.1671
vn 0.2155 0.9217 0.3225
vn 0.3110 0.8286 0.4654
vn 0.5025 -0.4713 0.7248
vn 0.4630 -0.5528 0.6929
vn 0.3945 0.7041 0.5905
vn 0.3945 -0.7041 0.5905
vn 0.4630 0.5528 0.6929
vn 0.3110 -0.8286 0.4654
vn 0.5025 0.4713 0.7248
vn 0.2155 -0.9217 0.3225
vn 0.2718 0.7041 0.6561
vn 0.3189 0.5528 0.7699
vn 0.2718 -0.7041 0.6561
vn 0.2142 -0.8286 0.5172
vn 0.3470 0.4714 0.8108
vn 0.1484 -0.9217 0.3584
vn 0.0769 -0.9796 0.1857
vn 0.0769 0.9796 0.1857
vn 0.1484 0.9217 0.3584
vn 0.2142 0.8286 0.5172
vn 0.3470 -0.4714 0.8108
vn 0.3189 -0.5528 0.7699
vn 0.0392 0.9796 0.1971
vn 0.0757 0.9217 0.3804
vn 0.1092 0.8286 0.5490
vn 0.1772 -0.4714 0.8639
vn 0.1626 -0.5528 0.8173
vn 0.1385 0.7041 0.6965
vn 0.1385 -0.7041 0.6965
vn 0.1626 0.5528 0.8173
vn 0.1092 -0.8286 0.5490
vn 0.1772 0.4714 0.8639
vn 0.0757 -0.9217 0.3804
vn 0.0392 -0.9796 0.1971
vn -0.0000 -0.7041 0.7101
vn -0.0000 -0.8286 0.5598
vn -0.0000 0.5528 0.8333
vn -0.0000 0.4714 0.8819
vn -0.0000 -0.9217 0.3879
vn -0.0000 -0.9796 0.2010
vn -0.0000 0.9796 0.2010
vn -0.0000 0.9217 0.3879
vn -0.0000 0.8286 0.5598
vn -0.0000 -0.4714 0.8819
vn -0.0000 -0.5528 0.8333
vn -0.0000 0.7041 0.7101
vn -0.0757 0.9217 0.3804
vn -0.1092 0.8286 0.5490
vn -0.1626 -0.5528 0.8173
vn -0.1772 -0.4714 0.8639
vn -0.1385 0.7041 0.6965
vn -0.1385 -0.7041 0.6965
vn -0.1626 0.5528 0.8173
vn -0.1092 -0.8286 0.5490
vn -0.1772 0.4714 0.8639
vn -0.0757 -0.9217 0.3804
vn -0.0392 -0.9796 0.1971
vn -0.0392 0.9796 0.1971
vn -0.2142 -0.8286 0.5172
vn -0.1484 -0.9217 0.3584
vn -0.0769 -0.9796 0.1857
vn -0.0769 0.9796 0.1857
vn -0.1484 0.9217 0.3584
vn -0.2142 0.8286 0.5172
vn -0.3189 -0.5528 0.7699
vn -0.3470 -0.4714 0.8108
vn -0.2718 0.7041 0.6561
vn -0.2718 -0.7041 0.6561
vn -0.3189 0.5528 0.7699
vn -0.3470 0.4714 0.8108
vn -0.2155 0.9217 0.3225
vn -0.3110 0.8286 0.4654
vn -0.4630 -0.5528 0.6929
vn -0.5025 -0.4713 0.7248
vn -0.3945 0.7041 0.5905
vn -0.3945 -0.7041 0.5905
vn -0.4630 0.5528 0.6929
vn -0.3110 -0.8286 0.4654
vn -0.5025 0.4713 0.7248
vn -0.2155 -0.9217 0.3225
vn -0.1117 -0.9796 0.1671
vn -0.1117 0.9796 0.1671
vn -0.2743 -0.9217 0.2743
vn -0.1421 -0.9796 0.1421
vn -0.1421 0.9796 0.1421
vn -0.2743 0.9217 0.2743
vn -0.3958 0.8286 0.3958
vn -0.5893 -0.5528 0.5893
vn -0.6373 -0.4713 0.6097
vn -0.5021 0.7041 0.5021
vn -0.5021 -0.7041 0.5021
vn -0.5893 0.5528 0.5893
vn -0.3958 -0.8286 0.3958
vn -0.6373 0.4713 0.6097
vn -0.7689 -0.3805 0.5138
vn -0.6929 -0.5528 0.4630
vn -0.6909 -0.4484 0.5670
vn -0.4654 0.8286 0.3110
vn -0.5905 0.7041 0.3945
vn -0.5905 -0.7041 0.3945
vn -0.6929 0.5528 0.4630
vn -0.4654 -0.8286 0.3110
vn -0.7689 0.3805 0.5138
vn -0.6909 0.4484 0.5670
vn -0.3225 -0.9217 0.2155
vn -0.8092 0.2902 0.5109
vn -0.1671 -0.9796 0.1116
vn -0.1671 0.9796 0.1117
vn -0.3225 0.9217 0.2155
vn -0.8092 -0.2902 0.5109
vn -0.3584 -0.9217 0.1484
vn -0.1857 -0.9796 0.0769
vn -0.1857 0.9796 0.0769
vn -0.3584 0.9217 0.1484
vn -0.8544 -0.3805 0.3539
vn -0.8945 -0.2902 0.3402
vn -0.5172 0.8286 0.2142
vn -0.7699 -0.5528 0.3189
vn -0.6561 0.7041 0.2718
vn -0.6561 -0.7041 0.2718
vn -0.7699 0.5528 0.3189
vn -0.5172 -0.8286 0.2142
vn -0.8544 0.3805 0.3539
vn -0.8945 0.2902 0.3402
vn -0.5490 0.8286 0.1092
vn -0.6965 0.7041 0.1385
vn -0.8173 -0.5528 0.1626
vn -0.6965 -0.7041 0.1385
vn -0.8173 0.5528 0.1626
vn -0.5490 -0.8286 0.1092
vn -0.9070 0.3805 0.1804
vn -0.3804 -0.9217 0.0757
vn -0.9622 0.1939 0.1914
vn -0.9240 0.2601 0.2803
vn -0.1971 -0.9796 0.0392
vn -0.9816 0.0980 0.1638
vn -0.1971 0.9796 0.0392
vn -0.9622 -0.1939 0.1914
vn -0.9240 -0.2601 0.2803
vn -0.9816 -0.0980 0.1638
vn -0.3804 0.9217 0.0757
vn -0.9070 -0.3805 0.1804
vn -0.9810 0.1939 -0.0000
vn -0.9947 0.0980 -0.0318
vn -0.2010 0.9796 -0.0000
vn -0.2010 -0.9796 -0.0000
vn -0.9810 -0.1939 -0.0000
vn -0.9947 -0.0980 -0.0318
vn -0.3879 0.9217 -0.0000
vn -0.9248 -0.3805 -0.0000
vn -0.5598 0.8286 -0.0000
vn -0.8333 -0.5528 -0.0000
vn -0.7101 0.7041 -0.0000
vn -0.7101 -0.7041 -0.0000
vn -0.8333 0.5528 -0.0000
vn -0.5598 -0.8286 -0.0000
vn -0.9248 0.3805 -0.0000
vn -0.3879 -0.9217 -0.0000
vn -0.8173 -0.5528 -0.1626
vn -0.6965 -0.7041 -0.1385
vn -0.6965 0.7041 -0.1385
vn -0.8173 0.5528 -0.1626
vn -0.5490 -0.8286 -0.1092
vn -0.9070 0.3805 -0.1804
vn -0.3804 -0.9217 -0.0757
vn -0.9622 0.1939 -0.1914
vn -0.1971 -0.9796 -0.0392
vn -0.9808 -0.0000 -0.1951
vn -0.9952 -0.0000 -0.0980
vn -0.1971 0.9796 -0.0392
vn -0.9622 -0.1939 -0.1914
vn -0.3804 0.9217 -0.0757
vn -0.9070 -0.3805 -0.1804
vn -0.5490 0.8286 -0.1092
vn -0.1857 -0.9796 -0.0769
vn -0.9239 -0.0000 -0.3827
vn -0.9063 -0.1939 -0.3754
vn -0.1857 0.9796 -0.0769
vn -0.3584 0.9217 -0.1484
vn -0.8544 -0.3805 -0.3539
vn -0.5172 0.8286 -0.2142
vn -0.7699 -0.5528 -0.3189
vn -0.6561 0.7041 -0.2718
vn -0.6561 -0.7041 -0.2718
vn -0.7699 0.5528 -0.3189
vn -0.5172 -0.8286 -0.2142
vn -0.8544 0.3805 -0.3539
vn -0.3584 -0.9217 -0.1484
vn -0.9063 0.1939 -0.3754
vn -0.5905 -0.7041 -0.3945
vn -0.4654 -0.8286 -0.3110
vn -0.6929 0.5528 -0.4630
vn -0.7689 0.3805 -0.5138
vn -0.3225 -0.9217 -0.2155
vn -0.8157 0.1939 -0.5450
vn -0.1671 -0.9796 -0.1117
vn -0.8315 -0.0000 -0.5556
vn -0.1671 0.9796 -0.1117
vn -0.8157 -0.1939 -0.5450
vn -0.3225 0.9217 -0.2155
vn -0.7689 -0.3805 -0.5138
vn -0.4654 0.8286 -0.3110
vn -0.6929 -0.5528 -0.4630
vn -0.5905 0.7041 -0.3945
vn -0.1421 0.9796 -0.1421
vn -0.2743 0.9217 -0.2743
vn -0.6937 -0.1939 -0.6937
vn -0.6539 -0.3805 -0.6539
vn -0.3958 0.8286 -0.3958
vn -0.5893 -0.5528 -0.5893
vn -0.5021 0.7041 -0.5021
vn -0.5021 -0.7041 -0.5021
vn -0.5893 0.5528 -0.5893
vn -0.3958 -0.8286 -0.3958
vn -0.6539 0.3805 -0.6539
vn -0.2743 -0.9217 -0.2743
vn -0.6937 0.1939 -0.6937
vn -0.1421 -0.9796 -0.1421
vn -0.7071 -0.0000 -0.7071
vn -0.4630 0.5528 -0.6929
vn -0.5138 0.3805 -0.7689
vn -0.3110 -0.8286 -0.4654
vn -0.2155 -0.9217 -0.3225
vn -0.5450 0.1939 -0.8157
vn -0.1117 -0.9796 -0.1671
vn -0.5556 -0.0000 -0.8315
vn -0.1117 0.9796 -0.1671
vn -0.5450 -0.1939 -0.8157
vn -0.2155 0.9217 -0.3225
vn -0.5138 -0.3805 -0.7689
vn -0.3110 0.8286 -0.4654
vn -0.4630 -0.5528 -0.6929
vn -0.3945 0.7041 -0.5905
vn -0.3945 -0.7041 -0.5905
vn -0.3754 -0.1939 -0.9063
vn -0.3539 -0.3805 -0.8544
vn -0.1484 0.9217 -0.3584
vn -0.2142 0.8286 -0.5172
vn -0.3189 -0.5528 -0.7699
vn -0.2718 0.7041 -0.6561
vn -0.2718 -0.7041 -0.6561
vn -0.3189 0.5528 -0.7699
vn -0.2142 -0.8286 -0.5172
vn -0.3539 0.3805 -0.8544
vn -0.1484 -0.9217 -0.3584
vn -0.3754 0.1939 -0.9063
vn -0.0769 -0.9796 -0.1857
vn -0.3827 -0.0000 -0.9239
vn -0.0769 0.9796 -0.1857
vn -0.1092 -0.8286 -0.5490
vn -0.0757 -0.9217 -0.3804
vn -0.1804 0.3805 -0.9070
vn -0.1914 0.1939 -0.9622
vn -0.0392 -0.9796 -0.1971
vn -0.1951 -0.0000 -0.9808
vn -0.0392 0.9796 -0.1971
vn -0.1914 -0.1939 -0.9622
vn -0.0757 0.9217 -0.3804
vn -0.1804 -0.3805 -0.9070
vn -0.1092 0.8286 -0.5490
vn -0.1626 -0.5528 -0.8173
vn -0.1385 0.7041 -0.6965
vn -0.1385 -0.7041 -0.6965
vn -0.1626 0.5528 -0.8173
vn -0.0000 -0.8743 0.4854
vn -0.0000 0.8743 0.4854
vn 0.0838 -0.9801 -0.1798
vn 0.1626 -0.9230 -0.3488
vn 0.3208 -0.9104 -0.2611
vn 0.2264 -0.9688 -0.1008
vn 0.0018 -1.0000 -0.0039
vn 0.1233 -0.9903 0.0634
vn -0.0804 -0.9818 0.1723
vn 0.0154 -0.9742 0.2254
vn -0.1595 -0.9260 0.3421
vn -0.0932 -0.9208 0.3789
vn -0.2327 -0.8348 0.4990
vn -0.1983 -0.8321 0.5180
vn 0.8641 -0.5008 0.0490
vn -0.0000 -0.5291 0.8486
vn -0.0000 -0.0000 1.0000
vn -0.2988 -0.7071 0.6409
vn 0.2352 -0.8308 -0.5044
vn 0.1853 -0.9765 -0.1100
vn 0.8642 -0.5007 0.0490
vn 0.4030 -0.8175 -0.4114
vn 0.5531 -0.7780 -0.2979
vn 0.4623 -0.8732 -0.1541
vn 0.3539 -0.9353 -0.0044
vn 0.2320 -0.9618 0.1456
vn 0.1011 -0.9516 0.2901
vn -0.0338 -0.9051 0.4237
vn -0.1676 -0.8240 0.5413
vn 0.5356 -0.7946 -0.2857
vn -0.0000 0.7071 0.7071
vn 0.5356 -0.7947 -0.2857
vn 0.1733 -0.9151 0.3642
vn 0.0163 -0.8798 0.4751
vn -0.1416 -0.8108 0.5679
vn 0.3923 -0.9195 -0.0236
vn -0.0000 0.9788 0.2048
vn 0.6798 -0.7139 -0.1681
vn 0.5817 -0.8128 -0.0318
vn 0.4615 -0.8808 0.1059
vn 0.3236 -0.9154 0.2395
vn 0.7780 -0.6276 -0.0271
vn 0.6743 -0.7315 0.1012
vn 0.5450 -0.8075 0.2256
vn 0.3948 -0.8529 0.3416
vn 0.2294 -0.8658 0.4447
vn 0.0551 -0.8457 0.5308
vn -0.1215 -0.7932 0.5968
vn 0.4688 -0.8601 0.2011
vn -0.0000 -0.9897 0.1432
vn 0.2671 -0.8059 0.5284
vn 0.0813 -0.8041 0.5889
vn -0.1079 -0.7716 0.6269
vn 0.5142 -0.7560 0.4051
vn -0.0000 -0.8264 0.5631
vn 0.8442 -0.5225 0.1197
vn 0.7367 -0.6324 0.2396
vn 0.6011 -0.7182 0.3504
vn 0.4426 -0.7768 0.4479
vn 0.7664 -0.5193 0.3781
vn 0.6279 -0.6164 0.4752
vn 0.4654 -0.6900 0.5543
vn 0.2851 -0.7374 0.6123
vn 0.0937 -0.7567 0.6470
vn -0.1015 -0.7471 0.6570
vn 0.5338 -0.6984 0.4768
vn -0.0000 -0.8275 0.5615
vn 0.8757 -0.4026 0.2667
vn 0.0920 -0.7053 0.7030
vn -0.1024 -0.7204 0.6859
vn 0.8986 -0.2077 0.3865
vn -0.0000 -0.8067 0.5910
vn 0.8713 -0.2725 0.4083
vn 0.7622 -0.3966 0.5116
vn 0.6241 -0.5058 0.5955
vn 0.4622 -0.5958 0.6568
vn 0.2826 -0.6632 0.6931
vn 0.7244 -0.2691 0.6347
vn 0.5901 -0.3909 0.7064
vn 0.4075 0.9020 -0.1430
vn 0.4332 -0.4978 0.7513
vn 0.4705 0.8804 -0.0599
vn -0.0001 1.0000 -0.0000
vn 0.2597 -0.5859 0.7676
vn 0.5222 0.8523 0.0294
vn 0.0761 -0.6517 0.7546
vn 0.5612 0.8182 0.1246
vn 0.6860 0.7071 0.1715
vn -0.1106 -0.6927 0.7127
vn 0.8546 0.4320 0.2880
vn 0.9118 -0.0000 0.4106
vn 0.2892 -0.6398 0.7121
vn 0.9701 -0.0000 0.2426
vn 0.2794 0.7503 -0.5991
vn -0.7071 0.7071 -0.0000
vn 0.8312 -0.1371 0.5389
vn -0.0259 0.9156 -0.4013
vn -0.9358 0.3527 -0.0000
vn 0.2080 0.9411 -0.2666
vn 0.0467 -0.5982 0.8000
vn -0.1258 -0.6649 0.7362
vn 0.8728 0.2725 0.4050
vn 0.8306 0.1379 0.5395
vn 0.2794 0.7503 -0.5992
vn 0.4597 0.7204 -0.5194
vn -0.0259 0.9156 -0.4012
vn 0.7569 -0.0018 0.6536
vn 0.2082 0.9411 -0.2665
vn 0.5976 0.7053 -0.3814
vn 0.6544 -0.1415 0.7428
vn 0.4075 0.9019 -0.1430
vn 0.7126 0.6632 -0.2290
vn 0.5270 -0.2759 0.8038
vn 0.4705 0.8804 -0.0600
vn 0.8002 0.5958 -0.0681
vn 0.3794 -0.3999 0.8343
vn 0.5222 0.8523 0.0295
vn 0.8574 0.5058 0.0954
vn 0.2173 -0.5087 0.8331
vn 0.5611 0.8183 0.1246
vn 0.8818 0.3966 0.2551
vn 0.4373 -0.1654 0.8840
vn 0.3030 -0.3057 0.9026
vn 0.7238 0.6900 0.0002
vn 0.7677 0.6164 0.1755
vn 0.1571 -0.4345 0.8869
vn 0.7823 0.5193 0.3440
vn 0.0050 -0.5468 0.8373
vn 0.7672 0.4026 0.4993
vn -0.1475 -0.6383 0.7556
vn 0.7230 0.2706 0.6357
vn 0.4380 0.7471 -0.5000
vn 0.6513 0.1283 0.7479
vn 0.5559 0.7567 -0.3441
vn 0.5548 -0.0188 0.8317
vn 0.6523 0.7374 -0.1752
vn 0.4108 0.7716 -0.4856
vn -0.1747 -0.6137 0.7700
vn 0.5875 0.3928 0.7074
vn 0.5184 0.2483 0.8183
vn 0.5033 0.8041 -0.3163
vn 0.4296 0.0942 0.8981
vn 0.5765 0.8059 -0.1350
vn 0.3244 -0.0635 0.9438
vn 0.6276 0.7768 0.0512
vn 0.2068 -0.2189 0.9536
vn 0.6548 0.7182 0.2353
vn 0.0813 -0.3660 0.9270
vn 0.6571 0.6324 0.4103
vn -0.0475 -0.4994 0.8651
vn 0.6343 0.5225 0.5697
vn 0.5154 0.8529 0.0828
vn 0.5231 0.8075 0.2724
vn 0.0946 -0.1428 0.9852
vn -0.0072 -0.3061 0.9520
vn 0.5110 0.7315 0.4515
vn -0.1088 -0.4578 0.8824
vn 0.4793 0.6276 0.6134
vn -0.2064 -0.5922 0.7789
vn 0.4295 0.5000 0.7520
vn 0.3791 0.7932 -0.4766
vn 0.3634 0.3534 0.8620
vn 0.4421 0.8457 -0.2990
vn 0.2835 0.1933 0.9393
vn 0.4881 0.8658 -0.1101
vn 0.1928 0.0258 0.9809
vn 0.2550 0.5879 0.7676
vn 0.1922 0.4396 0.8774
vn 0.3440 0.8108 -0.4735
vn 0.3744 0.8798 -0.2929
vn 0.1221 0.2746 0.9538
vn 0.3904 0.9150 -0.1013
vn 0.0474 0.0991 0.9940
vn 0.3915 0.9154 0.0939
vn -0.0293 -0.0803 0.9963
vn 0.3777 0.8808 0.2855
vn -0.1049 -0.2568 0.9608
vn 0.3496 0.8128 0.4660
vn -0.1765 -0.4237 0.8884
vn 0.3082 0.7139 0.6288
vn -0.2415 -0.5745 0.7821
vn -0.1602 -0.0339 0.9865
vn -0.2080 -0.2203 0.9530
vn 0.2241 0.9353 0.2739
vn 0.1791 0.8732 0.4532
vn -0.2480 -0.3983 0.8831
vn 0.1274 0.7780 0.6152
vn -0.2785 -0.5614 0.7793
vn 0.0707 0.6533 0.7538
vn 0.3069 0.8240 -0.4763
vn 0.0114 0.5037 0.8638
vn 0.3029 0.9051 -0.2983
vn -0.0483 0.3350 0.9410
vn 0.2872 0.9516 -0.1091
vn -0.1062 0.1535 0.9824
vn 0.2606 0.9618 0.0841
vn 0.2694 0.8321 -0.4849
vn 0.2303 0.9208 -0.3149
vn -0.1720 0.5432 0.8218
vn -0.2213 0.3723 0.9014
vn 0.1825 0.9742 -0.1330
vn -0.2621 0.1871 0.9467
vn 0.1278 0.9903 0.0537
vn -0.2930 -0.0054 0.9561
vn 0.0683 0.9688 0.2383
vn -0.3127 -0.1977 0.9290
vn 0.0062 0.9104 0.4136
vn -0.3206 -0.3827 0.8665
vn -0.0561 0.8175 0.5732
vn -0.3161 -0.5533 0.7707
vn -0.1163 0.6935 0.7110
vn -0.0838 0.9801 0.1798
vn -0.1626 0.9230 0.3488
vn -0.4149 -0.1901 0.8898
vn -0.3913 -0.3775 0.8393
vn -0.2352 0.8308 0.5044
vn -0.3528 -0.5506 0.7566
vn -0.2988 0.7071 0.6409
vn 0.2327 0.8348 -0.4990
vn -0.3511 0.5566 0.7530
vn 0.1595 0.9260 -0.3421
vn -0.3901 0.3848 0.8365
vn 0.0803 0.9818 -0.1723
vn -0.4142 0.1984 0.8883
vn -0.0018 1.0000 0.0039
vn -0.4226 0.0043 0.9063
vn -0.5189 0.5432 0.6600
vn -0.5483 0.3723 0.7489
vn 0.0932 0.9208 -0.3789
vn -0.0154 0.9742 -0.2254
vn -0.5568 0.1871 0.8093
vn -0.1233 0.9903 -0.0634
vn -0.5441 -0.0053 0.8390
vn -0.2264 0.9688 0.1008
vn -0.5107 -0.1977 0.8367
vn -0.3208 0.9104 0.2611
vn -0.4577 -0.3827 0.8025
vn -0.4030 0.8175 0.4114
vn -0.3872 -0.5533 0.7375
vn -0.4699 0.6935 0.5461
vn 0.1983 0.8321 -0.5180
vn -0.5963 -0.2203 0.7719
vn -0.5171 -0.3984 0.7576
vn -0.4623 0.8732 0.1541
vn -0.5531 0.7780 0.2979
vn -0.4179 -0.5614 0.7143
vn -0.6229 0.6533 0.4303
vn 0.1676 0.8240 -0.5413
vn -0.6690 0.5038 0.5465
vn 0.0338 0.9051 -0.4238
vn -0.6898 0.3351 0.6418
vn -0.1011 0.9516 -0.2901
vn -0.6843 0.1535 0.7129
vn -0.2320 0.9618 -0.1456
vn -0.6528 -0.0339 0.7568
vn -0.3539 0.9353 0.0044
vn -0.8091 0.2746 0.5195
vn -0.7918 0.0991 0.6026
vn -0.1733 0.9150 -0.3642
vn -0.3236 0.9154 -0.2395
vn -0.7444 -0.0803 0.6629
vn -0.4615 0.8808 -0.1059
vn -0.6686 -0.2568 0.6979
vn -0.5817 0.8128 0.0318
vn -0.5671 -0.4237 0.7063
vn -0.6798 0.7139 0.1681
vn -0.4439 -0.5745 0.6877
vn -0.7520 0.5879 0.2981
vn 0.1416 0.8108 -0.5679
vn -0.7957 0.4396 0.4167
vn -0.0163 0.8798 -0.4751
vn -0.6060 -0.4578 0.6506
vn -0.4640 -0.5922 0.6588
vn -0.7780 0.6276 0.0271
vn -0.8522 0.5000 0.1543
vn 0.1215 0.7932 -0.5968
vn -0.8939 0.3534 0.2757
vn -0.0551 0.8457 -0.5308
vn -0.9018 0.1933 0.3866
vn -0.2294 0.8658 -0.4447
vn -0.8753 0.0258 0.4828
vn -0.3948 0.8529 -0.3416
vn -0.8156 -0.1428 0.5608
vn -0.5450 0.8075 -0.2256
vn -0.7246 -0.3061 0.6174
vn -0.6743 0.7315 -0.1012
vn -0.2671 0.8058 -0.5284
vn -0.4426 0.7768 -0.4479
vn -0.9315 -0.0635 0.3581
vn -0.8634 -0.2189 0.4545
vn -0.6011 0.7182 -0.3504
vn -0.7624 -0.3660 0.5336
vn -0.7367 0.6324 -0.2396
vn -0.6321 -0.4994 0.5925
vn -0.8442 0.5225 -0.1197
vn -0.4775 -0.6137 0.6287
vn -0.9196 0.3928 0.0046
vn 0.1079 0.7716 -0.6268
vn -0.9601 0.2483 0.1288
vn -0.0813 0.8041 -0.5889
vn -0.9641 0.0942 0.2482
vn -0.8757 0.4026 -0.2667
vn -0.9517 0.2706 -0.1452
vn 0.1015 0.7471 -0.6570
vn -0.4840 -0.6383 0.5986
vn -0.9916 0.1283 -0.0182
vn -0.0937 0.7567 -0.6470
vn -0.9938 -0.0188 0.1096
vn -0.2851 0.7374 -0.6123
vn -0.9583 -0.1654 0.2332
vn -0.4654 0.6900 -0.5543
vn -0.8862 -0.3057 0.3481
vn -0.6279 0.6164 -0.4752
vn -0.7804 -0.4345 0.4498
vn -0.7664 0.5193 -0.3782
vn -0.6446 -0.5468 0.5344
vn -0.9545 -0.2759 0.1130
vn -0.8830 -0.3999 0.2456
vn -0.4622 0.5958 -0.6568
vn -0.6241 0.5058 -0.5955
vn -0.7778 -0.5087 0.3690
vn -0.7622 0.3967 -0.5116
vn -0.6429 -0.5982 0.4784
vn -0.8713 0.2725 -0.4083
vn -0.4831 -0.6649 0.5696
vn -0.9472 0.1379 -0.2895
vn 0.1024 0.7204 -0.6860
vn -0.9872 -0.0018 -0.1597
vn -0.0920 0.7053 -0.7030
vn -0.9897 -0.1415 -0.0238
vn -0.2826 0.6632 -0.6931
vn 0.1047 0.7066 -0.6999
vn -0.4749 -0.6927 0.5428
vn -0.7541 -0.1719 -0.6339
vn -0.9471 -0.1371 -0.2903
vn -0.0875 0.6783 -0.7296
vn -0.9518 -0.2691 -0.1470
vn -0.2758 0.6240 -0.7312
vn -0.9204 -0.3909 0.0021
vn -0.4530 0.5460 -0.7048
vn -0.8540 -0.4978 0.1511
vn -0.6125 0.4474 -0.6516
vn -0.7550 -0.5859 0.2945
vn -0.7485 0.3321 -0.5739
vn -0.6270 -0.6518 0.4268
vn -0.8560 0.2045 -0.4747
vn -0.8976 0.1380 -0.4186
vn -0.8002 -0.5958 0.0681
vn -0.7126 -0.6632 0.2290
vn -0.5976 -0.7053 0.3814
vn -0.4597 -0.7204 0.5194
vn -0.6979 -0.3060 -0.6475
vn -0.5316 -0.2053 -0.8217
vn -0.8728 -0.2725 -0.4050
vn -0.8818 -0.3966 -0.2551
vn -0.8574 -0.5058 -0.0954
vn -0.7552 -0.3985 -0.5204
vn -0.7672 -0.4026 -0.4993
vn -0.7823 -0.5193 -0.3440
vn -0.7677 -0.6164 -0.1755
vn -0.7238 -0.6900 -0.0002
vn -0.6523 -0.7374 0.1752
vn -0.5559 -0.7567 0.3441
vn -0.4380 -0.7470 0.5001
vn -0.9129 -0.1825 -0.3652
vn -0.6276 -0.7768 -0.0512
vn -0.5765 -0.8058 0.1350
vn -0.5033 -0.8041 0.3163
vn -0.4108 -0.7717 0.4856
vn -0.5970 -0.6172 -0.5124
vn -0.9681 -0.1772 -0.1771
vn -0.5971 -0.6172 -0.5124
vn -0.6343 -0.5225 -0.5697
vn -0.6571 -0.6324 -0.4103
vn -0.6548 -0.7182 -0.2353
vn -0.4793 -0.6276 -0.6134
vn -0.5110 -0.7315 -0.4515
vn -0.5231 -0.8075 -0.2724
vn -0.5154 -0.8529 -0.0828
vn -0.4881 -0.8658 0.1101
vn -0.4421 -0.8457 0.2990
vn -0.3791 -0.7932 0.4766
vn -0.6234 -0.4688 -0.6258
vn -0.5286 -0.8130 -0.2441
vn -0.6232 -0.4689 -0.6259
vn -0.3904 -0.9150 0.1013
vn -0.3744 -0.8798 0.2929
vn -0.3440 -0.8108 0.4735
vn -0.3140 -0.5805 -0.7513
vn -0.9732 0.2299 -0.0000
vn -0.3082 -0.7139 -0.6288
vn -0.3496 -0.8128 -0.4660
vn -0.3777 -0.8808 -0.2855
vn -0.3915 -0.9154 -0.0939
vn -0.1791 -0.8732 -0.4532
vn -0.2241 -0.9353 -0.2739
vn -0.2606 -0.9618 -0.0841
vn -0.2872 -0.9516 0.1091
vn -0.3029 -0.9051 0.2983
vn -0.3069 -0.8240 0.4763
vn -0.0953 -0.8924 -0.4411
vn -0.4431 0.1359 -0.8861
vn -0.0954 -0.8924 -0.4410
vn -0.1273 -0.7780 -0.6152
vn -0.2303 -0.9208 0.3149
vn -0.2694 -0.8321 0.4849
vn 0.0459 -0.9386 -0.3418
vn -0.0364 -0.9967 -0.0728
vn 0.0458 -0.9386 -0.3420
vn 0.0561 -0.8175 -0.5732
vn -0.0062 -0.9104 -0.4136
vn -0.0683 -0.9688 -0.2383
vn -0.1278 -0.9903 -0.0537
vn -0.1825 -0.9742 0.1330
vn 0.1854 -0.9765 -0.1097
vn -0.0000 -1.0000 -0.0001
vn 0.2988 -0.7071 -0.6409
vn 0.2988 0.7071 -0.6409
vn 0.2988 -0.7071 0.6409
vn 0.2327 -0.8348 0.4990
vn 0.2694 -0.8321 0.4849
vn -0.2352 -0.8308 -0.5044
vn -0.2681 -0.7730 -0.5750
vn -0.0864 -0.7595 -0.6447
vn -0.0561 -0.8175 -0.5732
vn -0.1626 -0.9230 -0.3488
vn 0.0062 -0.9104 -0.4136
vn -0.0838 -0.9801 -0.1798
vn 0.0683 -0.9688 -0.2383
vn -0.0018 -1.0000 -0.0039
vn 0.1278 -0.9903 -0.0537
vn 0.0804 -0.9818 0.1723
vn 0.1825 -0.9742 0.1330
vn 0.1595 -0.9260 0.3421
vn 0.2303 -0.9208 0.3149
vn -0.0864 -0.7595 -0.6448
vn 0.3029 -0.9051 0.2983
vn 0.3069 -0.8240 0.4763
vn 0.1673 -0.9161 -0.3645
vn 0.1673 -0.9160 -0.3645
vn 0.1273 -0.7780 -0.6152
vn 0.1791 -0.8732 -0.4532
vn 0.2241 -0.9353 -0.2739
vn 0.2606 -0.9618 -0.0841
vn 0.2872 -0.9516 0.1091
vn 0.3777 -0.8808 -0.2855
vn 0.3915 -0.9154 -0.0939
vn 0.3904 -0.9150 0.1013
vn 0.3744 -0.8798 0.2929
vn 0.3440 -0.8108 0.4735
vn 0.4416 -0.8177 -0.3694
vn 0.2520 -0.9677 -0.0000
vn 0.4416 -0.8176 -0.3694
vn 0.3082 -0.7139 -0.6288
vn 0.3496 -0.8128 -0.4660
vn 0.5264 -0.7704 -0.3597
vn 0.5255 -0.8508 0.0001
vn 0.3791 -0.7932 0.4766
vn 0.4794 -0.6276 -0.6134
vn 0.5110 -0.7315 -0.4515
vn 0.5231 -0.8075 -0.2724
vn 0.5154 -0.8529 -0.0828
vn 0.4881 -0.8658 0.1101
vn 0.4421 -0.8457 0.2990
vn 0.6548 -0.7182 -0.2353
vn 0.6276 -0.7768 -0.0512
vn 0.5765 -0.8058 0.1350
vn 0.5033 -0.8041 0.3163
vn 0.4108 -0.7717 0.4856
vn 0.7657 -0.2091 -0.6083
vn 0.5338 -0.8456 -0.0000
vn 0.6343 -0.5225 -0.5697
vn 0.6571 -0.6324 -0.4103
vn 0.4380 -0.7470 0.5000
vn 0.8640 -0.3023 -0.4026
vn 0.7672 -0.4026 -0.4993
vn 0.7823 -0.5193 -0.3440
vn 0.7677 -0.6164 -0.1755
vn 0.7238 -0.6900 -0.0002
vn 0.6523 -0.7374 0.1752
vn 0.5559 -0.7567 0.3441
vn 0.8894 -0.4571 -0.0000
vn 0.8002 -0.5958 0.0681
vn 0.7126 -0.6632 0.2290
vn 0.5976 -0.7053 0.3814
vn 0.4597 -0.7204 0.5194
vn 0.9629 -0.2692 0.0173
vn 0.5299 0.8481 -0.0000
vn 0.9629 -0.2693 0.0173
vn 0.8728 -0.2725 -0.4050
vn 0.8818 -0.3966 -0.2551
vn 0.8574 -0.5058 -0.0954
vn 0.9926 -0.0000 -0.1216
vn 0.9471 -0.1371 -0.2903
vn -0.0565 0.9242 -0.3777
vn 0.7071 0.7071 -0.0000
vn 0.9518 -0.2691 -0.1470
vn 0.3916 0.7830 -0.4834
vn 0.7515 0.6597 -0.0000
vn 0.9204 -0.3909 0.0021
vn 0.5374 0.7116 -0.4526
vn 0.0620 0.9981 -0.0000
vn 0.8540 -0.4979 0.1511
vn 0.2896 0.8714 -0.3960
vn 0.0001 1.0000 -0.0000
vn 0.7550 -0.5859 0.2945
vn 0.3580 0.8523 -0.3813
vn 0.6270 -0.6517 0.4268
vn 0.4561 0.8183 -0.3499
vn 0.5000 0.7071 0.5000
vn 0.4749 -0.6927 0.5428
vn 0.8602 0.5032 -0.0831
vn -1.0000 -0.0000 -0.0000
vn 0.7973 -0.5510 0.2464
vn 0.7071 -0.0000 0.7071
vn -0.2794 0.7503 -0.5992
vn -0.0000 1.0000 -0.0001
vn 0.8830 -0.3999 0.2456
vn 0.7778 -0.5087 0.3690
vn 0.4562 0.8183 -0.3497
vn 0.3582 0.8523 -0.3811
vn 0.6241 0.5058 -0.5955
vn 0.7622 0.3966 -0.5116
vn 0.6429 -0.5982 0.4784
vn 0.8713 0.2725 -0.4083
vn 0.4831 -0.6649 0.5696
vn 0.9472 0.1379 -0.2895
vn -0.1024 0.7204 -0.6860
vn 0.9872 -0.0018 -0.1597
vn 0.3916 0.7830 -0.4833
vn 0.0920 0.7053 -0.7030
vn 0.9897 -0.1415 -0.0238
vn 0.2826 0.6632 -0.6931
vn 0.9545 -0.2759 0.1130
vn 0.2896 0.8714 -0.3959
vn 0.4622 0.5958 -0.6568
vn 0.9916 0.1283 -0.0182
vn 0.9938 -0.0188 0.1096
vn 0.0937 0.7567 -0.6470
vn 0.2851 0.7374 -0.6123
vn 0.9583 -0.1654 0.2332
vn 0.4654 0.6900 -0.5543
vn 0.8862 -0.3057 0.3481
vn 0.6279 0.6164 -0.4752
vn 0.7804 -0.4345 0.4498
vn 0.7664 0.5193 -0.3781
vn 0.6446 -0.5468 0.5344
vn 0.8757 0.4026 -0.2667
vn 0.4840 -0.6383 0.5986
vn 0.9517 0.2706 -0.1452
vn -0.1015 0.7471 -0.6570
vn 0.7624 -0.3660 0.5336
vn 0.6321 -0.4994 0.5925
vn 0.7367 0.6324 -0.2396
vn 0.8442 0.5225 -0.1197
vn 0.4775 -0.6137 0.6287
vn 0.9196 0.3928 0.0046
vn -0.1079 0.7716 -0.6268
vn 0.9601 0.2483 0.1288
vn 0.0813 0.8041 -0.5889
vn 0.9641 0.0942 0.2482
vn 0.2671 0.8058 -0.5284
vn 0.9315 -0.0635 0.3581
vn 0.4426 0.7768 -0.4479
vn 0.8634 -0.2189 0.4545
vn 0.6011 0.7182 -0.3504
vn 0.0551 0.8457 -0.5308
vn 0.2294 0.8658 -0.4447
vn 0.9018 0.1933 0.3866
vn 0.8753 0.0258 0.4828
vn 0.3948 0.8529 -0.3416
vn 0.8156 -0.1428 0.5608
vn 0.5450 0.8075 -0.2256
vn 0.7246 -0.3061 0.6174
vn 0.6743 0.7315 -0.1012
vn 0.6060 -0.4578 0.6506
vn 0.7780 0.6276 0.0271
vn 0.4640 -0.5922 0.6588
vn 0.8522 0.5000 0.1543
vn -0.1215 0.7932 -0.5968
vn 0.8939 0.3534 0.2757
vn 0.5817 0.8128 0.0318
vn 0.6798 0.7139 0.1681
vn 0.5671 -0.4237 0.7063
vn 0.4439 -0.5745 0.6877
vn 0.7520 0.5879 0.2981
vn -0.1416 0.8108 -0.5679
vn 0.7957 0.4396 0.4167
vn 0.0163 0.8798 -0.4751
vn 0.8091 0.2746 0.5195
vn 0.1733 0.9150 -0.3642
vn 0.7918 0.0991 0.6026
vn 0.3236 0.9154 -0.2395
vn 0.7444 -0.0803 0.6629
vn 0.4615 0.8808 -0.1059
vn 0.6686 -0.2568 0.6979
vn 0.6898 0.3351 0.6418
vn 0.6843 0.1535 0.7129
vn 0.1011 0.9516 -0.2901
vn 0.2320 0.9618 -0.1456
vn 0.6528 -0.0339 0.7568
vn 0.3539 0.9353 0.0044
vn 0.5963 -0.2203 0.7719
vn 0.4623 0.8732 0.1541
vn 0.5171 -0.3984 0.7576
vn 0.5531 0.7780 0.2979
vn 0.4179 -0.5614 0.7143
vn 0.6229 0.6533 0.4303
vn -0.1676 0.8240 -0.5413
vn 0.6690 0.5037 0.5465
vn -0.0338 0.9051 -0.4237
vn 0.4577 -0.3827 0.8025
vn 0.3872 -0.5533 0.7375
vn 0.4030 0.8175 0.4114
vn 0.4699 0.6935 0.5461
vn -0.1983 0.8321 -0.5180
vn 0.5189 0.5432 0.6600
vn -0.0932 0.9208 -0.3789
vn 0.5483 0.3723 0.7489
vn 0.0154 0.9742 -0.2254
vn 0.5568 0.1871 0.8093
vn 0.1233 0.9903 -0.0634
vn 0.5441 -0.0053 0.8390
vn 0.2264 0.9688 0.1008
vn 0.5107 -0.1977 0.8367
vn 0.3208 0.9104 0.2611
vn -0.0803 0.9818 -0.1723
vn 0.0018 1.0000 0.0039
vn 0.4142 0.1984 0.8883
vn 0.4226 0.0043 0.9063
vn 0.0838 0.9801 0.1798
vn 0.4149 -0.1901 0.8898
vn 0.1626 0.9230 0.3488
vn 0.3913 -0.3775 0.8393
vn 0.2352 0.8308 0.5044
vn 0.3528 -0.5506 0.7566
vn 0.2988 0.7071 0.6409
vn -0.2327 0.8348 -0.4990
vn 0.3511 0.5566 0.7530
vn -0.1595 0.9260 -0.3421
vn 0.3901 0.3848 0.8365
vn 0.0561 0.8175 0.5732
vn 0.1163 0.6935 0.7110
vn -0.2694 0.8321 -0.4849
vn 0.3161 -0.5533 0.7707
vn 0.1720 0.5432 0.8218
vn -0.2303 0.9208 -0.3149
vn 0.2213 0.3723 0.9014
vn -0.1825 0.9742 -0.1330
vn 0.2621 0.1871 0.9467
vn -0.1278 0.9903 0.0537
vn 0.2930 -0.0054 0.9561
vn -0.0683 0.9688 0.2383
vn 0.3127 -0.1977 0.9290
vn -0.0062 0.9104 0.4136
vn 0.3206 -0.3827 0.8665
vn 0.1062 0.1535 0.9824
vn 0.1602 -0.0339 0.9865
vn -0.2606 0.9618 0.0841
vn -0.2241 0.9353 0.2739
vn 0.2080 -0.2203 0.9530
vn -0.1791 0.8732 0.4532
vn 0.2480 -0.3983 0.8831
vn -0.1273 0.7780 0.6152
vn 0.2785 -0.5614 0.7793
vn -0.0707 0.6533 0.7538
vn -0.3069 0.8240 -0.4763
vn -0.0114 0.5037 0.8638
vn -0.3029 0.9051 -0.2983
vn 0.0483 0.3351 0.9410
vn -0.2872 0.9516 -0.1091
vn 0.2415 -0.5745 0.7821
vn -0.2550 0.5879 0.7676
vn -0.1922 0.4396 0.8774
vn -0.3440 0.8108 -0.4735
vn -0.3744 0.8798 -0.2929
vn -0.1221 0.2746 0.9538
vn -0.3904 0.9150 -0.1013
vn -0.0474 0.0991 0.9940
vn -0.3915 0.9154 0.0939
vn 0.0293 -0.0803 0.9963
vn -0.3777 0.8808 0.2855
vn 0.1049 -0.2568 0.9608
vn -0.3496 0.8128 0.4660
vn 0.1765 -0.4237 0.8884
vn -0.3082 0.7139 0.6288
vn -0.0946 -0.1428 0.9852
vn 0.0072 -0.3061 0.9520
vn -0.5231 0.8075 0.2724
vn -0.5110 0.7315 0.4515
vn 0.1088 -0.4578 0.8824
vn -0.4793 0.6276 0.6134
vn 0.2064 -0.5922 0.7789
vn -0.4295 0.5000 0.7520
vn -0.3791 0.7932 -0.4766
vn -0.3634 0.3534 0.8620
vn -0.4421 0.8457 -0.2990
vn -0.2835 0.1933 0.9393
vn -0.4881 0.8658 -0.1101
vn -0.1928 0.0258 0.9809
vn -0.5154 0.8529 0.0828
vn -0.4108 0.7716 -0.4856
vn -0.5033 0.8041 -0.3163
vn -0.5184 0.2483 0.8183
vn -0.4296 0.0942 0.8981
vn -0.5765 0.8059 -0.1350
vn -0.3244 -0.0635 0.9438
vn -0.6276 0.7768 0.0512
vn -0.2068 -0.2189 0.9536
vn -0.6548 0.7182 0.2353
vn -0.0813 -0.3660 0.9270
vn -0.6571 0.6324 0.4103
vn 0.0475 -0.4994 0.8651
vn -0.6343 0.5225 0.5697
vn 0.1747 -0.6137 0.7700
vn -0.5875 0.3928 0.7074
vn -0.7677 0.6164 0.1755
vn -0.7823 0.5193 0.3440
vn -0.1571 -0.4345 0.8869
vn -0.0050 -0.5468 0.8373
vn -0.7672 0.4026 0.4993
vn 0.1475 -0.6383 0.7556
vn -0.7230 0.2706 0.6357
vn -0.4380 0.7471 -0.5000
vn -0.6513 0.1283 0.7479
vn -0.5559 0.7567 -0.3441
vn -0.5548 -0.0188 0.8317
vn -0.6523 0.7374 -0.1752
vn -0.4373 -0.1654 0.8840
vn -0.7238 0.6900 0.0002
vn -0.3030 -0.3057 0.9026
vn -0.7569 -0.0018 0.6536
vn -0.6544 -0.1415 0.7428
vn -0.5976 0.7053 -0.3814
vn -0.7126 0.6632 -0.2290
vn -0.5270 -0.2759 0.8038
vn -0.8002 0.5958 -0.0681
vn -0.3794 -0.3999 0.8343
vn -0.8573 0.5058 0.0954
vn -0.2173 -0.5087 0.8331
vn -0.8818 0.3967 0.2551
vn -0.0467 -0.5982 0.8000
vn -0.8728 0.2725 0.4050
vn 0.1258 -0.6649 0.7362
vn -0.8306 0.1379 0.5395
vn -0.4597 0.7204 -0.5194
vn -0.2597 -0.5859 0.7676
vn -0.0761 -0.6517 0.7546
vn -0.9208 0.3321 0.2045
vn -0.9139 0.2045 0.3506
vn 0.1106 -0.6927 0.7127
vn -0.9151 -0.0993 0.3909
vn -0.8976 0.1380 0.4186
vn -0.4689 0.7066 -0.5300
vn -0.8312 -0.1371 0.5389
vn -0.6151 0.6783 -0.4020
vn -0.7244 -0.2691 0.6347
vn -0.7374 0.6240 -0.2587
vn -0.5901 -0.3909 0.7064
vn -0.8311 0.5460 -0.1060
vn -0.4332 -0.4978 0.7513
vn -0.8929 0.4474 0.0504
vn -0.7622 -0.3966 0.5116
vn -0.6241 -0.5058 0.5955
vn -0.4622 -0.5958 0.6568
vn -0.2826 -0.6632 0.6931
vn -0.0920 -0.7053 0.7030
vn 0.1024 -0.7204 0.6859
vn -0.9133 -0.2243 0.3400
vn -0.9355 -0.0121 0.3530
vn -0.8713 -0.2725 0.4083
vn -0.0937 -0.7567 0.6470
vn 0.1015 -0.7471 0.6570
vn -0.9240 -0.2893 0.2500
vn -0.9072 -0.2415 0.3444
vn -0.8757 -0.4026 0.2667
vn -0.7664 -0.5193 0.3781
vn -0.6279 -0.6164 0.4752
vn -0.4654 -0.6900 0.5543
vn -0.2851 -0.7374 0.6123
vn -0.7367 -0.6324 0.2396
vn -0.6011 -0.7182 0.3504
vn -0.4426 -0.7768 0.4479
vn -0.2671 -0.8059 0.5284
vn -0.0813 -0.8041 0.5889
vn 0.1079 -0.7716 0.6269
vn -0.9220 -0.3488 0.1678
vn -0.8923 -0.2428 0.3807
vn -0.9220 -0.3489 0.1679
vn -0.8442 -0.5225 0.1197
vn -0.0551 -0.8457 0.5308
vn 0.1215 -0.7932 0.5968
vn -0.7698 -0.4296 0.4721
vn -0.9222 -0.2306 0.3104
vn -0.7699 -0.4295 0.4721
vn -0.7780 -0.6276 -0.0271
vn -0.6743 -0.7315 0.1012
vn -0.5450 -0.8075 0.2256
vn -0.3948 -0.8529 0.3416
vn -0.2294 -0.8658 0.4447
vn -0.4615 -0.8808 0.1059
vn -0.3236 -0.9154 0.2395
vn -0.1733 -0.9151 0.3642
vn -0.0163 -0.8798 0.4751
vn 0.1416 -0.8108 0.5679
vn -0.5252 -0.7645 0.3739
vn -0.7081 -0.1770 0.6836
vn -0.5252 -0.7645 0.3738
vn -0.6798 -0.7139 -0.1681
vn -0.5817 -0.8128 -0.0318
vn 0.1676 -0.8240 0.5413
vn -0.4853 -0.8711 -0.0755
vn -0.5531 -0.7780 -0.2979
vn -0.4623 -0.8732 -0.1541
vn -0.3539 -0.9353 -0.0044
vn -0.2320 -0.9618 0.1456
vn -0.1011 -0.9516 0.2901
vn 0.0338 -0.9051 0.4238
vn -0.4852 -0.8711 -0.0754
vn -0.0000 -0.7554 0.6553
vn -0.1233 -0.9903 0.0634
vn -0.0154 -0.9742 0.2254
vn 0.0932 -0.9208 0.3789
vn 0.1983 -0.8321 0.5180
vn -0.4416 -0.8738 -0.2034
vn -0.4365 -0.8728 0.2182
vn -0.4416 -0.8739 -0.2034
vn -0.4030 -0.8175 -0.4114
vn -0.3208 -0.9104 -0.2611
vn -0.2264 -0.9688 -0.1008
vn -0.3499 -0.9327 0.0873
vn -0.2988 -0.7071 -0.6409
vn -0.2988 0.7071 -0.6409
vt 0.750000 0.375000
vt 0.750000 0.437500
vt 0.718750 0.437500
vt 0.718750 0.375000
vt 0.750000 0.812500
vt 0.750000 0.875000
vt 0.718750 0.875000
vt 0.718750 0.812500
vt 0.750000 0.312500
vt 0.718750 0.312500
vt 0.750000 0.750000
vt 0.718750 0.750000
vt 0.750000 0.250000
vt 0.718750 0.250000
vt 0.750000 0.687500
vt 0.718750 0.687500
vt 0.750000 0.187500
vt 0.718750 0.187500
vt 0.750000 0.625000
vt 0.718750 0.625000
vt 0.750000 0.125000
vt 0.718750 0.125000
vt 0.750000 0.562500
vt 0.718750 0.562500
vt 0.750000 0.062500
vt 0.718750 0.062500
vt 0.750000 0.500000
vt 0.718750 0.500000
vt 0.750000 0.937500
vt 0.734375 1.000000
vt 0.718750 0.937500
vt 0.734375 0.000000
vt 0.687500 0.500000
vt 0.687500 0.437500
vt 0.687500 0.937500
vt 0.687500 0.875000
vt 0.687500 0.375000
vt 0.687500 0.812500
vt 0.687500 0.312500
vt 0.687500 0.750000
vt 0.687500 0.250000
vt 0.687500 0.687500
vt 0.687500 0.187500
vt 0.687500 0.625000
vt 0.687500 0.125000
vt 0.687500 0.562500
vt 0.687500 0.062500
vt 0.703125 1.000000
vt 0.703125 0.000000
vt 0.656250 0.250000
vt 0.656250 0.187500
vt 0.656250 0.687500
vt 0.656250 0.625000
vt 0.656250 0.125000
vt 0.656250 0.562500
vt 0.656250 0.062500
vt 0.656250 0.500000
vt 0.671875 1.000000
vt 0.656250 0.937500
vt 0.671875 0.000000
vt 0.656250 0.437500
vt 0.656250 0.875000
vt 0.656250 0.375000
vt 0.656250 0.812500
vt 0.656250 0.312500
vt 0.656250 0.750000
vt 0.625000 0.937500
vt 0.625000 0.875000
vt 0.625000 0.437500
vt 0.625000 0.375000
vt 0.625000 0.812500
vt 0.625000 0.312500
vt 0.625000 0.750000
vt 0.625000 0.250000
vt 0.625000 0.687500
vt 0.625000 0.187500
vt 0.625000 0.625000
vt 0.625000 0.125000
vt 0.625000 0.562500
vt 0.625000 0.062500
vt 0.625000 0.500000
vt 0.640625 1.000000
vt 0.640625 0.000000
vt 0.593750 0.687500
vt 0.593750 0.625000
vt 0.593750 0.187500
vt 0.593750 0.125000
vt 0.593750 0.562500
vt 0.593750 0.062500
vt 0.593750 0.500000
vt 0.609375 1.000000
vt 0.593750 0.937500
vt 0.609375 0.000000
vt 0.593750 0.437500
vt 0.593750 0.875000
vt 0.593750 0.375000
vt 0.593750 0.812500
vt 0.593750 0.312500
vt 0.593750 0.750000
vt 0.593750 0.250000
vt 0.562500 0.437500
vt 0.562500 0.375000
vt 0.562500 0.875000
vt 0.562500 0.812500
vt 0.562500 0.312500
vt 0.562500 0.750000
vt 0.562500 0.250000
vt 0.562500 0.687500
vt 0.562500 0.187500
vt 0.562500 0.625000
vt 0.562500 0.125000
vt 0.562500 0.562500
vt 0.562500 0.062500
vt 0.562500 0.500000
vt 0.578125 1.000000
vt 0.562500 0.937500
vt 0.578125 0.000000
vt 0.531250 0.187500
vt 0.531250 0.125000
vt 0.531250 0.625000
vt 0.531250 0.562500
vt 0.531250 0.062500
vt 0.531250 0.500000
vt 0.546875 1.000000
vt 0.531250 0.937500
vt 0.546875 0.000000
vt 0.531250 0.437500
vt 0.531250 0.875000
vt 0.531250 0.375000
vt 0.531250 0.812500
vt 0.531250 0.312500
vt 0.531250 0.750000
vt 0.531250 0.250000
vt 0.531250 0.687500
vt 0.500000 0.375000
vt 0.500000 0.312500
vt 0.500000 0.812500
vt 0.500000 0.750000
vt 0.500000 0.250000
vt 0.500000 0.687500
vt 0.500000 0.187500
vt 0.500000 0.625000
vt 0.500000 0.125000
vt 0.500000 0.562500
vt 0.500000 0.062500
vt 0.500000 0.517785
vt 0.516018 0.500000
vt 0.515625 1.000000
vt 0.500000 0.937500
vt 0.515625 0.000000
vt 0.500000 0.437500
vt 0.500000 0.482215
vt 0.500000 0.875000
vt 0.468750 0.125000
vt 0.468750 0.062500
vt 0.468750 0.562500
vt 0.468750 0.551927
vt 0.484375 1.000000
vt 0.468750 0.937500
vt 0.484375 0.000000
vt 0.468750 0.437500
vt 0.468750 0.448073
vt 0.468750 0.875000
vt 0.468750 0.375000
vt 0.468750 0.812500
vt 0.468750 0.312500
vt 0.468750 0.750000
vt 0.468750 0.250000
vt 0.468750 0.687500
vt 0.468750 0.187500
vt 0.468750 0.625000
vt 0.437500 0.812500
vt 0.437500 0.750000
vt 0.437500 0.312500
vt 0.437500 0.250000
vt 0.437500 0.687500
vt 0.437500 0.187500
vt 0.437500 0.625000
vt 0.437500 0.125000
vt 0.437500 0.584030
vt 0.458545 0.562500
vt 0.437500 0.062500
vt 0.453125 1.000000
vt 0.437500 0.937500
vt 0.453125 0.000000
vt 0.458545 0.437500
vt 0.437500 0.875000
vt 0.437500 0.375000
vt 0.437500 0.415970
vt 0.421875 1.000000
vt 0.406250 0.937500
vt 0.421875 0.000000
vt 0.406250 0.062500
vt 0.406250 0.875000
vt 0.406250 0.375000
vt 0.406250 0.387864
vt 0.406250 0.812500
vt 0.406250 0.312500
vt 0.406250 0.750000
vt 0.406250 0.250000
vt 0.406250 0.687500
vt 0.406250 0.187500
vt 0.406250 0.625000
vt 0.406250 0.125000
vt 0.406250 0.612136
vt 0.375000 0.312500
vt 0.375000 0.250000
vt 0.375000 0.750000
vt 0.375000 0.687500
vt 0.375000 0.187500
vt 0.375000 0.635607
vt 0.389272 0.625000
vt 0.375000 0.125000
vt 0.375000 0.062500
vt 0.390625 1.000000
vt 0.375000 0.937500
vt 0.390625 0.000000
vt 0.375000 0.875000
vt 0.389272 0.375000
vt 0.375000 0.812500
vt 0.375000 0.364393
vt 0.359375 1.000000
vt 0.343750 0.937500
vt 0.359375 0.000000
vt 0.343750 0.062500
vt 0.343750 0.875000
vt 0.343750 0.812500
vt 0.343750 0.346212
vt 0.343750 0.312500
vt 0.343750 0.750000
vt 0.343750 0.250000
vt 0.343750 0.687500
vt 0.343750 0.187500
vt 0.343750 0.653788
vt 0.343750 0.125000
vt 0.312500 0.750000
vt 0.312500 0.687500
vt 0.312500 0.250000
vt 0.312500 0.187500
vt 0.312500 0.666616
vt 0.312500 0.125000
vt 0.312500 0.062500
vt 0.328125 1.000000
vt 0.312500 0.937500
vt 0.328125 0.000000
vt 0.312500 0.875000
vt 0.312500 0.812500
vt 0.312500 0.333384
vt 0.312500 0.312500
vt 0.281250 0.937500
vt 0.281250 0.875000
vt 0.281250 0.812500
vt 0.281250 0.325756
vt 0.281250 0.312500
vt 0.281250 0.750000
vt 0.281250 0.250000
vt 0.281250 0.687500
vt 0.281250 0.187500
vt 0.281250 0.674244
vt 0.281250 0.125000
vt 0.281250 0.062500
vt 0.296875 1.000000
vt 0.296875 0.000000
vt 0.250000 0.250000
vt 0.250000 0.187500
vt 0.250000 0.687500
vt 0.250000 0.676775
vt 0.250000 0.125000
vt 0.250000 0.062500
vt 0.265625 1.000000
vt 0.250000 0.937500
vt 0.265625 0.000000
vt 0.250000 0.875000
vt 0.250000 0.812500
vt 0.250000 0.323225
vt 0.250000 0.312500
vt 0.250000 0.750000
vt 0.218750 0.875000
vt 0.218750 0.812500
vt 0.218750 0.312500
vt 0.218750 0.325756
vt 0.218750 0.750000
vt 0.218750 0.250000
vt 0.218750 0.687500
vt 0.218750 0.187500
vt 0.218750 0.674244
vt 0.218750 0.125000
vt 0.218750 0.062500
vt 0.218750 0.937500
vt 0.234375 1.000000
vt 0.234375 0.000000
vt 0.187500 0.187500
vt 0.187500 0.125000
vt 0.187500 0.062500
vt 0.187500 0.937500
vt 0.203125 1.000000
vt 0.203125 0.000000
vt 0.187500 0.875000
vt 0.187500 0.812500
vt 0.187500 0.312500
vt 0.187500 0.333384
vt 0.187500 0.750000
vt 0.187500 0.250000
vt 0.187500 0.687500
vt 0.187500 0.666616
vt 0.156250 0.875000
vt 0.156250 0.812500
vt 0.156250 0.312500
vt 0.156250 0.346212
vt 0.156250 0.750000
vt 0.156250 0.250000
vt 0.156250 0.687500
vt 0.156250 0.187500
vt 0.156250 0.653788
vt 0.156250 0.125000
vt 0.156250 0.062500
vt 0.156250 0.937500
vt 0.171875 1.000000
vt 0.171875 0.000000
vt 0.125000 0.125000
vt 0.125000 0.062500
vt 0.125000 0.937500
vt 0.140625 1.000000
vt 0.140625 0.000000
vt 0.125000 0.875000
vt 0.125000 0.812500
vt 0.125000 0.312500
vt 0.125000 0.364393
vt 0.125000 0.750000
vt 0.125000 0.250000
vt 0.125000 0.687500
vt 0.125000 0.187500
vt 0.125000 0.635607
vt 0.093750 0.375000
vt 0.093750 0.312500
vt 0.110728 0.375000
vt 0.093750 0.812500
vt 0.093750 0.750000
vt 0.093750 0.250000
vt 0.093750 0.687500
vt 0.093750 0.187500
vt 0.093750 0.625000
vt 0.110728 0.625000
vt 0.093750 0.125000
vt 0.093750 0.612136
vt 0.093750 0.062500
vt 0.093750 0.937500
vt 0.109375 1.000000
vt 0.109375 0.000000
vt 0.093750 0.875000
vt 0.093750 0.387864
vt 0.062500 0.125000
vt 0.062500 0.062500
vt 0.062500 0.937500
vt 0.078125 1.000000
vt 0.078125 0.000000
vt 0.062500 0.875000
vt 0.062500 0.375000
vt 0.062500 0.415970
vt 0.062500 0.812500
vt 0.062500 0.312500
vt 0.062500 0.750000
vt 0.062500 0.250000
vt 0.062500 0.687500
vt 0.062500 0.187500
vt 0.062500 0.625000
vt 0.062500 0.584030
vt 0.031250 0.812500
vt 0.031250 0.750000
vt 0.031250 0.312500
vt 0.031250 0.250000
vt 0.031250 0.687500
vt 0.031250 0.187500
vt 0.031250 0.625000
vt 0.031250 0.125000
vt 0.031250 0.562500
vt 0.041455 0.562500
vt 0.031250 0.062500
vt 0.031250 0.551927
vt 0.031250 0.937500
vt 0.046875 1.000000
vt 0.046875 0.000000
vt 0.031250 0.437500
vt 0.041455 0.437500
vt 0.031250 0.448073
vt 0.031250 0.875000
vt 0.031250 0.375000
vt 0.000000 0.562500
vt 0.000000 0.517785
vt 0.000000 0.937500
vt 0.015625 1.000000
vt 0.000000 0.062500
vt 0.015625 0.000000
vt 0.000000 0.437500
vt 0.000000 0.482215
vt 0.000000 0.875000
vt 0.000000 0.375000
vt 0.000000 0.812500
vt 0.000000 0.312500
vt 0.000000 0.750000
vt 0.000000 0.250000
vt 0.000000 0.687500
vt 0.000000 0.187500
vt 0.000000 0.625000
vt 0.000000 0.125000
vt 1.000000 0.250000
vt 1.000000 0.312500
vt 0.968750 0.312500
vt 0.968750 0.250000
vt 1.000000 0.687500
vt 1.000000 0.750000
vt 0.968750 0.750000
vt 0.968750 0.687500
vt 1.000000 0.187500
vt 0.968750 0.187500
vt 1.000000 0.625000
vt 0.968750 0.625000
vt 1.000000 0.125000
vt 0.968750 0.125000
vt 1.000000 0.562500
vt 0.968750 0.562500
vt 1.000000 0.062500
vt 0.968750 0.062500
vt 0.968750 0.500000
vt 0.983982 0.500000
vt 1.000000 0.517785
vt 0.968750 0.937500
vt 1.000000 0.937500
vt 0.984375 1.000000
vt 0.984375 0.000000
vt 1.000000 0.437500
vt 1.000000 0.482215
vt 0.968750 0.437500
vt 1.000000 0.875000
vt 0.968750 0.875000
vt 1.000000 0.375000
vt 0.968750 0.375000
vt 1.000000 0.812500
vt 0.968750 0.812500
vt 0.937500 0.062500
vt 0.953125 0.000000
vt 0.937500 0.500000
vt 0.937500 0.437500
vt 0.937500 0.937500
vt 0.937500 0.875000
vt 0.937500 0.375000
vt 0.937500 0.812500
vt 0.937500 0.312500
vt 0.937500 0.750000
vt 0.937500 0.250000
vt 0.937500 0.687500
vt 0.937500 0.187500
vt 0.937500 0.625000
vt 0.937500 0.125000
vt 0.937500 0.562500
vt 0.953125 1.000000
vt 0.906250 0.250000
vt 0.906250 0.187500
vt 0.906250 0.687500
vt 0.906250 0.625000
vt 0.906250 0.125000
vt 0.906250 0.562500
vt 0.906250 0.062500
vt 0.906250 0.500000
vt 0.906250 0.937500
vt 0.921875 1.000000
vt 0.921875 0.000000
vt 0.906250 0.437500
vt 0.906250 0.875000
vt 0.906250 0.375000
vt 0.906250 0.812500
vt 0.906250 0.312500
vt 0.906250 0.750000
vt 0.875000 0.937500
vt 0.875000 0.875000
vt 0.875000 0.437500
vt 0.875000 0.375000
vt 0.875000 0.812500
vt 0.875000 0.312500
vt 0.875000 0.750000
vt 0.875000 0.250000
vt 0.875000 0.687500
vt 0.875000 0.187500
vt 0.875000 0.625000
vt 0.875000 0.125000
vt 0.875000 0.562500
vt 0.875000 0.062500
vt 0.875000 0.500000
vt 0.890625 1.000000
vt 0.890625 0.000000
vt 0.843750 0.687500
vt 0.843750 0.625000
vt 0.843750 0.187500
vt 0.843750 0.125000
vt 0.843750 0.562500
vt 0.843750 0.062500
vt 0.843750 0.500000
vt 0.843750 0.937500
vt 0.859375 1.000000
vt 0.859375 0.000000
vt 0.843750 0.437500
vt 0.843750 0.875000
vt 0.843750 0.375000
vt 0.843750 0.812500
vt 0.843750 0.312500
vt 0.843750 0.750000
vt 0.843750 0.250000
vt 0.812500 0.437500
vt 0.812500 0.375000
vt 0.812500 0.875000
vt 0.812500 0.812500
vt 0.812500 0.312500
vt 0.812500 0.750000
vt 0.812500 0.250000
vt 0.812500 0.687500
vt 0.812500 0.187500
vt 0.812500 0.625000
vt 0.812500 0.125000
vt 0.812500 0.562500
vt 0.812500 0.062500
vt 0.812500 0.500000
vt 0.812500 0.937500
vt 0.828125 1.000000
vt 0.828125 0.000000
vt 0.781250 0.187500
vt 0.781250 0.125000
vt 0.781250 0.625000
vt 0.781250 0.562500
vt 0.781250 0.062500
vt 0.781250 0.500000
vt 0.781250 0.937500
vt 0.796875 1.000000
vt 0.796875 0.000000
vt 0.781250 0.437500
vt 0.781250 0.875000
vt 0.781250 0.375000
vt 0.781250 0.812500
vt 0.781250 0.312500
vt 0.781250 0.750000
vt 0.781250 0.250000
vt 0.781250 0.687500
vt 0.765625 1.000000
vt 0.765625 0.000000
vt 0.000000 0.000000
vt 0.500000 0.500000
vt 0.468750 0.500000
vt 0.437500 0.562500
vt 0.437500 0.500000
vt 0.437500 0.437500
vt 0.406250 0.500000
vt 0.406250 0.437500
vt 0.406250 0.562500
vt 0.375000 0.625000
vt 0.375000 0.562500
vt 0.375000 0.500000
vt 0.375000 0.437500
vt 0.375000 0.375000
vt 0.343750 0.500000
vt 0.343750 0.437500
vt 0.343750 0.375000
vt 0.343750 0.625000
vt 0.343750 0.562500
vt 0.312500 0.625000
vt 0.312500 0.562500
vt 0.312500 0.500000
vt 0.312500 0.437500
vt 0.312500 0.375000
vt 0.281250 0.437500
vt 0.281250 0.375000
vt 0.281250 0.625000
vt 0.281250 0.562500
vt 0.281250 0.500000
vt 0.250000 0.625000
vt 0.250000 0.562500
vt 0.250000 0.500000
vt 0.250000 0.437500
vt 0.250000 0.375000
vt 0.218750 0.437500
vt 0.218750 0.375000
vt 0.218750 0.625000
vt 0.218750 0.562500
vt 0.218750 0.500000
vt 0.187500 0.625000
vt 0.187500 0.562500
vt 0.187500 0.500000
vt 0.187500 0.437500
vt 0.187500 0.375000
vt 0.156250 0.375000
vt 0.156250 0.625000
vt 0.156250 0.562500
vt 0.156250 0.500000
vt 0.156250 0.437500
vt 0.125000 0.562500
vt 0.125000 0.500000
vt 0.125000 0.437500
vt 0.125000 0.375000
vt 0.125000 0.625000
vt 0.093750 0.562500
vt 0.093750 0.500000
vt 0.093750 0.437500
vt 0.062500 0.562500
vt 0.062500 0.500000
vt 0.062500 0.437500
vt 0.031250 0.500000
vt 0.000000 0.500000
vt 1.000000 0.500000
vt 0.455353 0.955353
vt 0.469485 0.938133
vt 0.479986 0.918487
vt 0.486453 0.897169
vt 0.488636 0.875000
vt 0.486453 0.852831
vt 0.479986 0.831513
vt 0.469485 0.811867
vt 0.455353 0.794647
vt 0.438133 0.780515
vt 0.418487 0.770014
vt 0.397169 0.763547
vt 0.375000 0.761364
vt 0.375000 0.988636
vt 0.397169 0.986453
vt 0.418487 0.979986
vt 0.438133 0.969485
vt 0.136364 0.750000
vt 0.363636 0.750000
vt 0.361453 0.727831
vt 0.354986 0.706513
vt 0.344485 0.686867
vt 0.330353 0.669647
vt 0.313133 0.655515
vt 0.293487 0.645014
vt 0.272169 0.638547
vt 0.250000 0.636364
vt 0.227831 0.638547
vt 0.206513 0.645014
vt 0.186867 0.655515
vt 0.169647 0.669647
vt 0.155515 0.686867
vt 0.145014 0.706513
vt 0.138547 0.727831
s 1
usemtl body
f 417/1/1 6/2/2 17/3/3 18/4/4
f 2/5/5 414/6/6 10/7/7 11/8/8
f 7/9/9 417/1/1 18/4/4 19/10/10
f 415/11/11 2/5/5 11/8/8 12/12/12
f 418/13/13 7/9/9 19/10/10 20/14/14
f 3/15/15 415/11/11 12/12/12 13/16/16
f 419/17/17 418/13/13 20/14/14 21/18/18
f 416/19/19 3/15/15 13/16/16 14/20/20
f 420/21/21 419/17/17 21/18/18 22/22/22
f 4/23/23 416/19/19 14/20/20 15/24/24
f 421/25/25 420/21/21 22/22/22 23/26/26
f 5/27/27 4/23/23 15/24/24 16/28/28
f 413/29/29 1/30/30 9/31/31
f 421/25/25 23/26/26 8/32/32
f 6/2/2 5/27/27 16/28/28 17/3/3
f 414/6/6 413/29/29 9/31/31 10/7/7
f 17/3/3 16/28/28 31/33/33 32/34/34
f 10/7/7 9/31/31 24/35/35 25/36/36
f 18/4/4 17/3/3 32/34/34 33/37/37
f 11/8/8 10/7/7 25/36/36 26/38/38
f 19/10/10 18/4/4 33/37/37 34/39/39
f 12/12/12 11/8/8 26/38/38 27/40/40
f 20/14/14 19/10/10 34/39/39 35/41/41
f 13/16/16 12/12/12 27/40/40 28/42/42
f 21/18/18 20/14/14 35/41/41 36/43/43
f 14/20/20 13/16/16 28/42/42 29/44/44
f 22/22/22 21/18/18 36/43/43 37/45/45
f 15/24/24 14/20/20 29/44/44 30/46/46
f 23/26/26 22/22/22 37/45/45 38/47/47
f 16/28/28 15/24/24 30/46/46 31/33/33
f 9/31/31 1/48/30 24/35/35
f 23/26/26 38/47/47 8/49/32
f 36/43/43 35/41/41 50/50/48 51/51/49
f 29/44/44 28/42/42 43/52/50 44/53/51
f 37/45/45 36/43/43 51/51/49 52/54/52
f 30/46/46 29/44/44 44/53/51 45/55/53
f 38/47/47 37/45/45 52/54/52 53/56/54
f 31/33/33 30/46/46 45/55/53 46/57/55
f 24/35/35 1/58/30 39/59/56
f 38/47/47 53/56/54 8/60/32
f 32/34/34 31/33/33 46/57/55 47/61/57
f 25/36/36 24/35/35 39/59/56 40/62/58
f 33/37/37 32/34/34 47/61/57 48/63/59
f 26/38/38 25/36/36 40/62/58 41/64/60
f 34/39/39 33/37/37 48/63/59 49/65/61
f 27/40/40 26/38/38 41/64/60 42/66/62
f 35/41/41 34/39/39 49/65/61 50/50/48
f 28/42/42 27/40/40 42/66/62 43/52/50
f 40/62/58 39/59/56 54/67/63 55/68/64
f 48/63/59 47/61/57 62/69/65 63/70/66
f 41/64/60 40/62/58 55/68/64 56/71/67
f 49/65/61 48/63/59 63/70/66 64/72/68
f 42/66/62 41/64/60 56/71/67 57/73/69
f 50/50/48 49/65/61 64/72/68 65/74/70
f 43/52/50 42/66/62 57/73/69 58/75/71
f 51/51/49 50/50/48 65/74/70 66/76/72
f 44/53/51 43/52/50 58/75/71 59/77/73
f 52/54/52 51/51/49 66/76/72 67/78/74
f 45/55/53 44/53/51 59/77/73 60/79/75
f 53/56/54 52/54/52 67/78/74 68/80/76
f 46/57/55 45/55/53 60/79/75 61/81/77
f 39/59/56 1/82/30 54/67/63
f 53/56/54 68/80/76 8/83/32
f 47/61/57 46/57/55 61/81/77 62/69/65
f 59/77/73 58/75/71 73/84/78 74/85/79
f 67/78/74 66/76/72 81/86/80 82/87/81
f 60/79/75 59/77/73 74/85/79 75/88/82
f 68/80/76 67/78/74 82/87/81 83/89/83
f 61/81/77 60/79/75 75/88/82 76/90/84
f 54/67/63 1/91/30 69/92/85
f 68/80/76 83/89/83 8/93/32
f 62/69/65 61/81/77 76/90/84 77/94/86
f 55/68/64 54/67/63 69/92/85 70/95/87
f 63/70/66 62/69/65 77/94/86 78/96/88
f 56/71/67 55/68/64 70/95/87 71/97/89
f 64/72/68 63/70/66 78/96/88 79/98/90
f 57/73/69 56/71/67 71/97/89 72/99/91
f 65/74/70 64/72/68 79/98/90 80/100/92
f 58/75/71 57/73/69 72/99/91 73/84/78
f 66/76/72 65/74/70 80/100/92 81/86/80
f 78/96/88 77/94/86 92/101/93 93/102/94
f 71/97/89 70/95/87 85/103/95 86/104/96
f 79/98/90 78/96/88 93/102/94 94/105/97
f 72/99/91 71/97/89 86/104/96 87/106/98
f 80/100/92 79/98/90 94/105/97 95/107/99
f 73/84/78 72/99/91 87/106/98 88/108/100
f 81/86/80 80/100/92 95/107/99 96/109/101
f 74/85/79 73/84/78 88/108/100 89/110/102
f 82/87/81 81/86/80 96/109/101 97/111/103
f 75/88/82 74/85/79 89/110/102 90/112/104
f 83/89/83 82/87/81 97/111/103 98/113/105
f 76/90/84 75/88/82 90/112/104 91/114/106
f 69/92/85 1/115/30 84/116/107
f 83/89/83 98/113/105 8/117/32
f 77/94/86 76/90/84 91/114/106 92/101/93
f 70/95/87 69/92/85 84/116/107 85/103/95
f 97/111/103 96/109/101 111/118/108 112/119/109
f 90/112/104 89/110/102 104/120/110 105/121/111
f 98/113/105 97/111/103 112/119/109 113/122/112
f 91/114/106 90/112/104 105/121/111 106/123/113
f 84/116/107 1/124/30 99/125/114
f 98/113/105 113/122/112 8/126/32
f 92/101/93 91/114/106 106/123/113 107/127/115
f 85/103/95 84/116/107 99/125/114 100/128/116
f 93/102/94 92/101/93 107/127/115 108/129/117
f 86/104/96 85/103/95 100/128/116 101/130/118
f 94/105/97 93/102/94 108/129/117 109/131/119
f 87/106/98 86/104/96 101/130/118 102/132/120
f 95/107/99 94/105/97 109/131/119 110/133/121
f 88/108/100 87/106/98 102/132/120 103/134/122
f 96/109/101 95/107/99 110/133/121 111/118/108
f 89/110/102 88/108/100 103/134/122 104/120/110
f 109/131/119 108/129/117 122/135/123 123/136/124
f 102/132/120 101/130/118 116/137/125 117/138/126
f 110/133/121 109/131/119 123/136/124 124/139/127
f 103/134/122 102/132/120 117/138/126 118/140/128
f 111/118/108 110/133/121 124/139/127 125/141/129
f 104/120/110 103/134/122 118/140/128 119/142/130
f 112/119/109 111/118/108 125/141/129 126/143/131
f 105/121/111 104/120/110 119/142/130 120/144/132
f 113/122/112 112/119/109 126/143/131 127/145/133
f 120/144/132 423/146/134 422/147/135 106/123/113 105/121/111
f 99/125/114 1/148/30 114/149/136
f 113/122/112 127/145/133 8/150/32
f 121/151/137 107/127/115 106/123/113 422/147/135 424/152/138
f 100/128/116 99/125/114 114/149/136 115/153/139
f 108/129/117 107/127/115 121/151/137 122/135/123
f 101/130/118 100/128/116 115/153/139 116/137/125
f 127/145/133 126/143/131 140/154/140 141/155/141
f 423/146/134 120/144/132 134/156/142 425/157/143
f 1/158/30 128/159/144 114/149/136
f 8/160/32 127/145/133 141/155/141
f 135/161/145 121/151/137 424/152/138 426/162/146
f 115/153/139 114/149/136 128/159/144 129/163/147
f 122/135/123 121/151/137 135/161/145 136/164/148
f 116/137/125 115/153/139 129/163/147 130/165/149
f 123/136/124 122/135/123 136/164/148 137/166/150
f 117/138/126 116/137/125 130/165/149 131/167/151
f 124/139/127 123/136/124 137/166/150 138/168/152
f 118/140/128 117/138/126 131/167/151 132/169/153
f 125/141/129 124/139/127 138/168/152 139/170/154
f 119/142/130 118/140/128 132/169/153 133/171/155
f 126/143/131 125/141/129 139/170/154 140/154/140
f 120/144/132 119/142/130 133/171/155 134/156/142
f 131/167/151 130/165/149 144/172/156 145/173/157
f 138/168/152 137/166/150 149/174/158 150/175/159
f 132/169/153 131/167/151 145/173/157 146/176/160
f 139/170/154 138/168/152 150/175/159 151/177/161
f 133/171/155 132/169/153 146/176/160 147/178/162
f 140/154/140 139/170/154 151/177/161 152/179/163
f 147/178/162 428/180/164 427/181/165 134/156/142 133/171/155
f 141/155/141 140/154/140 152/179/163 153/182/166
f 425/157/143 134/156/142 427/181/165
f 1/183/30 142/184/167 128/159/144
f 8/185/32 141/155/141 153/182/166
f 429/186/168 135/161/145 426/162/146
f 129/163/147 128/159/144 142/184/167 143/187/169
f 148/188/170 136/164/148 135/161/145 429/186/168 430/189/171
f 130/165/149 129/163/147 143/187/169 144/172/156
f 137/166/150 136/164/148 148/188/170 149/174/158
f 1/190/30 154/191/172 142/184/167
f 8/192/32 153/182/166 165/193/173
f 143/187/169 142/184/167 154/191/172 155/194/174
f 160/195/175 148/188/170 430/189/171 431/196/176
f 144/172/156 143/187/169 155/194/174 156/197/177
f 149/174/158 148/188/170 160/195/175 161/198/178
f 145/173/157 144/172/156 156/197/177 157/199/179
f 150/175/159 149/174/158 161/198/178 162/200/180
f 146/176/160 145/173/157 157/199/179 158/201/181
f 151/177/161 150/175/159 162/200/180 163/202/182
f 147/178/162 146/176/160 158/201/181 159/203/183
f 152/179/163 151/177/161 163/202/182 164/204/184
f 428/180/164 147/178/162 159/203/183 432/205/185
f 153/182/166 152/179/163 164/204/184 165/193/173
f 162/200/180 161/198/178 171/206/186 172/207/187
f 158/201/181 157/199/179 169/208/188 170/209/189
f 163/202/182 162/200/180 172/207/187 173/210/190
f 170/209/189 434/211/191 433/212/192 159/203/183 158/201/181
f 164/204/184 163/202/182 173/210/190 174/213/193
f 432/205/185 159/203/183 433/212/192
f 165/193/173 164/204/184 174/213/193 175/214/194
f 1/215/30 166/216/195 154/191/172
f 8/217/32 165/193/173 175/214/194
f 155/194/174 154/191/172 166/216/195 167/218/196
f 435/219/197 160/195/175 431/196/176
f 156/197/177 155/194/174 167/218/196 168/220/198
f 171/206/186 161/198/178 160/195/175 435/219/197 436/221/199
f 157/199/179 156/197/177 168/220/198 169/208/188
f 1/222/30 176/223/200 166/216/195
f 8/224/32 175/214/194 185/225/201
f 167/218/196 166/216/195 176/223/200 177/226/202
f 168/220/198 167/218/196 177/226/202 178/227/203
f 437/228/204 181/229/205 171/206/186 436/221/199
f 169/208/188 168/220/198 178/227/203 179/230/206
f 172/207/187 171/206/186 181/229/205 182/231/207
f 170/209/189 169/208/188 179/230/206 180/232/208
f 173/210/190 172/207/187 182/231/207 183/233/209
f 434/211/191 170/209/189 180/232/208 438/234/210
f 174/213/193 173/210/190 183/233/209 184/235/211
f 175/214/194 174/213/193 184/235/211 185/225/201
f 180/232/208 179/230/206 189/236/212 190/237/213
f 183/233/209 182/231/207 192/238/214 193/239/215
f 438/234/210 180/232/208 190/237/213 439/240/216
f 184/235/211 183/233/209 193/239/215 194/241/217
f 185/225/201 184/235/211 194/241/217 195/242/218
f 1/243/30 186/244/219 176/223/200
f 8/245/32 185/225/201 195/242/218
f 177/226/202 176/223/200 186/244/219 187/246/220
f 178/227/203 177/226/202 187/246/220 188/247/221
f 440/248/222 191/249/223 181/229/205 437/228/204
f 179/230/206 178/227/203 188/247/221 189/236/212
f 182/231/207 181/229/205 191/249/223 192/238/214
f 187/246/220 186/244/219 196/250/224 197/251/225
f 188/247/221 187/246/220 197/251/225 198/252/226
f 441/253/227 201/254/228 191/249/223 440/248/222
f 189/236/212 188/247/221 198/252/226 199/255/229
f 192/238/214 191/249/223 201/254/228 202/256/230
f 190/237/213 189/236/212 199/255/229 200/257/231
f 193/239/215 192/238/214 202/256/230 203/258/232
f 439/240/216 190/237/213 200/257/231 442/259/233
f 194/241/217 193/239/215 203/258/232 204/260/234
f 195/242/218 194/241/217 204/260/234 205/261/235
f 1/262/30 196/250/224 186/244/219
f 8/263/32 195/242/218 205/261/235
f 203/258/232 202/256/230 212/264/236 213/265/237
f 442/259/233 200/257/231 210/266/238 443/267/239
f 204/260/234 203/258/232 213/265/237 214/268/240
f 205/261/235 204/260/234 214/268/240 215/269/241
f 1/270/30 206/271/242 196/250/224
f 8/272/32 205/261/235 215/269/241
f 197/251/225 196/250/224 206/271/242 207/273/243
f 198/252/226 197/251/225 207/273/243 208/274/244
f 444/275/245 211/276/246 201/254/228 441/253/227
f 199/255/229 198/252/226 208/274/244 209/277/247
f 202/256/230 201/254/228 211/276/246 212/264/236
f 200/257/231 199/255/229 209/277/247 210/266/238
f 208/274/244 207/273/243 217/278/248 218/279/249
f 221/280/250 211/276/246 444/275/245 445/281/251
f 209/277/247 208/274/244 218/279/249 219/282/252
f 212/264/236 211/276/246 221/280/250 222/283/253
f 210/266/238 209/277/247 219/282/252 220/284/254
f 213/265/237 212/264/236 222/283/253 223/285/255
f 443/267/239 210/266/238 220/284/254 446/286/256
f 214/268/240 213/265/237 223/285/255 224/287/257
f 215/269/241 214/268/240 224/287/257 225/288/258
f 216/289/259 206/271/242 1/290/30
f 225/288/258 8/291/32 215/269/241
f 207/273/243 206/271/242 216/289/259 217/278/248
f 224/287/257 223/285/255 233/292/260 234/293/261
f 225/288/258 224/287/257 234/293/261 235/294/262
f 226/295/263 216/289/259 1/296/30
f 235/294/262 8/297/32 225/288/258
f 217/278/248 216/289/259 226/295/263 227/298/264
f 218/279/249 217/278/248 227/298/264 228/299/265
f 231/300/266 221/280/250 445/281/251 447/301/267
f 219/282/252 218/279/249 228/299/265 229/302/268
f 222/283/253 221/280/250 231/300/266 232/303/269
f 220/284/254 219/282/252 229/302/268 230/304/270
f 223/285/255 222/283/253 232/303/269 233/292/260
f 446/286/256 220/284/254 230/304/270 448/305/271
f 228/299/265 227/298/264 237/306/272 238/307/273
f 241/308/274 231/300/266 447/301/267 449/309/275
f 229/302/268 228/299/265 238/307/273 239/310/276
f 232/303/269 231/300/266 241/308/274 242/311/277
f 230/304/270 229/302/268 239/310/276 240/312/278
f 233/292/260 232/303/269 242/311/277 243/313/279
f 448/305/271 230/304/270 240/312/278 450/314/280
f 234/293/261 233/292/260 243/313/279 244/315/281
f 235/294/262 234/293/261 244/315/281 245/316/282
f 236/317/283 226/295/263 1/318/30
f 245/316/282 8/319/32 235/294/262
f 227/298/264 226/295/263 236/317/283 237/306/272
f 245/316/282 244/315/281 254/320/284 255/321/285
f 246/322/286 236/317/283 1/323/30
f 255/321/285 8/324/32 245/316/282
f 237/306/272 236/317/283 246/322/286 247/325/287
f 238/307/273 237/306/272 247/325/287 248/326/288
f 251/327/289 241/308/274 449/309/275 451/328/290
f 239/310/276 238/307/273 248/326/288 249/329/291
f 242/311/277 241/308/274 251/327/289 252/330/292
f 240/312/278 239/310/276 249/329/291 250/331/293
f 243/313/279 242/311/277 252/330/292 253/332/294
f 450/314/280 240/312/278 250/331/293 452/333/295
f 244/315/281 243/313/279 253/332/294 254/320/284
f 262/334/296 263/335/297 251/327/289 451/328/290 453/336/298
f 249/329/291 248/326/288 258/337/299 259/338/300
f 252/330/292 251/327/289 263/335/297 264/339/301
f 250/331/293 249/329/291 259/338/300 260/340/302
f 253/332/294 252/330/292 264/339/301 265/341/303
f 452/333/295 250/331/293 260/340/302 261/342/304 454/343/305
f 254/320/284 253/332/294 265/341/303 266/344/306
f 454/343/305 261/342/304 455/345/307
f 255/321/285 254/320/284 266/344/306 267/346/308
f 256/347/309 246/322/286 1/348/30
f 267/346/308 8/349/32 255/321/285
f 247/325/287 246/322/286 256/347/309 257/350/310
f 262/334/296 453/336/298 456/351/311
f 248/326/288 247/325/287 257/350/310 258/337/299
f 267/346/308 266/344/306 278/352/312 279/353/313
f 268/354/314 256/347/309 1/355/30
f 279/353/313 8/356/32 267/346/308
f 257/350/310 256/347/309 268/354/314 269/357/315
f 274/358/316 262/334/296 456/351/311 457/359/317
f 258/337/299 257/350/310 269/357/315 270/360/318
f 263/335/297 262/334/296 274/358/316 275/361/319
f 259/338/300 258/337/299 270/360/318 271/362/320
f 264/339/301 263/335/297 275/361/319 276/363/321
f 260/340/302 259/338/300 271/362/320 272/364/322
f 265/341/303 264/339/301 276/363/321 277/365/323
f 261/342/304 260/340/302 272/364/322 273/366/324
f 266/344/306 265/341/303 277/365/323 278/352/312
f 455/345/307 261/342/304 273/366/324 458/367/325
f 271/362/320 270/360/318 282/368/326 283/369/327
f 276/363/321 275/361/319 289/370/328 290/371/329
f 272/364/322 271/362/320 283/369/327 284/372/330
f 277/365/323 276/363/321 290/371/329 291/373/331
f 273/366/324 272/364/322 284/372/330 285/374/332
f 278/352/312 277/365/323 291/373/331 292/375/333
f 458/367/325 273/366/324 285/374/332 286/376/334 459/377/335
f 279/353/313 278/352/312 292/375/333 293/378/336
f 459/377/335 286/376/334 460/379/337
f 280/380/338 268/354/314 1/381/30
f 293/378/336 8/382/32 279/353/313
f 287/383/339 462/384/340 461/385/341
f 269/357/315 268/354/314 280/380/338 281/386/342
f 287/383/339 288/387/343 274/358/316 457/359/317 462/384/340
f 270/360/318 269/357/315 281/386/342 282/368/326
f 275/361/319 274/358/316 288/387/343 289/370/328
f 460/379/337 286/376/334 300/388/344 463/389/345
f 294/390/346 280/380/338 1/391/30
f 307/392/347 8/393/32 293/378/336
f 301/394/348 287/383/339 461/385/341 464/395/349
f 281/386/342 280/380/338 294/390/346 295/396/350
f 288/387/343 287/383/339 301/394/348 302/397/351
f 282/368/326 281/386/342 295/396/350 296/398/352
f 289/370/328 288/387/343 302/397/351 303/399/353
f 283/369/327 282/368/326 296/398/352 297/400/354
f 290/371/329 289/370/328 303/399/353 304/401/355
f 284/372/330 283/369/327 297/400/354 298/402/356
f 291/373/331 290/371/329 304/401/355 305/403/357
f 285/374/332 284/372/330 298/402/356 299/404/358
f 292/375/333 291/373/331 305/403/357 306/405/359
f 286/376/334 285/374/332 299/404/358 300/388/344
f 293/378/336 292/375/333 306/405/359 307/392/347
f 304/406/355 303/407/353 318/408/360 319/409/361
f 298/410/356 297/411/354 311/412/362 312/413/363
f 305/414/357 304/406/355 319/409/361 320/415/364
f 299/416/358 298/410/356 312/413/363 313/417/365
f 306/418/359 305/414/357 320/415/364 321/419/366
f 300/420/344 299/416/358 313/417/365 314/421/367
f 307/422/347 306/418/359 321/419/366 322/423/368
f 300/420/344 314/421/367 315/424/369 465/425/370 463/426/345
f 308/427/371 294/428/346 1/429/30
f 322/423/368 8/430/32 307/422/347
f 301/431/348 464/432/349 465/425/370 315/424/369 316/433/372
f 295/434/350 294/428/346 308/427/371 309/435/373
f 302/436/351 301/431/348 316/433/372 317/437/374
f 296/438/352 295/434/350 309/435/373 310/439/375
f 303/407/353 302/436/351 317/437/374 318/408/360
f 297/411/354 296/438/352 310/439/375 311/412/362
f 337/440/376 8/441/32 322/423/368
f 316/433/372 315/424/369 330/442/377 331/443/378
f 309/435/373 308/427/371 323/444/379 324/445/380
f 317/437/374 316/433/372 331/443/378 332/446/381
f 310/439/375 309/435/373 324/445/380 325/447/382
f 318/408/360 317/437/374 332/446/381 333/448/383
f 311/412/362 310/439/375 325/447/382 326/449/384
f 319/409/361 318/408/360 333/448/383 334/450/385
f 312/413/363 311/412/362 326/449/384 327/451/386
f 320/415/364 319/409/361 334/450/385 335/452/387
f 313/417/365 312/413/363 327/451/386 328/453/388
f 321/419/366 320/415/364 335/452/387 336/454/389
f 314/421/367 313/417/365 328/453/388 329/455/390
f 322/423/368 321/419/366 336/454/389 337/440/376
f 315/424/369 314/421/367 329/455/390 330/442/377
f 323/444/379 308/427/371 1/456/30
f 335/452/387 334/450/385 349/457/391 350/458/392
f 328/453/388 327/451/386 342/459/393 343/460/394
f 336/454/389 335/452/387 350/458/392 351/461/395
f 329/455/390 328/453/388 343/460/394 344/462/396
f 337/440/376 336/454/389 351/461/395 352/463/397
f 330/442/377 329/455/390 344/462/396 345/464/398
f 338/465/399 323/444/379 1/466/30
f 352/463/397 8/467/32 337/440/376
f 331/443/378 330/442/377 345/464/398 346/468/400
f 324/445/380 323/444/379 338/465/399 339/469/401
f 332/446/381 331/443/378 346/468/400 347/470/402
f 325/447/382 324/445/380 339/469/401 340/471/403
f 333/448/383 332/446/381 347/470/402 348/472/404
f 326/449/384 325/447/382 340/471/403 341/473/405
f 334/450/385 333/448/383 348/472/404 349/457/391
f 327/451/386 326/449/384 341/473/405 342/459/393
f 339/469/401 338/465/399 353/474/406 354/475/407
f 347/470/402 346/468/400 361/476/408 362/477/409
f 340/471/403 339/469/401 354/475/407 355/478/410
f 348/472/404 347/470/402 362/477/409 363/479/411
f 341/473/405 340/471/403 355/478/410 356/480/412
f 349/457/391 348/472/404 363/479/411 364/481/413
f 342/459/393 341/473/405 356/480/412 357/482/414
f 350/458/392 349/457/391 364/481/413 365/483/415
f 343/460/394 342/459/393 357/482/414 358/484/416
f 351/461/395 350/458/392 365/483/415 366/485/417
f 344/462/396 343/460/394 358/484/416 359/486/418
f 352/463/397 351/461/395 366/485/417 367/487/419
f 345/464/398 344/462/396 359/486/418 360/488/420
f 353/474/406 338/465/399 1/489/30
f 367/487/419 8/490/32 352/463/397
f 346/468/400 345/464/398 360/488/420 361/476/408
f 358/484/416 357/482/414 372/491/421 373/492/422
f 366/485/417 365/483/415 380/493/423 381/494/424
f 359/486/418 358/484/416 373/492/422 374/495/425
f 367/487/419 366/485/417 381/494/424 382/496/426
f 360/488/420 359/486/418 374/495/425 375/497/427
f 368/498/428 353/474/406 1/499/30
f 382/496/426 8/500/32 367/487/419
f 361/476/408 360/488/420 375/497/427 376/501/429
f 354/475/407 353/474/406 368/498/428 369/502/430
f 362/477/409 361/476/408 376/501/429 377/503/431
f 355/478/410 354/475/407 369/502/430 370/504/432
f 363/479/411 362/477/409 377/503/431 378/505/433
f 356/480/412 355/478/410 370/504/432 371/506/434
f 364/481/413 363/479/411 378/505/433 379/507/435
f 357/482/414 356/480/412 371/506/434 372/491/421
f 365/483/415 364/481/413 379/507/435 380/493/423
f 377/503/431 376/501/429 391/508/436 392/509/437
f 370/504/432 369/502/430 384/510/438 385/511/439
f 378/505/433 377/503/431 392/509/437 393/512/440
f 371/506/434 370/504/432 385/511/439 386/513/441
f 379/507/435 378/505/433 393/512/440 394/514/442
f 372/491/421 371/506/434 386/513/441 387/515/443
f 380/493/423 379/507/435 394/514/442 395/516/444
f 373/492/422 372/491/421 387/515/443 388/517/445
f 381/494/424 380/493/423 395/516/444 396/518/446
f 374/495/425 373/492/422 388/517/445 389/519/447
f 382/496/426 381/494/424 396/518/446 397/520/448
f 375/497/427 374/495/425 389/519/447 390/521/449
f 383/522/450 368/498/428 1/523/30
f 397/520/448 8/524/32 382/496/426
f 376/501/429 375/497/427 390/521/449 391/508/436
f 369/502/430 368/498/428 383/522/450 384/510/438
f 396/518/446 395/516/444 410/525/451 411/526/452
f 389/519/447 388/517/445 403/527/453 404/528/454
f 397/520/448 396/518/446 411/526/452 412/529/455
f 390/521/449 389/519/447 404/528/454 405/530/456
f 398/531/457 383/522/450 1/532/30
f 412/529/455 8/533/32 397/520/448
f 391/508/436 390/521/449 405/530/456 406/534/458
f 384/510/438 383/522/450 398/531/457 399/535/459
f 392/509/437 391/508/436 406/534/458 407/536/460
f 385/511/439 384/510/438 399/535/459 400/537/461
f 393/512/440 392/509/437 407/536/460 408/538/462
f 386/513/441 385/511/439 400/537/461 401/539/463
f 394/514/442 393/512/440 408/538/462 409/540/464
f 387/515/443 386/513/441 401/539/463 402/541/465
f 395/516/444 394/514/442 409/540/464 410/525/451
f 388/517/445 387/515/443 402/541/465 403/527/453
f 400/537/461 399/535/459 414/6/6 2/5/5
f 408/538/462 407/536/460 417/1/1 7/9/9
f 401/539/463 400/537/461 2/5/5 415/11/11
f 409/540/464 408/538/462 7/9/9 418/13/13
f 402/541/465 401/539/463 415/11/11 3/15/15
f 410/525/451 409/540/464 418/13/13 419/17/17
f 403/527/453 402/541/465 3/15/15 416/19/19
f 411/526/452 410/525/451 419/17/17 420/21/21
f 404/528/454 403/527/453 416/19/19 4/23/23
f 412/529/455 411/526/452 420/21/21 421/25/25
f 405/530/456 404/528/454 4/23/23 5/27/27
f 398/531/457 1/542/30 413/29/29
f 412/529/455 421/25/25 8/543/32
f 406/534/458 405/530/456 5/27/27 6/2/2
f 399/535/459 398/531/457 413/29/29 414/6/6
f 407/536/460 406/534/458 6/2/2 417/1/1
usemtl black
f 443/544/466 446/544/466 448/544/466 450/544/466 452/544/466 454/544/466 455/544/466 458/544/466 459/544/466 460/544/466 463/544/466 465/544/466 422/544/466 423/544/466 425/544/466 427/544/466 428/544/466 432/544/466 433/544/466 434/544/466 438/544/466 439/544/466 442/544/466
f 451/544/467 449/544/467 447/544/467 445/544/467 444/544/467 441/544/467 440/544/467 437/544/467 436/544/467 435/544/467 431/544/467 430/544/467 429/544/467 426/544/467 424/544/467 422/544/467 465/544/467 464/544/467 461/544/467 462/544/467 457/544/467 456/544/467 453/544/467
f 468/9/468 832/1/469 473/4/470 474/10/471
f 833/13/472 468/9/468 474/10/471 475/14/473
f 469/17/474 833/13/472 475/14/473 476/18/475
f 834/21/476 469/17/474 476/18/475 477/22/477
f 835/25/478 834/21/476 477/22/477 478/26/479
s 0
f 471/28/480 831/27/27 836/27/481 837/28/482
s 1
f 470/32/483 835/25/478 478/26/479
f 467/2/484 831/27/485 471/28/486 472/3/487
f 832/1/469 467/2/484 472/3/487 473/4/470
f 473/4/470 472/3/487 480/34/488 481/37/489
f 474/10/471 473/4/470 481/37/489 482/39/490
f 475/14/473 474/10/471 482/39/490 483/41/491
f 476/18/475 475/14/473 483/41/491 484/43/492
f 477/22/477 476/18/475 484/43/492 485/45/493
f 478/26/479 477/22/477 485/45/493 486/47/494
s 0
f 479/33/495 471/28/482 837/28/496 838/33/482
s 1
f 470/49/483 478/26/479 486/47/494
f 472/3/487 471/28/486 479/33/497 480/34/488
f 485/45/493 484/43/492 492/51/498 493/54/499
f 486/47/494 485/45/493 493/54/499 494/56/500
s 0
f 487/57/501 479/33/27 838/33/502 839/57/482
s 1
f 470/60/483 486/47/494 494/56/500
f 480/34/488 479/33/497 487/57/501 488/61/503
f 481/37/489 480/34/488 488/61/503 489/63/504
f 482/39/490 481/37/489 489/63/504 490/65/505
f 483/41/491 482/39/490 490/65/505 491/50/506
f 484/43/492 483/41/491 491/50/506 492/51/498
f 489/63/504 488/61/503 496/69/507 497/70/508
f 490/65/505 489/63/504 497/70/508 498/72/509
f 491/50/506 490/65/505 498/72/509 499/74/510
f 492/51/498 491/50/506 499/74/510 500/76/511
f 493/54/499 492/51/498 500/76/511 501/78/512
f 494/56/500 493/54/499 501/78/512 502/80/513
s 0
f 495/81/514 487/57/27 839/57/515 840/81/482
s 1
f 470/83/483 494/56/500 502/80/513
f 488/61/503 487/57/501 495/81/514 496/69/507
f 501/78/512 500/76/511 508/86/516 509/87/517
f 502/80/513 501/78/512 509/87/517 510/89/518
s 0
f 503/90/519 495/81/482 840/81/520 841/90/482
s 1
f 470/93/483 502/80/513 510/89/518
f 496/69/507 495/81/514 503/90/519 504/94/521
f 497/70/508 496/69/507 504/94/521 505/96/522
f 498/72/509 497/70/508 505/96/522 506/98/523
f 499/74/510 498/72/509 506/98/523 507/100/524
f 500/76/511 499/74/510 507/100/524 508/86/516
f 506/98/523 505/96/522 513/102/525 514/105/526
f 507/100/524 506/98/523 514/105/526 515/107/527
f 508/86/516 507/100/524 515/107/527 516/109/528
f 509/87/517 508/86/516 516/109/528 517/111/529
f 510/89/518 509/87/517 517/111/529 518/113/530
s 0
f 511/114/531 503/90/482 841/90/532 842/114/482
s 1
f 470/117/483 510/89/518 518/113/530
f 504/94/521 503/90/519 511/114/531 512/101/533
f 505/96/522 504/94/521 512/101/533 513/102/525
f 518/113/530 517/111/529 525/119/534 526/122/535
s 0
f 519/123/536 511/114/482 842/114/537 843/123/482
s 1
f 470/126/483 518/113/530 526/122/535
f 512/101/533 511/114/531 519/123/536 520/127/538
f 513/102/525 512/101/533 520/127/538 521/129/539
f 514/105/526 513/102/525 521/129/539 522/131/540
f 515/107/527 514/105/526 522/131/540 523/133/541
f 516/109/528 515/107/527 523/133/541 524/118/542
f 517/111/529 516/109/528 524/118/542 525/119/534
f 522/131/540 521/129/539 536/135/543 537/136/544
s 0
f 529/137/545 530/138/27 845/138/30 844/137/27
s 1
f 523/133/541 522/131/540 537/136/544 538/139/546
s 0
f 530/138/547 531/140/482 846/140/548 845/138/482
s 1
f 524/118/542 523/133/541 538/139/546 539/141/549
s 0
f 531/140/550 532/142/482 847/142/30 846/140/482
s 1
f 525/119/534 524/118/542 539/141/549 540/143/551
s 0
f 532/142/552 533/144/482 848/144/553 847/142/482
s 1
f 526/122/535 525/119/534 540/143/551 541/145/554
s 0
f 533/144/555 534/545/556 519/123/482 843/123/557 849/545/558 848/144/482
f 466/148/559 527/149/27 850/149/560
s 1
f 470/150/483 526/122/535 541/145/554
f 520/127/538 519/123/536 534/545/556 535/151/561
s 0
f 527/149/562 528/153/27 851/153/563 850/149/27
s 1
f 521/129/539 520/127/538 535/151/561 536/135/543
s 0
f 528/153/564 529/137/27 844/137/30 851/153/482
s 1
f 541/145/554 540/143/551 555/154/565 556/155/566
f 534/545/556 533/144/555 548/156/567 549/546/568
f 466/158/569 542/159/570 527/149/571
f 470/160/483 541/145/554 556/155/566
f 535/151/561 534/545/556 549/546/568 550/161/572
f 528/153/573 527/149/571 542/159/570 543/163/574
f 536/135/543 535/151/561 550/161/572 551/164/575
f 529/137/576 528/153/573 543/163/574 544/165/577
f 537/136/544 536/135/543 551/164/575 552/166/578
f 530/138/579 529/137/576 544/165/577 545/167/580
f 538/139/546 537/136/544 552/166/578 553/168/581
f 531/140/582 530/138/579 545/167/580 546/169/583
f 539/141/549 538/139/546 553/168/581 554/170/584
f 532/142/585 531/140/582 546/169/583 547/171/586
f 540/143/551 539/141/549 554/170/584 555/154/565
f 533/144/555 532/142/585 547/171/586 548/156/567
f 553/168/581 552/166/578 567/174/587 568/175/588
f 546/169/583 545/167/580 560/173/589 561/176/590
f 554/170/584 553/168/581 568/175/588 569/177/591
f 547/171/586 546/169/583 561/176/590 562/178/592
f 555/154/565 554/170/584 569/177/591 570/179/593
f 548/156/567 547/171/586 562/178/592 563/547/594
f 556/155/566 555/154/565 570/179/593 571/182/595
f 549/546/568 548/156/567 563/547/594 564/548/596
f 466/183/569 557/184/597 542/159/570
f 470/185/483 556/155/566 571/182/595
f 550/161/572 549/546/568 564/548/596 565/549/598
f 543/163/574 542/159/570 557/184/597 558/187/599
f 551/164/575 550/161/572 565/549/598 566/188/600
f 544/165/577 543/163/574 558/187/599 559/172/601
f 552/166/578 551/164/575 566/188/600 567/174/587
f 545/167/580 544/165/577 559/172/601 560/173/589
f 466/190/569 572/191/602 557/184/597
f 470/192/483 571/182/595 586/193/603
f 565/549/598 564/548/596 579/550/604 580/551/605
f 558/187/599 557/184/597 572/191/602 573/194/606
f 566/188/600 565/549/598 580/551/605 581/195/607
f 559/172/601 558/187/599 573/194/606 574/197/608
f 567/174/587 566/188/600 581/195/607 582/198/609
f 560/173/589 559/172/601 574/197/608 575/199/610
f 568/175/588 567/174/587 582/198/609 583/200/611
f 561/176/590 560/173/589 575/199/610 576/201/612
f 569/177/591 568/175/588 583/200/611 584/202/613
f 562/178/592 561/176/590 576/201/612 577/203/614
f 570/179/593 569/177/591 584/202/613 585/204/615
f 563/547/594 562/178/592 577/203/614 578/552/616
f 571/182/595 570/179/593 585/204/615 586/193/603
f 564/548/596 563/547/594 578/552/616 579/550/604
f 576/201/612 575/199/610 590/208/617 591/209/618
f 584/202/613 583/200/611 598/207/619 599/210/620
f 577/203/614 576/201/612 591/209/618 592/553/621
f 585/204/615 584/202/613 599/210/620 600/213/622
f 578/552/616 577/203/614 592/553/621 593/554/623
f 586/193/603 585/204/615 600/213/622 601/214/624
f 579/550/604 578/552/616 593/554/623 594/555/625
f 466/215/569 587/216/626 572/191/602
f 470/217/483 586/193/603 601/214/624
f 580/551/605 579/550/604 594/555/625 595/556/627
f 573/194/606 572/191/602 587/216/626 588/218/628
f 581/195/607 580/551/605 595/556/627 596/557/629
f 574/197/608 573/194/606 588/218/628 589/220/630
f 582/198/609 581/195/607 596/557/629 597/206/631
f 575/199/610 574/197/608 589/220/630 590/208/617
f 583/200/611 582/198/609 597/206/631 598/207/619
f 595/556/627 594/555/625 609/558/632 610/559/633
f 588/218/628 587/216/626 602/223/634 603/226/635
f 596/557/629 595/556/627 610/559/633 611/560/636
f 589/220/630 588/218/628 603/226/635 604/227/637
f 597/206/631 596/557/629 611/560/636 612/229/638
f 590/208/617 589/220/630 604/227/637 605/230/639
f 598/207/619 597/206/631 612/229/638 613/231/640
f 591/209/618 590/208/617 605/230/639 606/232/641
f 599/210/620 598/207/619 613/231/640 614/233/642
f 592/553/621 591/209/618 606/232/641 607/561/643
f 600/213/622 599/210/620 614/233/642 615/235/644
f 593/554/623 592/553/621 607/561/643 608/562/645
f 601/214/624 600/213/622 615/235/644 616/225/646
f 594/555/625 593/554/623 608/562/645 609/558/632
f 466/222/569 602/223/634 587/216/626
f 470/224/483 601/214/624 616/225/646
f 614/233/642 613/231/640 628/238/647 629/239/648
f 607/561/643 606/232/641 621/237/649 622/563/650
f 615/235/644 614/233/642 629/239/648 630/241/651
f 608/562/645 607/561/643 622/563/650 623/564/652
f 616/225/646 615/235/644 630/241/651 631/242/653
f 609/558/632 608/562/645 623/564/652 624/565/654
f 466/243/569 617/244/655 602/223/634
f 470/245/483 616/225/646 631/242/653
f 610/559/633 609/558/632 624/565/654 625/566/656
f 603/226/635 602/223/634 617/244/655 618/246/657
f 611/560/636 610/559/633 625/566/656 626/567/658
f 604/227/637 603/226/635 618/246/657 619/247/659
f 612/229/638 611/560/636 626/567/658 627/249/660
f 605/230/639 604/227/637 619/247/659 620/236/661
f 613/231/640 612/229/638 627/249/660 628/238/647
f 606/232/641 605/230/639 620/236/661 621/237/649
f 618/246/657 617/244/655 632/250/662 633/251/663
f 626/567/658 625/566/656 640/568/664 641/569/665
f 619/247/659 618/246/657 633/251/663 634/252/666
f 627/249/660 626/567/658 641/569/665 642/254/667
f 620/236/661 619/247/659 634/252/666 635/255/668
f 628/238/647 627/249/660 642/254/667 643/256/669
f 621/237/649 620/236/661 635/255/668 636/257/670
f 629/239/648 628/238/647 643/256/669 644/258/671
f 622/563/650 621/237/649 636/257/670 637/570/672
f 630/241/651 629/239/648 644/258/671 645/260/673
f 623/564/652 622/563/650 637/570/672 638/571/674
f 631/242/653 630/241/651 645/260/673 646/261/675
f 624/565/654 623/564/652 638/571/674 639/572/676
f 466/262/569 632/250/662 617/244/655
f 470/263/483 631/242/653 646/261/675
f 625/566/656 624/565/654 639/572/676 640/568/664
f 637/570/672 636/257/670 651/266/677 652/573/678
f 645/260/673 644/258/671 659/265/679 660/268/680
f 638/571/674 637/570/672 652/573/678 653/574/681
f 646/261/675 645/260/673 660/268/680 661/269/682
f 639/572/676 638/571/674 653/574/681 654/575/683
f 466/270/569 647/271/684 632/250/662
f 470/272/483 646/261/675 661/269/682
f 640/568/664 639/572/676 654/575/683 655/576/685
f 633/251/663 632/250/662 647/271/684 648/273/686
f 641/569/665 640/568/664 655/576/685 656/577/687
f 634/252/666 633/251/663 648/273/686 649/274/688
f 642/254/667 641/569/665 656/577/687 657/276/689
f 635/255/668 634/252/666 649/274/688 650/277/690
f 643/256/669 642/254/667 657/276/689 658/264/691
f 636/257/670 635/255/668 650/277/690 651/266/677
f 644/258/671 643/256/669 658/264/691 659/265/679
f 656/577/687 655/576/685 670/578/692 671/579/693
f 649/274/688 648/273/686 663/278/694 664/279/695
f 657/276/689 656/577/687 671/579/693 672/280/696
f 650/277/690 649/274/688 664/279/695 665/282/697
f 658/264/691 657/276/689 672/280/696 673/283/698
f 651/266/677 650/277/690 665/282/697 666/284/699
f 659/265/679 658/264/691 673/283/698 674/285/700
f 652/573/678 651/266/677 666/284/699 667/580/701
f 660/268/680 659/265/679 674/285/700 675/287/702
f 653/574/681 652/573/678 667/580/701 668/581/703
f 661/269/682 660/268/680 675/287/702 676/288/704
f 654/575/683 653/574/681 668/581/703 669/582/705
f 662/289/706 647/271/684 466/290/569
f 470/291/483 661/269/682 676/288/704
f 655/576/685 654/575/683 669/582/705 670/578/692
f 648/273/686 647/271/684 662/289/706 663/278/694
f 675/287/702 674/285/700 689/292/707 690/293/708
f 668/581/703 667/580/701 682/583/709 683/584/710
f 676/288/704 675/287/702 690/293/708 691/294/711
f 669/582/705 668/581/703 683/584/710 684/585/712
f 677/295/713 662/289/706 466/296/569
f 470/297/483 676/288/704 691/294/711
f 670/578/692 669/582/705 684/585/712 685/586/714
f 663/278/694 662/289/706 677/295/713 678/298/715
f 671/579/693 670/578/692 685/586/714 686/587/716
f 664/279/695 663/278/694 678/298/715 679/299/717
f 672/280/696 671/579/693 686/587/716 687/300/718
f 665/282/697 664/279/695 679/299/717 680/302/719
f 673/283/698 672/280/696 687/300/718 688/303/720
f 666/284/699 665/282/697 680/302/719 681/304/721
f 674/285/700 673/283/698 688/303/720 689/292/707
f 667/580/701 666/284/699 681/304/721 682/583/709
f 687/300/718 686/587/716 701/588/722 702/308/723
f 680/302/719 679/299/717 694/307/724 695/310/725
f 688/303/720 687/300/718 702/308/723 703/311/726
f 681/304/721 680/302/719 695/310/725 696/312/727
f 689/292/707 688/303/720 703/311/726 704/313/728
f 682/583/709 681/304/721 696/312/727 697/589/729
f 690/293/708 689/292/707 704/313/728 705/315/730
f 683/584/710 682/583/709 697/589/729 698/590/731
f 691/294/711 690/293/708 705/315/730 706/316/732
f 684/585/712 683/584/710 698/590/731 699/591/733
f 692/317/734 677/295/713 466/318/569
f 470/319/483 691/294/711 706/316/732
f 685/586/714 684/585/712 699/591/733 700/592/735
f 678/298/715 677/295/713 692/317/734 693/306/736
f 686/587/716 685/586/714 700/592/735 701/588/722
f 679/299/717 678/298/715 693/306/736 694/307/724
f 706/316/732 705/315/730 720/320/737 721/321/738
f 699/591/733 698/590/731 713/593/739 714/594/740
f 707/322/741 692/317/734 466/323/569
f 470/324/483 706/316/732 721/321/738
f 700/592/735 699/591/733 714/594/740 715/595/742
f 693/306/736 692/317/734 707/322/741 708/325/743
f 701/588/722 700/592/735 715/595/742 716/596/744
f 694/307/724 693/306/736 708/325/743 709/326/745
f 702/308/723 701/588/722 716/596/744 717/327/746
f 695/310/725 694/307/724 709/326/745 710/329/747
f 703/311/726 702/308/723 717/327/746 718/330/748
f 696/312/727 695/310/725 710/329/747 711/331/749
f 704/313/728 703/311/726 718/330/748 719/332/750
f 697/589/729 696/312/727 711/331/749 712/597/751
f 705/315/730 704/313/728 719/332/750 720/320/737
f 698/590/731 697/589/729 712/597/751 713/593/739
f 710/329/747 709/326/745 724/337/752 725/338/753
f 718/330/748 717/327/746 732/335/754 733/339/755
f 711/331/749 710/329/747 725/338/753 726/340/756
f 719/332/750 718/330/748 733/339/755 734/341/757
f 712/597/751 711/331/749 726/340/756 727/342/758
f 720/320/737 719/332/750 734/341/757 735/344/759
f 713/593/739 712/597/751 727/342/758 728/598/760
f 721/321/738 720/320/737 735/344/759 736/346/761
f 714/594/740 713/593/739 728/598/760 729/599/762
f 722/347/763 707/322/741 466/348/569
f 470/349/483 721/321/738 736/346/761
f 715/595/742 714/594/740 729/599/762 730/600/764
f 708/325/743 707/322/741 722/347/763 723/350/765
f 716/596/744 715/595/742 730/600/764 731/334/766
f 709/326/745 708/325/743 723/350/765 724/337/752
f 717/327/746 716/596/744 731/334/766 732/335/754
f 729/599/762 728/598/760 743/601/767 744/602/768
f 737/354/769 722/347/763 466/355/569
f 470/356/483 736/346/761 751/353/770
f 730/600/764 729/599/762 744/602/768 745/603/771
f 723/350/765 722/347/763 737/354/769 738/357/772
f 731/334/766 730/600/764 745/603/771 746/358/773
f 724/337/752 723/350/765 738/357/772 739/360/774
f 732/335/754 731/334/766 746/358/773 747/361/775
f 725/338/753 724/337/752 739/360/774 740/362/776
f 733/339/755 732/335/754 747/361/775 748/363/777
f 726/340/756 725/338/753 740/362/776 741/364/778
f 734/341/757 733/339/755 748/363/777 749/365/779
f 727/342/758 726/340/756 741/364/778 742/366/780
f 735/344/759 734/341/757 749/365/779 750/352/781
f 728/598/760 727/342/758 742/366/780 743/601/767
f 736/346/761 735/344/759 750/352/781 751/353/770
f 748/363/777 747/361/775 762/370/782 763/371/783
f 741/364/778 740/362/776 755/369/784 756/372/785
f 749/365/779 748/363/777 763/371/783 764/373/786
f 742/366/780 741/364/778 756/372/785 757/374/787
f 750/352/781 749/365/779 764/373/786 765/375/788
f 743/601/767 742/366/780 757/374/787 758/376/789
f 751/353/770 750/352/781 765/375/788 766/378/790
f 744/602/768 743/601/767 758/376/789 759/604/791
f 752/380/792 737/354/769 466/381/569
f 470/382/483 751/353/770 766/378/790
f 745/603/771 744/602/768 759/604/791 760/383/793
f 738/357/772 737/354/769 752/380/792 753/386/794
f 746/358/773 745/603/771 760/383/793 761/387/795
f 739/360/774 738/357/772 753/386/794 754/368/796
f 747/361/775 746/358/773 761/387/795 762/370/782
f 740/362/776 739/360/774 754/368/796 755/369/784
f 752/380/792 466/391/569 852/390/797
f 470/393/483 766/378/790 774/392/798
f 760/383/793 759/604/791 767/605/799 768/394/800
f 753/386/794 752/380/792 852/390/797 853/396/801
f 761/387/795 760/383/793 768/394/800 769/397/802
f 754/368/796 753/386/794 853/396/801 854/398/803
f 762/370/782 761/387/795 769/397/802 770/399/804
f 755/369/784 754/368/796 854/398/803 855/400/805
f 763/371/783 762/370/782 770/399/804 771/401/806
f 756/372/785 755/369/784 855/400/805 856/402/807
f 764/373/786 763/371/783 771/401/806 772/403/808
f 757/374/787 756/372/785 856/402/807 857/404/809
f 765/375/788 764/373/786 772/403/808 773/405/810
f 758/376/789 757/374/787 857/404/809 858/388/811
f 766/378/790 765/375/788 773/405/810 774/392/798
f 767/605/799 759/604/791 758/376/789 858/388/811 859/605/812 860/605/812
f 772/414/808 771/406/806 779/409/813 780/415/814
f 773/418/810 772/414/808 780/415/814 781/419/815
f 774/422/798 773/418/810 781/419/815 782/423/816
s 0
f 775/424/817 767/606/27 860/606/818 861/424/27
s 1
f 470/430/483 774/422/798 782/423/816
f 768/431/800 767/606/799 775/424/817 776/433/819
f 769/436/802 768/431/800 776/433/819 777/437/820
f 770/407/804 769/436/802 777/437/820 778/408/821
f 771/406/806 770/407/804 778/408/821 779/409/813
f 776/433/819 775/424/817 783/442/822 784/443/823
f 777/437/820 776/433/819 784/443/823 785/446/824
f 778/408/821 777/437/820 785/446/824 786/448/825
f 779/409/813 778/408/821 786/448/825 787/450/826
f 780/415/814 779/409/813 787/450/826 788/452/827
f 781/419/815 780/415/814 788/452/827 789/454/828
f 782/423/816 781/419/815 789/454/828 790/440/829
s 0
f 783/442/822 775/424/27 861/424/830 862/442/27
s 1
f 470/441/483 782/423/816 790/440/829
f 788/452/827 787/450/826 795/457/831 796/458/832
f 789/454/828 788/452/827 796/458/832 797/461/833
f 790/440/829 789/454/828 797/461/833 798/463/834
s 0
f 791/464/835 783/442/27 862/442/836 863/464/27
s 1
f 470/467/483 790/440/829 798/463/834
f 784/443/823 783/442/822 791/464/837 792/468/838
f 785/446/824 784/443/823 792/468/838 793/470/839
f 786/448/825 785/446/824 793/470/839 794/472/840
f 787/450/826 786/448/825 794/472/840 795/457/831
f 793/470/839 792/468/838 800/476/841 801/477/842
f 794/472/840 793/470/839 801/477/842 802/479/843
f 795/457/831 794/472/840 802/479/843 803/481/844
f 796/458/832 795/457/831 803/481/844 804/483/845
f 797/461/833 796/458/832 804/483/845 805/485/846
f 798/463/834 797/461/833 805/485/846 806/487/847
s 0
f 799/488/848 791/464/27 863/464/849 864/488/482
s 1
f 470/490/483 798/463/834 806/487/847
f 792/468/838 791/464/837 799/488/850 800/476/841
f 805/485/846 804/483/845 812/493/851 813/494/852
f 806/487/847 805/485/846 813/494/852 814/496/853
s 0
f 807/497/854 799/488/27 864/488/855 865/497/27
s 1
f 470/500/483 806/487/847 814/496/853
f 800/476/841 799/488/850 807/497/854 808/501/856
f 801/477/842 800/476/841 808/501/856 809/503/857
f 802/479/843 801/477/842 809/503/857 810/505/858
f 803/481/844 802/479/843 810/505/858 811/507/859
f 804/483/845 803/481/844 811/507/859 812/493/851
f 810/505/858 809/503/857 817/509/860 818/512/861
f 811/507/859 810/505/858 818/512/861 819/514/862
f 812/493/851 811/507/859 819/514/862 820/516/863
f 813/494/852 812/493/851 820/516/863 821/518/864
f 814/496/853 813/494/852 821/518/864 822/520/865
s 0
f 815/521/866 807/497/27 865/497/867 866/521/27
s 1
f 470/524/483 814/496/853 822/520/865
f 808/501/856 807/497/854 815/521/868 816/508/869
f 809/503/857 808/501/856 816/508/869 817/509/860
f 822/520/865 821/518/864 829/526/870 830/529/871
s 0
f 823/530/872 815/521/27 866/521/873 867/530/27
s 1
f 470/533/483 822/520/865 830/529/871
f 816/508/869 815/521/868 823/530/874 824/534/875
f 817/509/860 816/508/869 824/534/875 825/536/876
f 818/512/861 817/509/860 825/536/876 826/538/877
f 819/514/862 818/512/861 826/538/877 827/540/878
f 820/516/863 819/514/862 827/540/878 828/525/879
f 821/518/864 820/516/863 828/525/879 829/526/870
f 826/538/877 825/536/876 832/1/469 468/9/468
f 827/540/878 826/538/877 468/9/468 833/13/472
f 828/525/879 827/540/878 833/13/472 469/17/474
f 829/526/870 828/525/879 469/17/474 834/21/476
f 830/529/871 829/526/870 834/21/476 835/25/478
s 0
f 831/27/880 823/530/27 867/530/881 836/27/482
s 1
f 470/543/483 830/529/871 835/25/478
f 824/534/875 823/530/874 831/27/485 467/2/484
f 825/536/876 824/534/875 467/2/484 832/1/469
f 855/607/882 854/608/882 853/609/882 852/610/882 466/611/882 850/612/882 851/613/882 844/614/882 845/615/882 846/616/882 847/617/882 848/618/882 849/619/882 859/620/882 858/621/882 857/622/882 856/623/882
f 859/624/883 849/625/883 843/626/883 842/627/883 841/628/883 840/629/883 839/630/883 838/631/883 837/632/883 836/633/883 867/634/883 866/635/883 865/636/883 864/637/883 863/638/883 862/639/883 861/640/883 860/624/883
f 872/32/884 1237/25/885 880/26/886
f 869/2/887 1233/27/888 873/28/889 874/3/890
f 1234/1/891 869/2/887 874/3/890 875/4/892
f 870/9/893 1234/1/891 875/4/892 876/10/894
f 1235/13/895 870/9/893 876/10/894 877/14/896
f 871/17/897 1235/13/895 877/14/896 878/18/898
f 1236/21/899 871/17/897 878/18/898 879/22/900
f 1237/25/885 1236/21/899 879/22/900 880/26/886
s 0
f 873/28/901 1233/27/27 1238/27/482 1239/28/482
s 1
f 880/26/886 879/22/900 887/45/902 888/47/903
s 0
f 881/33/904 873/28/27 1239/28/482 1240/33/482
s 1
f 872/49/884 880/26/886 888/47/903
f 874/3/890 873/28/889 881/33/905 882/34/906
f 875/4/892 874/3/890 882/34/906 883/37/907
f 876/10/894 875/4/892 883/37/907 884/39/908
f 877/14/896 876/10/894 884/39/908 885/41/909
f 878/18/898 877/14/896 885/41/909 886/43/910
f 879/22/900 878/18/898 886/43/910 887/45/902
f 885/41/909 884/39/908 892/65/911 893/50/912
f 886/43/910 885/41/909 893/50/912 894/51/913
f 887/45/902 886/43/910 894/51/913 895/54/914
f 888/47/903 887/45/902 895/54/914 896/56/915
s 0
f 889/57/916 881/33/27 1240/33/917 1241/57/27
s 1
f 872/60/884 888/47/903 896/56/915
f 882/34/906 881/33/905 889/57/918 890/61/919
f 883/37/907 882/34/906 890/61/919 891/63/920
f 884/39/908 883/37/907 891/63/920 892/65/911
s 0
f 897/81/921 889/57/27 1241/57/922 1242/81/482
s 1
f 872/83/884 896/56/915 904/80/923
f 890/61/919 889/57/918 897/81/921 898/69/924
f 891/63/920 890/61/919 898/69/924 899/70/925
f 892/65/911 891/63/920 899/70/925 900/72/926
f 893/50/912 892/65/911 900/72/926 901/74/927
f 894/51/913 893/50/912 901/74/927 902/76/928
f 895/54/914 894/51/913 902/76/928 903/78/929
f 896/56/915 895/54/914 903/78/929 904/80/923
f 901/74/927 900/72/926 908/98/930 909/100/931
f 902/76/928 901/74/927 909/100/931 910/86/932
f 903/78/929 902/76/928 910/86/932 911/87/933
f 904/80/923 903/78/929 911/87/933 912/89/934
s 0
f 905/90/935 897/81/27 1242/81/936 1243/90/482
s 1
f 872/93/884 904/80/923 912/89/934
f 898/69/924 897/81/921 905/90/935 906/94/937
f 899/70/925 898/69/924 906/94/937 907/96/938
f 900/72/926 899/70/925 907/96/938 908/98/930
f 872/117/884 912/89/934 920/113/939
f 906/94/937 905/90/935 913/114/940 914/101/941
f 907/96/938 906/94/937 914/101/941 915/102/942
f 908/98/930 907/96/938 915/102/942 916/105/943
f 909/100/931 908/98/930 916/105/943 917/107/944
f 910/86/932 909/100/931 917/107/944 918/109/945
f 911/87/933 910/86/932 918/109/945 919/111/946
f 912/89/934 911/87/933 919/111/946 920/113/939
s 0
f 913/114/940 905/90/27 1243/90/947 1244/114/482
s 1
f 918/109/945 917/107/944 925/133/948 926/118/949
f 919/111/946 918/109/945 926/118/949 927/119/950
f 920/113/939 919/111/946 927/119/950 928/122/951
s 0
f 921/123/952 913/114/27 1244/114/953 1245/123/482
s 1
f 872/126/884 920/113/939 928/122/951
f 914/101/941 913/114/940 921/123/954 922/127/955
f 915/102/942 914/101/941 922/127/955 923/129/956
f 916/105/943 915/102/942 923/129/956 924/131/957
f 917/107/944 916/105/943 924/131/957 925/133/948
f 922/127/955 921/123/954 936/545/958 937/151/959
s 0
f 929/149/960 930/153/27 1247/153/961 1246/149/27
s 1
f 923/129/956 922/127/955 937/151/959 938/135/962
s 0
f 930/153/963 931/137/27 1248/137/964 1247/153/482
s 1
f 924/131/957 923/129/956 938/135/962 939/136/965
s 0
f 931/137/966 932/138/27 1249/138/967 1248/137/482
s 1
f 925/133/948 924/131/957 939/136/965 940/139/968
s 0
f 932/138/969 933/140/27 1250/140/970 1249/138/482
s 1
f 926/118/949 925/133/948 940/139/968 941/141/971
s 0
f 933/140/972 934/142/27 1251/142/970 1250/140/27
s 1
f 927/119/950 926/118/949 941/141/971 942/143/973
s 0
f 934/142/974 935/144/27 1252/144/975 1251/142/27
s 1
f 928/122/951 927/119/950 942/143/973 943/145/976
f 935/144/977 936/545/958 921/123/978 1245/123/979 1253/545/980 1252/144/978
s 0
f 868/148/981 929/149/27 1246/149/982
s 1
f 872/150/884 928/122/951 943/145/976
f 941/141/971 940/139/968 955/168/983 956/170/984
f 934/142/985 933/140/986 948/169/987 949/171/988
f 942/143/973 941/141/971 956/170/984 957/154/989
f 935/144/977 934/142/985 949/171/988 950/156/990
f 943/145/976 942/143/973 957/154/989 958/155/991
f 936/545/958 935/144/977 950/156/990 951/546/992
f 868/158/981 944/159/993 929/149/960
f 872/160/884 943/145/976 958/155/991
f 937/151/959 936/545/958 951/546/992 952/161/994
f 930/153/995 929/149/960 944/159/993 945/163/996
f 938/135/962 937/151/959 952/161/994 953/164/997
f 931/137/966 930/153/995 945/163/996 946/165/998
f 939/136/965 938/135/962 953/164/997 954/166/999
f 932/138/1000 931/137/966 946/165/998 947/167/1001
f 940/139/968 939/136/965 954/166/999 955/168/983
f 933/140/986 932/138/1000 947/167/1001 948/169/987
f 953/164/997 952/161/994 967/549/1002 968/188/1003
f 946/165/998 945/163/996 960/187/1004 961/172/1005
f 954/166/999 953/164/997 968/188/1003 969/174/1006
f 947/167/1001 946/165/998 961/172/1005 962/173/1007
f 955/168/983 954/166/999 969/174/1006 970/175/1008
f 948/169/987 947/167/1001 962/173/1007 963/176/1009
f 956/170/984 955/168/983 970/175/1008 971/177/1010
f 949/171/988 948/169/987 963/176/1009 964/178/1011
f 957/154/989 956/170/984 971/177/1010 972/179/1012
f 950/156/990 949/171/988 964/178/1011 965/547/1013
f 958/155/991 957/154/989 972/179/1012 973/182/1014
f 951/546/992 950/156/990 965/547/1013 966/548/1015
f 868/183/981 959/184/1016 944/159/993
f 872/185/884 958/155/991 973/182/1014
f 952/161/994 951/546/992 966/548/1015 967/549/1002
f 945/163/996 944/159/993 959/184/1016 960/187/1004
f 972/179/1012 971/177/1010 986/202/1017 987/204/1018
f 965/547/1013 964/178/1011 979/203/1019 980/552/1020
f 973/182/1014 972/179/1012 987/204/1018 988/193/1021
f 966/548/1015 965/547/1013 980/552/1020 981/550/1022
f 868/190/981 974/191/1023 959/184/1016
f 872/192/884 973/182/1014 988/193/1021
f 967/549/1002 966/548/1015 981/550/1022 982/551/1024
f 960/187/1004 959/184/1016 974/191/1023 975/194/1025
f 968/188/1003 967/549/1002 982/551/1024 983/195/1026
f 961/172/1005 960/187/1004 975/194/1025 976/197/1027
f 969/174/1006 968/188/1003 983/195/1026 984/198/1028
f 962/173/1007 961/172/1005 976/197/1027 977/199/1029
f 970/175/1008 969/174/1006 984/198/1028 985/200/1030
f 963/176/1009 962/173/1007 977/199/1029 978/201/1031
f 971/177/1010 970/175/1008 985/200/1030 986/202/1017
f 964/178/1011 963/176/1009 978/201/1031 979/203/1019
f 976/197/1027 975/194/1025 990/218/1032 991/220/1033
f 984/198/1028 983/195/1026 998/557/1034 999/206/1035
f 977/199/1029 976/197/1027 991/220/1033 992/208/1036
f 985/200/1030 984/198/1028 999/206/1035 1000/207/1037
f 978/201/1031 977/199/1029 992/208/1036 993/209/1038
f 986/202/1017 985/200/1030 1000/207/1037 1001/210/1039
f 979/203/1019 978/201/1031 993/209/1038 994/553/1040
f 987/204/1018 986/202/1017 1001/210/1039 1002/213/1041
f 980/552/1020 979/203/1019 994/553/1040 995/554/1042
f 988/193/1021 987/204/1018 1002/213/1041 1003/214/1043
f 981/550/1022 980/552/1020 995/554/1042 996/555/1044
f 868/215/981 989/216/1045 974/191/1023
f 872/217/884 988/193/1021 1003/214/1043
f 982/551/1024 981/550/1022 996/555/1044 997/556/1046
f 975/194/1025 974/191/1023 989/216/1045 990/218/1032
f 983/195/1026 982/551/1024 997/556/1046 998/557/1034
f 995/554/1042 994/553/1040 1009/561/1047 1010/562/1048
f 1003/214/1043 1002/213/1041 1017/235/1049 1018/225/1050
f 996/555/1044 995/554/1042 1010/562/1048 1011/558/1051
f 868/222/981 1004/223/1052 989/216/1045
f 872/224/884 1003/214/1043 1018/225/1050
f 997/556/1046 996/555/1044 1011/558/1051 1012/559/1053
f 990/218/1032 989/216/1045 1004/223/1052 1005/226/1054
f 998/557/1034 997/556/1046 1012/559/1053 1013/560/1055
f 991/220/1033 990/218/1032 1005/226/1054 1006/227/1056
f 999/206/1035 998/557/1034 1013/560/1055 1014/229/1057
f 992/208/1036 991/220/1033 1006/227/1056 1007/230/1058
f 1000/207/1037 999/206/1035 1014/229/1057 1015/231/1059
f 993/209/1038 992/208/1036 1007/230/1058 1008/232/1060
f 1001/210/1039 1000/207/1037 1015/231/1059 1016/233/1061
f 994/553/1040 993/209/1038 1008/232/1060 1009/561/1047
f 1002/213/1041 1001/210/1039 1016/233/1061 1017/235/1049
f 1014/229/1057 1013/560/1055 1028/567/1062 1029/249/1063
f 1007/230/1058 1006/227/1056 1021/247/1064 1022/236/1065
f 1015/231/1059 1014/229/1057 1029/249/1063 1030/238/1066
f 1008/232/1060 1007/230/1058 1022/236/1065 1023/237/1067
f 1016/233/1061 1015/231/1059 1030/238/1066 1031/239/1068
f 1009/561/1047 1008/232/1060 1023/237/1067 1024/563/1069
f 1017/235/1049 1016/233/1061 1031/239/1068 1032/241/1070
f 1010/562/1048 1009/561/1047 1024/563/1069 1025/564/1071
f 1018/225/1050 1017/235/1049 1032/241/1070 1033/242/1072
f 1011/558/1051 1010/562/1048 1025/564/1071 1026/565/1073
f 868/243/981 1019/244/1074 1004/223/1052
f 872/245/884 1018/225/1050 1033/242/1072
f 1012/559/1053 1011/558/1051 1026/565/1073 1027/566/1075
f 1005/226/1054 1004/223/1052 1019/244/1074 1020/246/1076
f 1013/560/1055 1012/559/1053 1027/566/1075 1028/567/1062
f 1006/227/1056 1005/226/1054 1020/246/1076 1021/247/1064
f 1033/242/1072 1032/241/1070 1047/260/1077 1048/261/1078
f 1026/565/1073 1025/564/1071 1040/571/1079 1041/572/1080
f 868/262/981 1034/250/1081 1019/244/1074
f 872/263/884 1033/242/1072 1048/261/1078
f 1027/566/1075 1026/565/1073 1041/572/1080 1042/568/1082
f 1020/246/1076 1019/244/1074 1034/250/1081 1035/251/1083
f 1028/567/1062 1027/566/1075 1042/568/1082 1043/569/1084
f 1021/247/1064 1020/246/1076 1035/251/1083 1036/252/1085
f 1029/249/1063 1028/567/1062 1043/569/1084 1044/254/1086
f 1022/236/1065 1021/247/1064 1036/252/1085 1037/255/1087
f 1030/238/1066 1029/249/1063 1044/254/1086 1045/256/1088
f 1023/237/1067 1022/236/1065 1037/255/1087 1038/257/1089
f 1031/239/1068 1030/238/1066 1045/256/1088 1046/258/1090
f 1024/563/1069 1023/237/1067 1038/257/1089 1039/570/1091
f 1032/241/1070 1031/239/1068 1046/258/1090 1047/260/1077
f 1025/564/1071 1024/563/1069 1039/570/1091 1040/571/1079
f 1037/255/1087 1036/252/1085 1051/274/1092 1052/277/1093
f 1045/256/1088 1044/254/1086 1059/276/1094 1060/264/1095
f 1038/257/1089 1037/255/1087 1052/277/1093 1053/266/1096
f 1046/258/1090 1045/256/1088 1060/264/1095 1061/265/1097
f 1039/570/1091 1038/257/1089 1053/266/1096 1054/573/1098
f 1047/260/1077 1046/258/1090 1061/265/1097 1062/268/1099
f 1040/571/1079 1039/570/1091 1054/573/1098 1055/574/1100
f 1048/261/1078 1047/260/1077 1062/268/1099 1063/269/1101
f 1041/572/1080 1040/571/1079 1055/574/1100 1056/575/1102
f 868/270/981 1049/271/1103 1034/250/1081
f 872/272/884 1048/261/1078 1063/269/1101
f 1042/568/1082 1041/572/1080 1056/575/1102 1057/576/1104
f 1035/251/1083 1034/250/1081 1049/271/1103 1050/273/1105
f 1043/569/1084 1042/568/1082 1057/576/1104 1058/577/1106
f 1036/252/1085 1035/251/1083 1050/273/1105 1051/274/1092
f 1044/254/1086 1043/569/1084 1058/577/1106 1059/276/1094
f 1056/575/1102 1055/574/1100 1070/581/1107 1071/582/1108
f 1064/289/1109 1049/271/1103 868/290/981
f 872/291/884 1063/269/1101 1078/288/1110
f 1057/576/1104 1056/575/1102 1071/582/1108 1072/578/1111
f 1050/273/1105 1049/271/1103 1064/289/1109 1065/278/1112
f 1058/577/1106 1057/576/1104 1072/578/1111 1073/579/1113
f 1051/274/1092 1050/273/1105 1065/278/1112 1066/279/1114
f 1059/276/1094 1058/577/1106 1073/579/1113 1074/280/1115
f 1052/277/1093 1051/274/1092 1066/279/1114 1067/282/1116
f 1060/264/1095 1059/276/1094 1074/280/1115 1075/283/1117
f 1053/266/1096 1052/277/1093 1067/282/1116 1068/284/1118
f 1061/265/1097 1060/264/1095 1075/283/1117 1076/285/1119
f 1054/573/1098 1053/266/1096 1068/284/1118 1069/580/1120
f 1062/268/1099 1061/265/1097 1076/285/1119 1077/287/1121
f 1055/574/1100 1054/573/1098 1069/580/1120 1070/581/1107
f 1063/269/1101 1062/268/1099 1077/287/1121 1078/288/1110
f 1075/283/1117 1074/280/1115 1089/300/1122 1090/303/1123
f 1068/284/1118 1067/282/1116 1082/302/1124 1083/304/1125
f 1076/285/1119 1075/283/1117 1090/303/1123 1091/292/1126
f 1069/580/1120 1068/284/1118 1083/304/1125 1084/583/1127
f 1077/287/1121 1076/285/1119 1091/292/1126 1092/293/1128
f 1070/581/1107 1069/580/1120 1084/583/1127 1085/584/1129
f 1078/288/1110 1077/287/1121 1092/293/1128 1093/294/1130
f 1071/582/1108 1070/581/1107 1085/584/1129 1086/585/1131
f 1079/295/1132 1064/289/1109 868/296/981
f 872/297/884 1078/288/1110 1093/294/1130
f 1072/578/1111 1071/582/1108 1086/585/1131 1087/586/1133
f 1065/278/1112 1064/289/1109 1079/295/1132 1080/298/1134
f 1073/579/1113 1072/578/1111 1087/586/1133 1088/587/1135
f 1066/279/1114 1065/278/1112 1080/298/1134 1081/299/1136
f 1074/280/1115 1073/579/1113 1088/587/1135 1089/300/1122
f 1067/282/1116 1066/279/1114 1081/299/1136 1082/302/1124
f 872/319/884 1093/294/1130 1108/316/1137
f 1087/586/1133 1086/585/1131 1101/591/1138 1102/592/1139
f 1080/298/1134 1079/295/1132 1094/317/1140 1095/306/1141
f 1088/587/1135 1087/586/1133 1102/592/1139 1103/588/1142
f 1081/299/1136 1080/298/1134 1095/306/1141 1096/307/1143
f 1089/300/1122 1088/587/1135 1103/588/1142 1104/308/1144
f 1082/302/1124 1081/299/1136 1096/307/1143 1097/310/1145
f 1090/303/1123 1089/300/1122 1104/308/1144 1105/311/1146
f 1083/304/1125 1082/302/1124 1097/310/1145 1098/312/1147
f 1091/292/1126 1090/303/1123 1105/311/1146 1106/313/1148
f 1084/583/1127 1083/304/1125 1098/312/1147 1099/589/1149
f 1092/293/1128 1091/292/1126 1106/313/1148 1107/315/1150
f 1085/584/1129 1084/583/1127 1099/589/1149 1100/590/1151
f 1093/294/1130 1092/293/1128 1107/315/1150 1108/316/1137
f 1086/585/1131 1085/584/1129 1100/590/1151 1101/591/1138
f 1094/317/1140 1079/295/1132 868/318/981
f 1106/313/1148 1105/311/1146 1120/330/1152 1121/332/1153
f 1099/589/1149 1098/312/1147 1113/331/1154 1114/597/1155
f 1107/315/1150 1106/313/1148 1121/332/1153 1122/320/1156
f 1100/590/1151 1099/589/1149 1114/597/1155 1115/593/1157
f 1108/316/1137 1107/315/1150 1122/320/1156 1123/321/1158
f 1101/591/1138 1100/590/1151 1115/593/1157 1116/594/1159
f 1109/322/1160 1094/317/1140 868/323/981
f 872/324/884 1108/316/1137 1123/321/1158
f 1102/592/1139 1101/591/1138 1116/594/1159 1117/595/1161
f 1095/306/1141 1094/317/1140 1109/322/1160 1110/325/1162
f 1103/588/1142 1102/592/1139 1117/595/1161 1118/596/1163
f 1096/307/1143 1095/306/1141 1110/325/1162 1111/326/1164
f 1104/308/1144 1103/588/1142 1118/596/1163 1119/327/1165
f 1097/310/1145 1096/307/1143 1111/326/1164 1112/329/1166
f 1105/311/1146 1104/308/1144 1119/327/1165 1120/330/1152
f 1098/312/1147 1097/310/1145 1112/329/1166 1113/331/1154
f 1110/325/1162 1109/322/1160 1124/347/1167 1125/350/1168
f 1118/596/1163 1117/595/1161 1132/600/1169 1133/334/1170
f 1111/326/1164 1110/325/1162 1125/350/1168 1126/337/1171
f 1119/327/1165 1118/596/1163 1133/334/1170 1134/335/1172
f 1112/329/1166 1111/326/1164 1126/337/1171 1127/338/1173
f 1120/330/1152 1119/327/1165 1134/335/1172 1135/339/1174
f 1113/331/1154 1112/329/1166 1127/338/1173 1128/340/1175
f 1121/332/1153 1120/330/1152 1135/339/1174 1136/341/1176
f 1114/597/1155 1113/331/1154 1128/340/1175 1129/342/1177
f 1122/320/1156 1121/332/1153 1136/341/1176 1137/344/1178
f 1115/593/1157 1114/597/1155 1129/342/1177 1130/598/1179
f 1123/321/1158 1122/320/1156 1137/344/1178 1138/346/1180
f 1116/594/1159 1115/593/1157 1130/598/1179 1131/599/1181
f 1124/347/1167 1109/322/1160 868/348/981
f 872/349/884 1123/321/1158 1138/346/1180
f 1117/595/1161 1116/594/1159 1131/599/1181 1132/600/1169
f 1129/342/1177 1128/340/1175 1143/364/1182 1144/366/1183
f 1137/344/1178 1136/341/1176 1151/365/1184 1152/352/1185
f 1130/598/1179 1129/342/1177 1144/366/1183 1145/601/1186
f 1138/346/1180 1137/344/1178 1152/352/1185 1153/353/1187
f 1131/599/1181 1130/598/1179 1145/601/1186 1146/602/1188
f 1139/354/1189 1124/347/1167 868/355/981
f 872/356/884 1138/346/1180 1153/353/1187
f 1132/600/1169 1131/599/1181 1146/602/1188 1147/603/1190
f 1125/350/1168 1124/347/1167 1139/354/1189 1140/357/1191
f 1133/334/1170 1132/600/1169 1147/603/1190 1148/358/1192
f 1126/337/1171 1125/350/1168 1140/357/1191 1141/360/1193
f 1134/335/1172 1133/334/1170 1148/358/1192 1149/361/1194
f 1127/338/1173 1126/337/1171 1141/360/1193 1142/362/1195
f 1135/339/1174 1134/335/1172 1149/361/1194 1150/363/1196
f 1128/340/1175 1127/338/1173 1142/362/1195 1143/364/1182
f 1136/341/1176 1135/339/1174 1150/363/1196 1151/365/1184
f 1148/358/1192 1147/603/1190 1162/383/1197 1163/387/1198
f 1141/360/1193 1140/357/1191 1155/386/1199 1156/368/1200
f 1149/361/1194 1148/358/1192 1163/387/1198 1164/370/1201
f 1142/362/1195 1141/360/1193 1156/368/1200 1157/369/1202
f 1150/363/1196 1149/361/1194 1164/370/1201 1165/371/1203
f 1143/364/1182 1142/362/1195 1157/369/1202 1158/372/1204
f 1151/365/1184 1150/363/1196 1165/371/1203 1166/373/1205
f 1144/366/1183 1143/364/1182 1158/372/1204 1159/374/1206
f 1152/352/1185 1151/365/1184 1166/373/1205 1167/375/1207
f 1145/601/1186 1144/366/1183 1159/374/1206 1160/376/1208
f 1153/353/1187 1152/352/1185 1167/375/1207 1168/378/1209
f 1146/602/1188 1145/601/1186 1160/376/1208 1161/604/1210
f 1154/380/1211 1139/354/1189 868/381/981
f 872/382/884 1153/353/1187 1168/378/1209
f 1147/603/1190 1146/602/1188 1161/604/1210 1162/383/1197
f 1140/357/1191 1139/354/1189 1154/380/1211 1155/386/1199
f 1167/375/1207 1166/373/1205 1174/403/1212 1175/405/1213
f 1160/376/1208 1159/374/1206 1254/404/1214 1255/388/1215
f 1168/378/1209 1167/375/1207 1175/405/1213 1176/392/1216
f 1169/605/1217 1161/604/1210 1160/376/1208 1255/388/1215 1256/605/1218 1257/605/1218
f 1154/380/1211 868/391/981 1258/390/1219
f 872/393/884 1168/378/1209 1176/392/1216
f 1162/383/1197 1161/604/1210 1169/605/1217 1170/394/1220
f 1155/386/1199 1154/380/1211 1258/390/1219 1259/396/1221
f 1163/387/1198 1162/383/1197 1170/394/1220 1171/397/1222
f 1156/368/1200 1155/386/1199 1259/396/1221 1260/398/1223
f 1164/370/1201 1163/387/1198 1171/397/1222 1172/399/1224
f 1157/369/1202 1156/368/1200 1260/398/1223 1261/400/1225
f 1165/371/1203 1164/370/1201 1172/399/1224 1173/401/1226
f 1158/372/1204 1157/369/1202 1261/400/1225 1262/402/1227
f 1166/373/1205 1165/371/1203 1173/401/1226 1174/403/1212
f 1159/374/1206 1158/372/1204 1262/402/1227 1254/404/1214
f 1172/407/1224 1171/436/1222 1179/437/1228 1180/408/1229
f 1173/406/1226 1172/407/1224 1180/408/1229 1181/409/1230
f 1174/414/1212 1173/406/1226 1181/409/1230 1182/415/1231
f 1175/418/1213 1174/414/1212 1182/415/1231 1183/419/1232
f 1176/422/1216 1175/418/1213 1183/419/1232 1184/423/1233
s 0
f 1177/424/1234 1169/606/482 1257/606/1235 1263/424/482
s 1
f 872/430/884 1176/422/1216 1184/423/1233
f 1170/431/1220 1169/606/1217 1177/424/1234 1178/433/1236
f 1171/436/1222 1170/431/1220 1178/433/1236 1179/437/1228
f 1184/423/1233 1183/419/1232 1191/454/1237 1192/440/1238
s 0
f 1185/442/1239 1177/424/482 1263/424/1240 1264/442/482
s 1
f 872/441/884 1184/423/1233 1192/440/1238
f 1178/433/1236 1177/424/1234 1185/442/1239 1186/443/1241
f 1179/437/1228 1178/433/1236 1186/443/1241 1187/446/1242
f 1180/408/1229 1179/437/1228 1187/446/1242 1188/448/1243
f 1181/409/1230 1180/408/1229 1188/448/1243 1189/450/1244
f 1182/415/1231 1181/409/1230 1189/450/1244 1190/452/1245
f 1183/419/1232 1182/415/1231 1190/452/1245 1191/454/1237
f 1188/448/1243 1187/446/1242 1195/470/1246 1196/472/1247
f 1189/450/1244 1188/448/1243 1196/472/1247 1197/457/1248
f 1190/452/1245 1189/450/1244 1197/457/1248 1198/458/1249
f 1191/454/1237 1190/452/1245 1198/458/1249 1199/461/1250
f 1192/440/1238 1191/454/1237 1199/461/1250 1200/463/1251
s 0
f 1193/464/1252 1185/442/482 1264/442/1253 1265/464/482
s 1
f 872/467/884 1192/440/1238 1200/463/1251
f 1186/443/1241 1185/442/1239 1193/464/1254 1194/468/1255
f 1187/446/1242 1186/443/1241 1194/468/1255 1195/470/1246
f 1200/463/1251 1199/461/1250 1207/485/1256 1208/487/1257
s 0
f 1201/488/1258 1193/464/482 1265/464/1259 1266/488/482
s 1
f 872/490/884 1200/463/1251 1208/487/1257
f 1194/468/1255 1193/464/1254 1201/488/1260 1202/476/1261
f 1195/470/1246 1194/468/1255 1202/476/1261 1203/477/1262
f 1196/472/1247 1195/470/1246 1203/477/1262 1204/479/1263
f 1197/457/1248 1196/472/1247 1204/479/1263 1205/481/1264
f 1198/458/1249 1197/457/1248 1205/481/1264 1206/483/1265
f 1199/461/1250 1198/458/1249 1206/483/1265 1207/485/1256
f 1205/481/1264 1204/479/1263 1212/505/1266 1213/507/1267
f 1206/483/1265 1205/481/1264 1213/507/1267 1214/493/1268
f 1207/485/1256 1206/483/1265 1214/493/1268 1215/494/1269
f 1208/487/1257 1207/485/1256 1215/494/1269 1216/496/1270
s 0
f 1209/497/1271 1201/488/482 1266/488/1272 1267/497/482
s 1
f 872/500/884 1208/487/1257 1216/496/1270
f 1202/476/1261 1201/488/1260 1209/497/1273 1210/501/1274
f 1203/477/1262 1202/476/1261 1210/501/1274 1211/503/1275
f 1204/479/1263 1203/477/1262 1211/503/1275 1212/505/1266
f 872/524/884 1216/496/1270 1224/520/1276
f 1210/501/1274 1209/497/1273 1217/521/1277 1218/508/1278
f 1211/503/1275 1210/501/1274 1218/508/1278 1219/509/1279
f 1212/505/1266 1211/503/1275 1219/509/1279 1220/512/1280
f 1213/507/1267 1212/505/1266 1220/512/1280 1221/514/1281
f 1214/493/1268 1213/507/1267 1221/514/1281 1222/516/1282
f 1215/494/1269 1214/493/1268 1222/516/1282 1223/518/1283
f 1216/496/1270 1215/494/1269 1223/518/1283 1224/520/1276
s 0
f 1217/521/1284 1209/497/482 1267/497/1285 1268/521/482
s 1
f 1222/516/1282 1221/514/1281 1229/540/1286 1230/525/1287
f 1223/518/1283 1222/516/1282 1230/525/1287 1231/526/1288
f 1224/520/1276 1223/518/1283 1231/526/1288 1232/529/1289
s 0
f 1225/530/1290 1217/521/27 1268/521/1291 1269/530/482
s 1
f 872/533/884 1224/520/1276 1232/529/1289
f 1218/508/1278 1217/521/1277 1225/530/1292 1226/534/1293
f 1219/509/1279 1218/508/1278 1226/534/1293 1227/536/1294
f 1220/512/1280 1219/509/1279 1227/536/1294 1228/538/1295
f 1221/514/1281 1220/512/1280 1228/538/1295 1229/540/1286
f 1226/534/1293 1225/530/1292 1233/27/888 869/2/887
f 1227/536/1294 1226/534/1293 869/2/887 1234/1/891
f 1228/538/1295 1227/536/1294 1234/1/891 870/9/893
f 1229/540/1286 1228/538/1295 870/9/893 1235/13/895
f 1230/525/1287 1229/540/1286 1235/13/895 871/17/897
f 1231/526/1288 1230/525/1287 871/17/897 1236/21/899
f 1232/529/1289 1231/526/1288 1236/21/899 1237/25/885
s 0
f 1233/27/888 1225/530/27 1269/530/1296 1238/27/482
s 1
f 872/543/884 1232/529/1289 1237/25/885
f 1247/613/1297 1248/614/1297 1249/615/1297 1250/616/1297 1251/617/1297 1252/618/1297 1253/619/1297 1256/620/1297 1255/621/1297 1254/622/1297 1262/623/1297 1261/607/1297 1260/608/1297 1259/609/1297 1258/610/1297 868/611/1297 1246/612/1297
f 1256/624/1298 1253/625/1298 1245/626/1298 1244/627/1298 1243/628/1298 1242/629/1298 1241/630/1298 1240/631/1298 1239/632/1298 1238/633/1298 1269/634/1298 1268/635/1298 1267/636/1298 1266/637/1298 1265/638/1298 1264/639/1298 1263/640/1298 1257/624/1298
