# Blender 5.1.2
# www.blender.org
mtllib  pacman_closed.mtl
o pacman_closed
v 0.000000 1.000000 0.000000
v 0.000000 0.831470 -0.555570
v 0.000000 0.555570 -0.831470
v 0.000000 0.195090 -0.980785
v 0.000000 0.000000 -1.000000
v 0.000000 -0.195090 -0.980785
v 0.000000 -0.555570 -0.831470
v 0.000000 -1.000000 0.000000
v 0.038060 0.980785 -0.191342
v 0.074658 0.923880 -0.375330
v 0.108386 0.831470 -0.544895
v 0.137950 0.707107 -0.693520
v 0.162212 0.555570 -0.815493
v 0.180240 0.382683 -0.906127
v 0.191342 0.195090 -0.961940
v 0.195090 0.000000 -0.980785
v 0.191342 -0.195090 -0.961940
v 0.180240 -0.382683 -0.906127
v 0.162212 -0.555570 -0.815493
v 0.137950 -0.707107 -0.693520
v 0.108386 -0.831470 -0.544895
v 0.074658 -0.923880 -0.375330
v 0.038060 -0.980785 -0.191342
v 0.074658 0.980785 -0.180240
v 0.146447 0.923880 -0.353553
v 0.212608 0.831470 -0.513280
v 0.270598 0.707107 -0.653281
v 0.318190 0.555570 -0.768178
v 0.353553 0.382683 -0.853553
v 0.375330 0.195090 -0.906127
v 0.382683 0.000000 -0.923880
v 0.375330 -0.195090 -0.906127
v 0.353553 -0.382683 -0.853553
v 0.318190 -0.555570 -0.768178
v 0.270598 -0.707107 -0.653281
v 0.212608 -0.831470 -0.513280
v 0.146447 -0.923880 -0.353553
v 0.074658 -0.980785 -0.180240
v 0.108386 0.980785 -0.162212
v 0.212608 0.923880 -0.318190
v 0.308658 0.831470 -0.461940
v 0.392847 0.707107 -0.587938
v 0.461940 0.555570 -0.691342
v 0.513280 0.382683 -0.768178
v 0.544895 0.195090 -0.815493
v 0.555570 0.000000 -0.831470
v 0.544895 -0.195090 -0.815493
v 0.513280 -0.382683 -0.768178
v 0.461940 -0.555570 -0.691342
v 0.392847 -0.707107 -0.587938
v 0.308658 -0.831470 -0.461940
v 0.212608 -0.923880 -0.318190
v 0.108386 -0.980785 -0.162212
v 0.137950 0.980785 -0.137950
v 0.270598 0.923880 -0.270598
v 0.392847 0.831470 -0.392847
v 0.500000 0.707107 -0.500000
v 0.587938 0.555570 -0.587938
v 0.653281 0.382683 -0.653281
v 0.693520 0.195090 -0.693520
v 0.707107 0.000000 -0.707107
v 0.693520 -0.195090 -0.693520
v 0.653281 -0.382683 -0.653281
v 0.587938 -0.555570 -0.587938
v 0.500000 -0.707107 -0.500000
v 0.392847 -0.831470 -0.392847
v 0.270598 -0.923880 -0.270598
v 0.137950 -0.980785 -0.137950
v 0.162212 0.980785 -0.108386
v 0.318190 0.923880 -0.212607
v 0.461940 0.831470 -0.308658
v 0.587938 0.707107 -0.392848
v 0.691342 0.555570 -0.461940
v 0.768178 0.382683 -0.513280
v 0.815493 0.195090 -0.544895
v 0.831470 0.000000 -0.555570
v 0.815493 -0.195090 -0.544895
v 0.768178 -0.382683 -0.513280
v 0.691342 -0.555570 -0.461940
v 0.587938 -0.707107 -0.392848
v 0.461940 -0.831470 -0.308658
v 0.318190 -0.923880 -0.212607
v 0.162212 -0.980785 -0.108386
v 0.180240 0.980785 -0.074658
v 0.353553 0.923880 -0.146447
v 0.513280 0.831470 -0.212607
v 0.653281 0.707107 -0.270598
v 0.768178 0.555570 -0.318189
v 0.853553 0.382683 -0.353553
v 0.906127 0.195090 -0.375330
v 0.923879 0.000000 -0.382683
v 0.906127 -0.195090 -0.375330
v 0.853553 -0.382683 -0.353553
v 0.768178 -0.555570 -0.318189
v 0.653281 -0.707107 -0.270598
v 0.513280 -0.831470 -0.212607
v 0.353553 -0.923880 -0.146447
v 0.180240 -0.980785 -0.074658
v 0.191342 0.980785 -0.038060
v 0.375330 0.923880 -0.074658
v 0.544895 0.831470 -0.108386
v 0.693520 0.707107 -0.137950
v 0.815493 0.555570 -0.162212
v 0.906127 0.382683 -0.180240
v 0.961940 0.195090 -0.191342
v 0.980785 0.000000 -0.195090
v 0.961940 -0.195090 -0.191342
v 0.906127 -0.382683 -0.180240
v 0.815493 -0.555570 -0.162212
v 0.693520 -0.707107 -0.137950
v 0.544895 -0.831470 -0.108386
v 0.375330 -0.923880 -0.074658
v 0.191342 -0.980785 -0.038060
v 0.195090 0.980785 0.000000
v 0.382683 0.923880 0.000000
v 0.555570 0.831470 0.000000
v 0.707107 0.707107 -0.000000
v 0.831469 0.555570 0.000000
v 0.923879 0.382683 -0.000000
v 0.980785 0.195090 0.000000
v 1.000000 0.000000 0.000000
v 0.980785 -0.195090 0.000000
v 0.923879 -0.382683 -0.000000
v 0.831469 -0.555570 0.000000
v 0.707107 -0.707107 -0.000000
v 0.555570 -0.831470 0.000000
v 0.382683 -0.923880 0.000000
v 0.195090 -0.980785 0.000000
v 0.191342 0.980785 0.038060
v 0.375330 0.923880 0.074658
v 0.544895 0.831470 0.108386
v 0.693520 0.707107 0.137950
v 0.815493 0.555570 0.162212
v 0.906127 0.382683 0.180240
v 0.961940 0.195090 0.191342
v 0.980785 0.000000 0.195090
v 0.961940 -0.195090 0.191342
v 0.906127 -0.382683 0.180240
v 0.815493 -0.555570 0.162212
v 0.693520 -0.707107 0.137950
v 0.544895 -0.831470 0.108386
v 0.375330 -0.923880 0.074658
v 0.191342 -0.980785 0.038060
v 0.180240 0.980785 0.074658
v 0.353553 0.923880 0.146447
v 0.513280 0.831470 0.212608
v 0.653281 0.707107 0.270598
v 0.768178 0.555570 0.318190
v 0.853553 0.382683 0.353553
v 0.906127 0.195090 0.375330
v 0.923879 0.000000 0.382683
v 0.906127 -0.195090 0.375330
v 0.853553 -0.382683 0.353553
v 0.768178 -0.555570 0.318190
v 0.653281 -0.707107 0.270598
v 0.513280 -0.831470 0.212608
v 0.353553 -0.923880 0.146447
v 0.180240 -0.980785 0.074658
v 0.162212 0.980785 0.108386
v 0.318190 0.923880 0.212608
v 0.461940 0.831470 0.308658
v 0.587938 0.707107 0.392847
v 0.691341 0.555570 0.461940
v 0.768178 0.382683 0.513280
v 0.815493 0.195090 0.544895
v 0.831469 0.000000 0.555570
v 0.815493 -0.195090 0.544895
v 0.768178 -0.382683 0.513280
v 0.691341 -0.555570 0.461940
v 0.587938 -0.707107 0.392847
v 0.461940 -0.831470 0.308658
v 0.318190 -0.923880 0.212608
v 0.162212 -0.980785 0.108386
v 0.137950 0.980785 0.137950
v 0.270598 0.923880 0.270598
v 0.392847 0.831470 0.392847
v 0.500000 0.707107 0.500000
v 0.587938 0.555570 0.587938
v 0.653281 0.382683 0.653281
v 0.693520 0.195090 0.693520
v 0.707106 0.000000 0.707107
v 0.693520 -0.195090 0.693520
v 0.653281 -0.382683 0.653281
v 0.587938 -0.555570 0.587938
v 0.500000 -0.707107 0.500000
v 0.392847 -0.831470 0.392847
v 0.270598 -0.923880 0.270598
v 0.137950 -0.980785 0.137950
v 0.108386 0.980785 0.162212
v 0.212607 0.923880 0.318190
v 0.308658 0.831470 0.461940
v 0.392847 0.707107 0.587938
v 0.461940 0.555570 0.691342
v 0.513280 0.382683 0.768178
v 0.544895 0.195090 0.815493
v 0.555570 0.000000 0.831469
v 0.544895 -0.195090 0.815493
v 0.513280 -0.382683 0.768178
v 0.461940 -0.555570 0.691342
v 0.392847 -0.707107 0.587938
v 0.308658 -0.831470 0.461940
v 0.212607 -0.923880 0.318190
v 0.108386 -0.980785 0.162212
v 0.074658 0.980785 0.180240
v 0.146447 0.923880 0.353553
v 0.212607 0.831470 0.513280
v 0.270598 0.707107 0.653281
v 0.318189 0.555570 0.768178
v 0.353553 0.382683 0.853553
v 0.375330 0.195090 0.906127
v 0.382683 0.000000 0.923879
v 0.375330 -0.195090 0.906127
v 0.353553 -0.382683 0.853553
v 0.318189 -0.555570 0.768178
v 0.270598 -0.707107 0.653281
v 0.212607 -0.831470 0.513280
v 0.146447 -0.923880 0.353553
v 0.074658 -0.980785 0.180240
v 0.038060 0.980785 0.191342
v 0.074658 0.923880 0.375330
v 0.108386 0.831470 0.544895
v 0.137950 0.707107 0.693520
v 0.162212 0.555570 0.815493
v 0.180240 0.382683 0.906127
v 0.191342 0.195090 0.961939
v 0.195090 0.000000 0.980785
v 0.191342 -0.195090 0.961939
v 0.180240 -0.382683 0.906127
v 0.162212 -0.555570 0.815493
v 0.137950 -0.707107 0.693520
v 0.108386 -0.831470 0.544895
v 0.074658 -0.923880 0.375330
v 0.038060 -0.980785 0.191342
v -0.000000 0.980785 0.195090
v -0.000000 0.923880 0.382683
v -0.000000 0.831470 0.555570
v -0.000000 0.707107 0.707107
v -0.000000 0.555570 0.831469
v 0.000000 0.382683 0.923879
v -0.000000 0.195090 0.980785
v -0.000000 0.000000 0.999999
v -0.000000 -0.195090 0.980785
v 0.000000 -0.382683 0.923879
v -0.000000 -0.555570 0.831469
v -0.000000 -0.707107 0.707107
v -0.000000 -0.831470 0.555570
v -0.000000 -0.923880 0.382683
v -0.000000 -0.980785 0.195090
v -0.038060 0.980785 0.191342
v -0.074658 0.923880 0.375330
v -0.108386 0.831470 0.544895
v -0.137950 0.707107 0.693520
v -0.162212 0.555570 0.815493
v -0.180240 0.382683 0.906127
v -0.191342 0.195090 0.961939
v -0.195091 0.000000 0.980785
v -0.191342 -0.195090 0.961939
v -0.180240 -0.382683 0.906127
v -0.162212 -0.555570 0.815493
v -0.137950 -0.707107 0.693520
v -0.108386 -0.831470 0.544895
v -0.074658 -0.923880 0.375330
v -0.038060 -0.980785 0.191342
v -0.074658 0.980785 0.180240
v -0.146447 0.923880 0.353553
v -0.212608 0.831470 0.513280
v -0.270598 0.707107 0.653281
v -0.318190 0.555570 0.768177
v -0.353553 0.382683 0.853553
v -0.375330 0.195090 0.906127
v -0.382683 0.000000 0.923879
v -0.375330 -0.195090 0.906127
v -0.353553 -0.382683 0.853553
v -0.318190 -0.555570 0.768177
v -0.270598 -0.707107 0.653281
v -0.212608 -0.831470 0.513280
v -0.146447 -0.923880 0.353553
v -0.074658 -0.980785 0.180240
v -0.108386 0.980785 0.162212
v -0.212608 0.923880 0.318190
v -0.308658 0.831470 0.461939
v -0.392847 0.707107 0.587938
v -0.461940 0.555570 0.691341
v -0.513280 0.382683 0.768178
v -0.544895 0.195090 0.815493
v -0.555570 0.000000 0.831469
v -0.544895 -0.195090 0.815493
v -0.513280 -0.382683 0.768178
v -0.461940 -0.555570 0.691341
v -0.392847 -0.707107 0.587938
v -0.308658 -0.831470 0.461939
v -0.212608 -0.923880 0.318190
v -0.108386 -0.980785 0.162212
v -0.137950 0.980785 0.137950
v -0.270598 0.923880 0.270598
v -0.392847 0.831470 0.392847
v -0.500000 0.707107 0.500000
v -0.587938 0.555570 0.587937
v -0.653281 0.382683 0.653281
v -0.693520 0.195090 0.693520
v -0.707106 0.000000 0.707106
v -0.693520 -0.195090 0.693520
v -0.653281 -0.382683 0.653281
v -0.587938 -0.555570 0.587937
v -0.500000 -0.707107 0.500000
v -0.392847 -0.831470 0.392847
v -0.270598 -0.923880 0.270598
v -0.137950 -0.980785 0.137950
v -0.162212 0.980785 0.108386
v -0.318190 0.923880 0.212607
v -0.461940 0.831470 0.308658
v -0.587938 0.707107 0.392847
v -0.691341 0.555570 0.461939
v -0.768177 0.382683 0.513280
v -0.815493 0.195090 0.544895
v -0.831469 0.000000 0.555569
v -0.815493 -0.195090 0.544895
v -0.768177 -0.382683 0.513280
v -0.691341 -0.555570 0.461939
v -0.587938 -0.707107 0.392847
v -0.461940 -0.831470 0.308658
v -0.318190 -0.923880 0.212607
v -0.162212 -0.980785 0.108386
v -0.180240 0.980785 0.074658
v -0.353553 0.923880 0.146447
v -0.513280 0.831470 0.212607
v -0.653281 0.707107 0.270598
v -0.768177 0.555570 0.318189
v -0.853553 0.382683 0.353553
v -0.906127 0.195090 0.375330
v -0.923879 0.000000 0.382683
v -0.906127 -0.195090 0.375330
v -0.853553 -0.382683 0.353553
v -0.768177 -0.555570 0.318189
v -0.653281 -0.707107 0.270598
v -0.513280 -0.831470 0.212607
v -0.353553 -0.923880 0.146447
v -0.180240 -0.980785 0.074658
v -0.191342 0.980785 0.038060
v -0.375330 0.923880 0.074658
v -0.544895 0.831470 0.108386
v -0.693520 0.707107 0.137950
v -0.815493 0.555570 0.162211
v -0.906127 0.382683 0.180240
v -0.961939 0.195090 0.191341
v -0.980784 0.000000 0.195090
v -0.961939 -0.195090 0.191341
v -0.906127 -0.382683 0.180240
v -0.815493 -0.555570 0.162211
v -0.693520 -0.707107 0.137950
v -0.544895 -0.831470 0.108386
v -0.375330 -0.923880 0.074658
v -0.191342 -0.980785 0.038060
v -0.195090 0.980785 -0.000000
v -0.382683 0.923880 -0.000000
v -0.555570 0.831470 -0.000000
v -0.707107 0.707107 -0.000000
v -0.831469 0.555570 -0.000000
v -0.923879 0.382683 -0.000000
v -0.980785 0.195090 -0.000000
v -0.999999 0.000000 -0.000000
v -0.980785 -0.195090 -0.000000
v -0.923879 -0.382683 -0.000000
v -0.831469 -0.555570 -0.000000
v -0.707107 -0.707107 -0.000000
v -0.555570 -0.831470 -0.000000
v -0.382683 -0.923880 -0.000000
v -0.195090 -0.980785 -0.000000
v -0.191342 0.980785 -0.038060
v -0.375330 0.923880 -0.074658
v -0.544895 0.831470 -0.108386
v -0.693520 0.707107 -0.137950
v -0.815493 0.555570 -0.162212
v -0.906127 0.382683 -0.180240
v -0.961939 0.195090 -0.191342
v -0.980784 0.000000 -0.195091
v -0.961939 -0.195090 -0.191342
v -0.906127 -0.382683 -0.180240
v -0.815493 -0.555570 -0.162212
v -0.693520 -0.707107 -0.137950
v -0.544895 -0.831470 -0.108386
v -0.375330 -0.923880 -0.074658
v -0.191342 -0.980785 -0.038060
v -0.180240 0.980785 -0.074658
v -0.353553 0.923880 -0.146447
v -0.513279 0.831470 -0.212607
v -0.653281 0.707107 -0.270598
v -0.768177 0.555570 -0.318190
v -0.853553 0.382683 -0.353553
v -0.906127 0.195090 -0.375330
v -0.923878 0.000000 -0.382683
v -0.906127 -0.195090 -0.375330
v -0.853553 -0.382683 -0.353553
v -0.768177 -0.555570 -0.318190
v -0.653281 -0.707107 -0.270598
v -0.513279 -0.831470 -0.212607
v -0.353553 -0.923880 -0.146447
v -0.180240 -0.980785 -0.074658
v -0.162212 0.980785 -0.108386
v -0.318189 0.923880 -0.212607
v -0.461939 0.831470 -0.308658
v -0.587938 0.707107 -0.392847
v -0.691341 0.555570 -0.461940
v -0.768177 0.382683 -0.513280
v -0.815493 0.195090 -0.544895
v -0.831468 0.000000 -0.555570
v -0.815493 -0.195090 -0.544895
v -0.768177 -0.382683 -0.513280
v -0.691341 -0.555570 -0.461940
v -0.587938 -0.707107 -0.392847
v -0.461939 -0.831470 -0.308658
v -0.318189 -0.923880 -0.212607
v -0.162212 -0.980785 -0.108386
v -0.137950 0.980785 -0.137950
v -0.270598 0.923880 -0.270598
v -0.392847 0.831470 -0.392847
v -0.500000 0.707107 -0.500000
v -0.587937 0.555570 -0.587938
v -0.653281 0.382683 -0.653281
v -0.693519 0.195090 -0.693520
v -0.707106 0.000000 -0.707106
v -0.693519 -0.195090 -0.693520
v -0.653281 -0.382683 -0.653281
v -0.587937 -0.555570 -0.587938
v -0.500000 -0.707107 -0.500000
v -0.392847 -0.831470 -0.392847
v -0.270598 -0.923880 -0.270598
v -0.137950 -0.980785 -0.137950
v -0.108386 0.980785 -0.162212
v -0.212607 0.923880 -0.318189
v -0.308658 0.831470 -0.461939
v -0.392847 0.707107 -0.587938
v -0.461939 0.555570 -0.691341
v -0.513280 0.382683 -0.768177
v -0.544895 0.195090 -0.815493
v -0.555569 0.000000 -0.831469
v -0.544895 -0.195090 -0.815493
v -0.513280 -0.382683 -0.768177
v -0.461939 -0.555570 -0.691341
v -0.392847 -0.707107 -0.587938
v -0.308658 -0.831470 -0.461939
v -0.212607 -0.923880 -0.318189
v -0.108386 -0.980785 -0.162212
v -0.074658 0.980785 -0.180240
v -0.146446 0.923880 -0.353553
v -0.212607 0.831470 -0.513280
v -0.270598 0.707107 -0.653281
v -0.318189 0.555570 -0.768177
v -0.353553 0.382683 -0.853553
v -0.375330 0.195090 -0.906127
v -0.382683 0.000000 -0.923879
v -0.375330 -0.195090 -0.906127
v -0.353553 -0.382683 -0.853553
v -0.318189 -0.555570 -0.768177
v -0.270598 -0.707107 -0.653281
v -0.212607 -0.831470 -0.513280
v -0.146446 -0.923880 -0.353553
v -0.074658 -0.980785 -0.180240
v -0.038060 0.980785 -0.191341
v -0.074658 0.923880 -0.375330
v -0.108386 0.831470 -0.544895
v -0.137950 0.707107 -0.693520
v -0.162211 0.555570 -0.815493
v -0.180240 0.382683 -0.906127
v -0.191341 0.195090 -0.961939
v -0.195090 0.000000 -0.980784
v -0.191341 -0.195090 -0.961939
v -0.180240 -0.382683 -0.906127
v -0.162211 -0.555570 -0.815493
v -0.137950 -0.707107 -0.693520
v -0.108386 -0.831470 -0.544895
v -0.074658 -0.923880 -0.375330
v -0.038060 -0.980785 -0.191341
v 0.000000 0.980785 -0.195090
v 0.000000 0.923880 -0.382683
v 0.000000 0.707107 -0.707107
v 0.000000 0.382683 -0.923879
v 0.000000 -0.382683 -0.923879
v 0.000000 -0.707107 -0.707107
v 0.000000 -0.831470 -0.555570
v 0.000000 -0.923880 -0.382683
v 0.000000 -0.980785 -0.195090
v -0.281268 0.862635 0.332603
v -0.295997 0.508762 0.364191
v -0.331037 0.474419 0.439333
v -0.368963 0.474419 0.520667
v -0.418732 0.537365 0.627397
v -0.241922 0.540490 0.354398
v -0.257407 0.511827 0.385568
v -0.276451 0.490395 0.420366
v -0.298322 0.477018 0.457455
v -0.322178 0.472210 0.495412
v -0.347104 0.476156 0.532776
v -0.372141 0.488704 0.568111
v -0.396327 0.509372 0.600061
v -0.206729 0.549745 0.381021
v -0.222891 0.520904 0.411678
v -0.243938 0.498945 0.444961
v -0.269060 0.484713 0.479591
v -0.297293 0.478754 0.514236
v -0.327552 0.481297 0.547566
v -0.358673 0.492245 0.578299
v -0.389461 0.511177 0.605255
v -0.177042 0.564774 0.411447
v -0.193774 0.535644 0.441519
v -0.216510 0.512830 0.473071
v -0.244376 0.497209 0.504889
v -0.276301 0.489381 0.535751
v -0.311059 0.489647 0.564470
v -0.347312 0.497997 0.589943
v -0.383669 0.514109 0.611191
v -0.154002 0.585000 0.444507
v -0.171177 0.555481 0.473945
v -0.195224 0.531516 0.503615
v -0.225219 0.514026 0.532378
v -0.260010 0.503683 0.559128
v -0.298258 0.500884 0.582837
v -0.338495 0.505737 0.602594
v -0.379174 0.518055 0.617640
v -0.138494 0.609645 0.478931
v -0.155967 0.579653 0.507708
v -0.180897 0.554285 0.535419
v -0.212325 0.534518 0.561001
v -0.249044 0.521109 0.583470
v -0.289642 0.514576 0.601962
v -0.332561 0.515168 0.615768
v -0.376149 0.522863 0.624356
v -0.131114 0.637762 0.513397
v -0.148729 0.607230 0.541511
v -0.174078 0.580262 0.567261
v -0.206188 0.557896 0.589658
v -0.243825 0.540991 0.607840
v -0.285542 0.530197 0.621110
v -0.329736 0.525928 0.628957
v -0.374709 0.528348 0.631080
v -0.132146 0.668272 0.546579
v -0.149741 0.637153 0.574055
v -0.175031 0.608449 0.597917
v -0.207046 0.583264 0.617248
v -0.244555 0.562565 0.631304
v -0.286115 0.547147 0.639545
v -0.330131 0.537603 0.641656
v -0.374910 0.534301 0.637554
v -0.241922 0.859510 0.354398
v -0.206729 0.850255 0.381021
v -0.177042 0.835226 0.411447
v -0.154002 0.815000 0.444507
v -0.138494 0.790355 0.478931
v -0.131114 0.762238 0.513397
v -0.132146 0.731728 0.546579
v -0.141549 0.700000 0.577202
v -0.158964 0.668272 0.604090
v -0.183719 0.637762 0.626209
v -0.214865 0.609645 0.642710
v -0.251204 0.585000 0.652958
v -0.291340 0.564774 0.656559
v -0.333730 0.549745 0.653375
v -0.376745 0.540490 0.643528
v -0.245319 0.865699 0.359644
v -0.213393 0.862397 0.391310
v -0.186717 0.852853 0.426385
v -0.166316 0.837435 0.463520
v -0.152973 0.816736 0.501288
v -0.147203 0.791551 0.538238
v -0.149225 0.762847 0.572950
v -0.158964 0.731728 0.604090
v -0.176043 0.699390 0.630462
v -0.199808 0.667076 0.651051
v -0.229345 0.636026 0.665067
v -0.263518 0.607435 0.671970
v -0.301015 0.582402 0.671497
v -0.340394 0.561887 0.663664
v -0.380142 0.546680 0.648774
v -0.250149 0.871652 0.363959
v -0.222867 0.874072 0.399775
v -0.200471 0.869803 0.438673
v -0.183821 0.859009 0.479160
v -0.173557 0.842104 0.519679
v -0.170074 0.819738 0.558674
v -0.173505 0.792770 0.594644
v -0.183719 0.762238 0.626209
v -0.200323 0.729313 0.652156
v -0.222679 0.695262 0.671486
v -0.249928 0.661394 0.683458
v -0.281023 0.629009 0.687611
v -0.314768 0.599352 0.683786
v -0.349868 0.573563 0.672129
v -0.384972 0.552632 0.653089
v -0.256225 0.877137 0.367178
v -0.234786 0.884832 0.406089
v -0.217774 0.885424 0.447841
v -0.205844 0.878891 0.490828
v -0.199454 0.865482 0.533399
v -0.198849 0.845715 0.573918
v -0.204053 0.820347 0.610828
v -0.214865 0.790355 0.642710
v -0.230871 0.756890 0.668339
v -0.251454 0.721239 0.686731
v -0.275825 0.684772 0.697178
v -0.303046 0.648891 0.699279
v -0.332072 0.614973 0.692953
v -0.361787 0.584323 0.678443
v -0.391048 0.558118 0.656308
v -0.263314 0.881945 0.369178
v -0.248692 0.894263 0.410011
v -0.237963 0.899116 0.453534
v -0.231540 0.896317 0.498074
v -0.229669 0.885974 0.541920
v -0.232422 0.868484 0.583386
v -0.239693 0.844519 0.620879
v -0.251204 0.815000 0.652958
v -0.266512 0.781062 0.678390
v -0.285027 0.744009 0.696198
v -0.306040 0.705264 0.705698
v -0.328742 0.666317 0.706525
v -0.352261 0.628665 0.698646
v -0.375693 0.593754 0.682365
v -0.398138 0.562926 0.658307
v -0.271144 0.885891 0.369880
v -0.264051 0.902003 0.411389
v -0.260261 0.910353 0.455535
v -0.259920 0.910619 0.500620
v -0.263040 0.902791 0.544914
v -0.269502 0.887170 0.586713
v -0.279058 0.864356 0.624410
v -0.291340 0.835226 0.656559
v -0.305876 0.800899 0.681922
v -0.322108 0.762695 0.699525
v -0.339411 0.722081 0.708693
v -0.357122 0.680619 0.709071
v -0.374559 0.639902 0.700647
v -0.391052 0.601494 0.683743
v -0.405968 0.566872 0.659010
v -0.279414 0.888823 0.369259
v -0.280273 0.907755 0.410171
v -0.283812 0.918703 0.453766
v -0.289894 0.921246 0.498369
v -0.298286 0.915287 0.542266
v -0.308666 0.901055 0.583771
v -0.320633 0.879096 0.621288
v -0.333730 0.850255 0.653375
v -0.347451 0.815639 0.678799
v -0.361271 0.776580 0.696584
v -0.374657 0.734577 0.706045
v -0.387096 0.691246 0.706820
v -0.398110 0.648251 0.698878
v -0.407274 0.607245 0.682525
v -0.414237 0.569804 0.658388
v -0.287806 0.890628 0.367338
v -0.296734 0.911296 0.406402
v -0.307710 0.923844 0.448295
v -0.320310 0.927790 0.491406
v -0.334052 0.922982 0.534079
v -0.348406 0.909605 0.574674
v -0.362822 0.888173 0.611630
v -0.376745 0.859510 0.643528
v -0.389640 0.824716 0.669142
v -0.401012 0.785130 0.687486
v -0.410423 0.742272 0.697858
v -0.417513 0.697790 0.699857
v -0.422008 0.653393 0.693407
v -0.423735 0.610787 0.678756
v -0.422629 0.571609 0.656467
v -0.295997 0.891238 0.364191
v -0.312802 0.912492 0.400229
v -0.331037 0.925581 0.439333
v -0.350000 0.930000 0.480000
v -0.368963 0.925581 0.520667
v -0.387198 0.912492 0.559771
v -0.404003 0.891238 0.595809
v -0.418732 0.862634 0.627397
v -0.430821 0.827781 0.653320
v -0.439803 0.788017 0.672583
v -0.445334 0.744871 0.684445
v -0.447202 0.700000 0.688451
v -0.445334 0.655129 0.684445
v -0.439803 0.611983 0.672583
v -0.430821 0.572219 0.653320
v -0.303673 0.890628 0.359939
v -0.327859 0.911296 0.391889
v -0.352896 0.923844 0.427224
v -0.377822 0.927790 0.464588
v -0.401678 0.922982 0.502544
v -0.423549 0.909605 0.539634
v -0.442593 0.888173 0.574432
v -0.458078 0.859509 0.605601
v -0.469411 0.824716 0.631944
v -0.476154 0.785130 0.652447
v -0.478050 0.742272 0.666323
v -0.475024 0.697790 0.673039
v -0.467194 0.653393 0.672337
v -0.454860 0.610787 0.664243
v -0.438497 0.571609 0.649068
v -0.310539 0.888823 0.354745
v -0.341327 0.907755 0.381701
v -0.372448 0.918703 0.412434
v -0.402707 0.921246 0.445764
v -0.430940 0.915287 0.480409
v -0.456062 0.901055 0.515039
v -0.477109 0.879096 0.548322
v -0.493271 0.850255 0.578979
v -0.503927 0.815639 0.605833
v -0.508668 0.776580 0.627851
v -0.507311 0.734577 0.644188
v -0.499909 0.691246 0.654214
v -0.486746 0.648251 0.657546
v -0.468328 0.607245 0.654055
v -0.445362 0.569804 0.643875
v -0.316331 0.885891 0.348809
v -0.352688 0.902003 0.370057
v -0.388941 0.910353 0.395530
v -0.423699 0.910619 0.424249
v -0.455624 0.902791 0.455111
v -0.483489 0.887170 0.486929
v -0.506225 0.864356 0.518480
v -0.522958 0.835226 0.548553
v -0.533044 0.800899 0.575992
v -0.536095 0.762695 0.599741
v -0.531995 0.722081 0.618889
v -0.520901 0.680619 0.632700
v -0.503239 0.639902 0.640642
v -0.479688 0.601494 0.642411
v -0.451154 0.566872 0.637939
v -0.320826 0.881945 0.342360
v -0.361505 0.894263 0.357406
v -0.401742 0.899116 0.377163
v -0.439990 0.896317 0.400872
v -0.474781 0.885974 0.427622
v -0.504776 0.868484 0.456385
v -0.528823 0.844519 0.486055
v -0.545998 0.815000 0.515493
v -0.555641 0.781062 0.543567
v -0.557381 0.744009 0.569198
v -0.551152 0.705264 0.591401
v -0.537193 0.666317 0.609323
v -0.516039 0.628665 0.622275
v -0.488506 0.593754 0.629760
v -0.455649 0.562926 0.631489
v -0.323851 0.877137 0.335644
v -0.367439 0.884832 0.344232
v -0.410358 0.885424 0.358038
v -0.450956 0.878891 0.376530
v -0.487675 0.865482 0.398999
v -0.519103 0.845715 0.424581
v -0.544033 0.820347 0.452292
v -0.561506 0.790355 0.481069
v -0.570851 0.756890 0.509804
v -0.571709 0.721239 0.537394
v -0.564047 0.684772 0.562778
v -0.548159 0.648891 0.584981
v -0.524655 0.614973 0.603150
v -0.494440 0.584323 0.616586
v -0.458674 0.558118 0.624773
v -0.325291 0.871652 0.328920
v -0.370264 0.874072 0.331043
v -0.414458 0.869803 0.338890
v -0.456175 0.859009 0.352160
v -0.493811 0.842103 0.370342
v -0.525922 0.819737 0.392739
v -0.551271 0.792770 0.418489
v -0.568886 0.762237 0.446603
v -0.578089 0.729313 0.476001
v -0.578527 0.695262 0.505552
v -0.570183 0.661394 0.534121
v -0.553377 0.629009 0.560610
v -0.528755 0.599352 0.584002
v -0.497264 0.573563 0.603397
v -0.460114 0.552632 0.618049
v -0.325090 0.865699 0.322446
v -0.369869 0.862397 0.318344
v -0.413885 0.852853 0.320455
v -0.455445 0.837435 0.328696
v -0.492954 0.816736 0.342752
v -0.524968 0.791551 0.362083
v -0.550259 0.762847 0.385945
v -0.567854 0.731728 0.413421
v -0.577077 0.699390 0.443456
v -0.577574 0.667076 0.474896
v -0.569325 0.636026 0.506531
v -0.552647 0.607435 0.537147
v -0.528182 0.582402 0.565567
v -0.496870 0.561887 0.590698
v -0.459913 0.546680 0.611576
v -0.558451 0.700000 0.382798
v -0.567854 0.668272 0.413421
v -0.568886 0.637762 0.446603
v -0.561506 0.609645 0.481069
v -0.545998 0.585000 0.515493
v -0.522958 0.564774 0.548553
v -0.493271 0.549745 0.578979
v -0.458078 0.540490 0.605602
v -0.541036 0.668272 0.355910
v -0.550775 0.637153 0.387050
v -0.552797 0.608449 0.421762
v -0.547027 0.583264 0.458712
v -0.533684 0.562565 0.496480
v -0.513283 0.547147 0.533615
v -0.486607 0.537603 0.568690
v -0.454681 0.534301 0.600356
v -0.516281 0.637762 0.333791
v -0.526495 0.607230 0.365356
v -0.529926 0.580262 0.401326
v -0.526443 0.557896 0.440321
v -0.516179 0.540991 0.480840
v -0.499529 0.530197 0.521326
v -0.477133 0.525928 0.560225
v -0.449851 0.528348 0.596041
v -0.485135 0.609645 0.317290
v -0.495947 0.579653 0.349172
v -0.501151 0.554285 0.386082
v -0.500546 0.534518 0.426601
v -0.494156 0.521109 0.469172
v -0.482226 0.514576 0.512159
v -0.465214 0.515168 0.553911
v -0.443775 0.522863 0.592822
v -0.448796 0.585000 0.307042
v -0.460306 0.555481 0.339121
v -0.467578 0.531516 0.376614
v -0.470331 0.514026 0.418080
v -0.468460 0.503683 0.461926
v -0.462037 0.500884 0.506466
v -0.451308 0.505737 0.549989
v -0.436686 0.518055 0.590822
v -0.408660 0.564774 0.303441
v -0.420942 0.535644 0.335590
v -0.430498 0.512830 0.373287
v -0.436960 0.497209 0.415086
v -0.440080 0.489381 0.459380
v -0.439739 0.489647 0.504465
v -0.435949 0.497997 0.548611
v -0.428856 0.514109 0.590120
v -0.366270 0.549745 0.306625
v -0.379367 0.520904 0.338712
v -0.391334 0.498945 0.376229
v -0.401714 0.484713 0.417734
v -0.410106 0.478754 0.461631
v -0.416188 0.481297 0.506234
v -0.419727 0.492245 0.549829
v -0.420586 0.511177 0.590741
v -0.323255 0.540491 0.316472
v -0.337178 0.511827 0.348370
v -0.351594 0.490395 0.385326
v -0.365948 0.477018 0.425921
v -0.379690 0.472210 0.468594
v -0.392290 0.476156 0.511705
v -0.403266 0.488704 0.553598
v -0.412194 0.509372 0.592662
v -0.281268 0.537366 0.332603
v -0.312802 0.487508 0.400229
v -0.350000 0.470000 0.480000
v -0.387198 0.487508 0.559771
v -0.404003 0.508762 0.595809
v -0.281268 0.537366 0.332603
v -0.241922 0.540490 0.354398
v -0.206729 0.549745 0.381021
v -0.177042 0.564774 0.411447
v -0.154002 0.585000 0.444507
v -0.138494 0.609645 0.478931
v -0.131114 0.637762 0.513397
v -0.132146 0.668272 0.546579
v -0.177042 0.835226 0.411447
v -0.154002 0.815000 0.444507
v -0.138494 0.790355 0.478931
v -0.131114 0.762238 0.513397
v -0.132146 0.731728 0.546579
v -0.141549 0.700000 0.577202
v -0.241922 0.859510 0.354398
v -0.206729 0.850255 0.381021
v -0.323255 0.859510 0.316472
v -0.366270 0.850255 0.306625
v -0.408660 0.835226 0.303441
v -0.448796 0.815000 0.307042
v -0.485135 0.790355 0.317290
v -0.516281 0.762238 0.333791
v -0.541036 0.731728 0.355910
v -0.558451 0.700000 0.382798
v -0.558451 0.700000 0.382798
v -0.541036 0.668272 0.355910
v -0.516281 0.637762 0.333791
v -0.485135 0.609645 0.317290
v -0.448796 0.585000 0.307042
v -0.408660 0.564774 0.303441
v -0.366270 0.549745 0.306625
v -0.323255 0.540491 0.316472
v 0.281268 0.862635 0.332603
v 0.295997 0.508762 0.364191
v 0.331037 0.474419 0.439333
v 0.368963 0.474419 0.520667
v 0.418732 0.537365 0.627397
v 0.323255 0.540490 0.316472
v 0.337178 0.511827 0.348370
v 0.351594 0.490395 0.385326
v 0.365948 0.477018 0.425921
v 0.379690 0.472210 0.468594
v 0.392290 0.476156 0.511705
v 0.403266 0.488704 0.553598
v 0.412194 0.509372 0.592662
v 0.366270 0.549745 0.306625
v 0.379367 0.520904 0.338712
v 0.391334 0.498945 0.376229
v 0.401714 0.484713 0.417734
v 0.410106 0.478754 0.461631
v 0.416188 0.481297 0.506234
v 0.419727 0.492245 0.549829
v 0.420586 0.511177 0.590741
v 0.408660 0.564774 0.303441
v 0.420942 0.535644 0.335589
v 0.430498 0.512830 0.373287
v 0.436960 0.497209 0.415086
v 0.440080 0.489381 0.459379
v 0.439739 0.489647 0.504465
v 0.435949 0.497997 0.548611
v 0.428856 0.514109 0.590120
v 0.448796 0.585000 0.307042
v 0.460307 0.555481 0.339121
v 0.467578 0.531516 0.376614
v 0.470331 0.514026 0.418080
v 0.468460 0.503683 0.461926
v 0.462037 0.500884 0.506466
v 0.451308 0.505737 0.549989
v 0.436686 0.518055 0.590822
v 0.485135 0.609645 0.317290
v 0.495947 0.579653 0.349172
v 0.501151 0.554285 0.386082
v 0.500546 0.534518 0.426601
v 0.494156 0.521109 0.469172
v 0.482226 0.514576 0.512159
v 0.465214 0.515168 0.553911
v 0.443775 0.522863 0.592822
v 0.516281 0.637762 0.333791
v 0.526495 0.607230 0.365356
v 0.529926 0.580262 0.401326
v 0.526443 0.557896 0.440321
v 0.516179 0.540991 0.480840
v 0.499529 0.530197 0.521326
v 0.477133 0.525928 0.560225
v 0.449851 0.528348 0.596041
v 0.541036 0.668272 0.355910
v 0.550775 0.637153 0.387050
v 0.552797 0.608449 0.421762
v 0.547027 0.583264 0.458712
v 0.533684 0.562565 0.496480
v 0.513283 0.547147 0.533615
v 0.486607 0.537603 0.568690
v 0.454681 0.534301 0.600356
v 0.323255 0.859510 0.316472
v 0.366270 0.850255 0.306625
v 0.408660 0.835226 0.303441
v 0.448796 0.815000 0.307042
v 0.485135 0.790355 0.317290
v 0.516281 0.762238 0.333790
v 0.541036 0.731728 0.355910
v 0.558451 0.700000 0.382798
v 0.567854 0.668272 0.413421
v 0.568886 0.637762 0.446603
v 0.561506 0.609645 0.481069
v 0.545998 0.585000 0.515493
v 0.522958 0.564774 0.548553
v 0.493271 0.549745 0.578979
v 0.458078 0.540490 0.605602
v 0.325090 0.865699 0.322446
v 0.369869 0.862397 0.318344
v 0.413885 0.852853 0.320455
v 0.455445 0.837435 0.328696
v 0.492954 0.816736 0.342752
v 0.524969 0.791551 0.362083
v 0.550259 0.762847 0.385945
v 0.567854 0.731728 0.413421
v 0.577077 0.699390 0.443456
v 0.577574 0.667076 0.474896
v 0.569325 0.636026 0.506531
v 0.552647 0.607435 0.537147
v 0.528182 0.582402 0.565567
v 0.496870 0.561887 0.590698
v 0.459913 0.546680 0.611576
v 0.325291 0.871652 0.328920
v 0.370264 0.874072 0.331043
v 0.414458 0.869803 0.338890
v 0.456175 0.859009 0.352160
v 0.493811 0.842104 0.370342
v 0.525922 0.819738 0.392739
v 0.551271 0.792770 0.418489
v 0.568886 0.762238 0.446603
v 0.578089 0.729313 0.476001
v 0.578527 0.695262 0.505552
v 0.570183 0.661394 0.534121
v 0.553377 0.629009 0.560610
v 0.528755 0.599352 0.584002
v 0.497264 0.573563 0.603397
v 0.460114 0.552632 0.618049
v 0.323851 0.877137 0.335644
v 0.367439 0.884832 0.344232
v 0.410358 0.885424 0.358038
v 0.450956 0.878891 0.376530
v 0.487675 0.865482 0.398999
v 0.519103 0.845715 0.424581
v 0.544033 0.820347 0.452292
v 0.561506 0.790355 0.481069
v 0.570851 0.756890 0.509804
v 0.571709 0.721239 0.537394
v 0.564047 0.684772 0.562778
v 0.548159 0.648891 0.584981
v 0.524655 0.614973 0.603150
v 0.494440 0.584323 0.616586
v 0.458674 0.558118 0.624773
v 0.320826 0.881945 0.342360
v 0.361505 0.894263 0.357406
v 0.401742 0.899116 0.377163
v 0.439990 0.896317 0.400872
v 0.474781 0.885974 0.427622
v 0.504776 0.868484 0.456385
v 0.528823 0.844519 0.486055
v 0.545998 0.815000 0.515493
v 0.555641 0.781062 0.543567
v 0.557381 0.744009 0.569198
v 0.551152 0.705264 0.591401
v 0.537193 0.666317 0.609323
v 0.516039 0.628665 0.622275
v 0.488506 0.593754 0.629760
v 0.455649 0.562926 0.631489
v 0.316331 0.885891 0.348809
v 0.352688 0.902003 0.370057
v 0.388941 0.910353 0.395530
v 0.423699 0.910619 0.424249
v 0.455624 0.902791 0.455111
v 0.483489 0.887170 0.486929
v 0.506225 0.864356 0.518480
v 0.522958 0.835226 0.548553
v 0.533044 0.800899 0.575992
v 0.536095 0.762695 0.599741
v 0.531995 0.722081 0.618889
v 0.520901 0.680619 0.632700
v 0.503239 0.639902 0.640642
v 0.479688 0.601494 0.642411
v 0.451154 0.566872 0.637939
v 0.310539 0.888823 0.354745
v 0.341327 0.907755 0.381701
v 0.372448 0.918703 0.412434
v 0.402707 0.921246 0.445764
v 0.430940 0.915287 0.480409
v 0.456062 0.901055 0.515039
v 0.477109 0.879096 0.548322
v 0.493271 0.850255 0.578979
v 0.503927 0.815639 0.605833
v 0.508668 0.776580 0.627851
v 0.507311 0.734577 0.644188
v 0.499909 0.691246 0.654214
v 0.486746 0.648251 0.657546
v 0.468328 0.607245 0.654055
v 0.445362 0.569804 0.643875
v 0.303673 0.890628 0.359939
v 0.327859 0.911296 0.391889
v 0.352896 0.923844 0.427224
v 0.377822 0.927790 0.464588
v 0.401678 0.922982 0.502545
v 0.423549 0.909605 0.539634
v 0.442593 0.888173 0.574432
v 0.458078 0.859510 0.605602
v 0.469411 0.824716 0.631944
v 0.476154 0.785130 0.652447
v 0.478050 0.742272 0.666323
v 0.475024 0.697790 0.673039
v 0.467194 0.653393 0.672337
v 0.454860 0.610787 0.664243
v 0.438497 0.571609 0.649068
v 0.295997 0.891238 0.364191
v 0.312802 0.912492 0.400229
v 0.331037 0.925581 0.439333
v 0.350000 0.930000 0.480000
v 0.368963 0.925581 0.520667
v 0.387198 0.912492 0.559771
v 0.404003 0.891238 0.595809
v 0.418732 0.862634 0.627397
v 0.430821 0.827781 0.653320
v 0.439803 0.788017 0.672583
v 0.445334 0.744871 0.684445
v 0.447202 0.700000 0.688451
v 0.445334 0.655129 0.684445
v 0.439803 0.611983 0.672583
v 0.430821 0.572219 0.653320
v 0.287806 0.890628 0.367338
v 0.296734 0.911296 0.406402
v 0.307710 0.923844 0.448295
v 0.320310 0.927790 0.491406
v 0.334052 0.922982 0.534079
v 0.348406 0.909605 0.574674
v 0.362822 0.888173 0.611630
v 0.376745 0.859509 0.643528
v 0.389640 0.824716 0.669142
v 0.401012 0.785130 0.687486
v 0.410423 0.742272 0.697858
v 0.417513 0.697790 0.699857
v 0.422008 0.653393 0.693407
v 0.423735 0.610787 0.678756
v 0.422629 0.571609 0.656467
v 0.279414 0.888823 0.369259
v 0.280273 0.907755 0.410171
v 0.283812 0.918703 0.453766
v 0.289894 0.921246 0.498369
v 0.298286 0.915287 0.542266
v 0.308666 0.901055 0.583771
v 0.320633 0.879096 0.621288
v 0.333730 0.850255 0.653375
v 0.347451 0.815639 0.678799
v 0.361271 0.776580 0.696584
v 0.374657 0.734577 0.706045
v 0.387096 0.691246 0.706820
v 0.398110 0.648251 0.698878
v 0.407274 0.607245 0.682525
v 0.414237 0.569804 0.658388
v 0.271144 0.885891 0.369880
v 0.264051 0.902003 0.411389
v 0.260261 0.910353 0.455535
v 0.259920 0.910619 0.500620
v 0.263040 0.902791 0.544914
v 0.269502 0.887170 0.586713
v 0.279058 0.864356 0.624410
v 0.291340 0.835226 0.656559
v 0.305876 0.800899 0.681922
v 0.322108 0.762695 0.699525
v 0.339411 0.722081 0.708693
v 0.357122 0.680619 0.709071
v 0.374559 0.639902 0.700647
v 0.391052 0.601494 0.683743
v 0.405968 0.566872 0.659010
v 0.263314 0.881945 0.369178
v 0.248692 0.894263 0.410011
v 0.237963 0.899116 0.453534
v 0.231540 0.896317 0.498074
v 0.229669 0.885974 0.541920
v 0.232422 0.868484 0.583386
v 0.239693 0.844519 0.620879
v 0.251204 0.815000 0.652958
v 0.266511 0.781062 0.678390
v 0.285027 0.744009 0.696198
v 0.306040 0.705264 0.705698
v 0.328742 0.666317 0.706525
v 0.352261 0.628665 0.698646
v 0.375693 0.593754 0.682365
v 0.398138 0.562926 0.658307
v 0.256225 0.877137 0.367178
v 0.234786 0.884832 0.406089
v 0.217774 0.885424 0.447841
v 0.205844 0.878891 0.490828
v 0.199454 0.865482 0.533399
v 0.198849 0.845715 0.573918
v 0.204053 0.820347 0.610828
v 0.214865 0.790355 0.642710
v 0.230871 0.756890 0.668339
v 0.251454 0.721239 0.686731
v 0.275825 0.684772 0.697178
v 0.303046 0.648891 0.699279
v 0.332072 0.614973 0.692953
v 0.361787 0.584323 0.678443
v 0.391048 0.558118 0.656308
v 0.250149 0.871652 0.363959
v 0.222867 0.874072 0.399775
v 0.200471 0.869803 0.438673
v 0.183821 0.859009 0.479160
v 0.173557 0.842103 0.519679
v 0.170074 0.819737 0.558674
v 0.173505 0.792770 0.594644
v 0.183719 0.762237 0.626209
v 0.200323 0.729313 0.652156
v 0.222679 0.695262 0.671486
v 0.249928 0.661394 0.683458
v 0.281023 0.629009 0.687611
v 0.314768 0.599352 0.683786
v 0.349868 0.573563 0.672129
v 0.384972 0.552632 0.653089
v 0.245319 0.865699 0.359644
v 0.213393 0.862397 0.391310
v 0.186717 0.852853 0.426385
v 0.166316 0.837435 0.463520
v 0.152973 0.816736 0.501288
v 0.147203 0.791551 0.538238
v 0.149225 0.762847 0.572950
v 0.158964 0.731728 0.604090
v 0.176043 0.699390 0.630462
v 0.199808 0.667076 0.651051
v 0.229345 0.636026 0.665067
v 0.263518 0.607435 0.671970
v 0.301015 0.582402 0.671497
v 0.340394 0.561887 0.663664
v 0.380142 0.546680 0.648774
v 0.141549 0.700000 0.577202
v 0.158964 0.668272 0.604090
v 0.183719 0.637762 0.626209
v 0.214865 0.609645 0.642710
v 0.251204 0.585000 0.652958
v 0.291340 0.564774 0.656559
v 0.333730 0.549745 0.653375
v 0.376745 0.540490 0.643528
v 0.132146 0.668272 0.546579
v 0.149741 0.637153 0.574055
v 0.175032 0.608449 0.597917
v 0.207046 0.583264 0.617248
v 0.244555 0.562565 0.631304
v 0.286115 0.547147 0.639545
v 0.330131 0.537603 0.641656
v 0.374910 0.534301 0.637554
v 0.131114 0.637762 0.513397
v 0.148729 0.607230 0.541511
v 0.174078 0.580262 0.567261
v 0.206189 0.557896 0.589658
v 0.243825 0.540991 0.607840
v 0.285542 0.530197 0.621110
v 0.329736 0.525928 0.628957
v 0.374709 0.528348 0.631080
v 0.138494 0.609645 0.478931
v 0.155967 0.579653 0.507708
v 0.180897 0.554285 0.535419
v 0.212325 0.534518 0.561001
v 0.249044 0.521109 0.583470
v 0.289642 0.514576 0.601962
v 0.332561 0.515168 0.615768
v 0.376149 0.522863 0.624356
v 0.154002 0.585000 0.444507
v 0.171177 0.555481 0.473945
v 0.195224 0.531516 0.503615
v 0.225219 0.514026 0.532378
v 0.260010 0.503683 0.559128
v 0.298258 0.500884 0.582837
v 0.338495 0.505737 0.602594
v 0.379174 0.518055 0.617640
v 0.177042 0.564774 0.411447
v 0.193775 0.535644 0.441519
v 0.216511 0.512830 0.473071
v 0.244376 0.497209 0.504889
v 0.276301 0.489381 0.535751
v 0.311059 0.489647 0.564470
v 0.347312 0.497997 0.589943
v 0.383669 0.514109 0.611191
v 0.206729 0.549745 0.381021
v 0.222891 0.520904 0.411678
v 0.243938 0.498945 0.444961
v 0.269060 0.484713 0.479591
v 0.297293 0.478754 0.514236
v 0.327552 0.481297 0.547566
v 0.358673 0.492245 0.578299
v 0.389461 0.511177 0.605255
v 0.241922 0.540491 0.354398
v 0.257407 0.511827 0.385568
v 0.276451 0.490395 0.420366
v 0.298322 0.477018 0.457456
v 0.322178 0.472210 0.495412
v 0.347104 0.476156 0.532776
v 0.372141 0.488704 0.568111
v 0.396327 0.509372 0.600061
v 0.281268 0.537366 0.332603
v 0.312802 0.487508 0.400229
v 0.350000 0.470000 0.480000
v 0.387198 0.487508 0.559771
v 0.404003 0.508762 0.595809
v 0.281268 0.537366 0.332603
v 0.323255 0.540490 0.316472
v 0.366270 0.549745 0.306625
v 0.408660 0.564774 0.303441
v 0.448796 0.585000 0.307042
v 0.485135 0.609645 0.317290
v 0.516281 0.637762 0.333791
v 0.541036 0.668272 0.355910
v 0.323255 0.859510 0.316472
v 0.366270 0.850255 0.306625
v 0.408660 0.835226 0.303441
v 0.448796 0.815000 0.307042
v 0.485135 0.790355 0.317290
v 0.516281 0.762238 0.333790
v 0.541036 0.731728 0.355910
v 0.558451 0.700000 0.382798
v 0.131114 0.762238 0.513397
v 0.132146 0.731728 0.546579
v 0.141549 0.700000 0.577202
v 0.141549 0.700000 0.577202
v 0.241922 0.859510 0.354398
v 0.206729 0.850255 0.381021
v 0.177042 0.835226 0.411447
v 0.154002 0.815000 0.444507
v 0.138494 0.790355 0.478931
v 0.132146 0.668272 0.546579
v 0.131114 0.637762 0.513397
v 0.138494 0.609645 0.478931
v 0.154002 0.585000 0.444507
v 0.177042 0.564774 0.411447
v 0.206729 0.549745 0.381021
v 0.241922 0.540491 0.354398
vn -0.0000 -0.3805 -0.9248
vn -0.0000 -0.1939 -0.9810
vn 0.1914 -0.1939 -0.9622
vn 0.1804 -0.3805 -0.9070
vn -0.0000 0.8286 -0.5598
vn -0.0000 0.9217 -0.3879
vn 0.0757 0.9217 -0.3804
vn 0.1092 0.8286 -0.5490
vn -0.0000 -0.5528 -0.8333
vn 0.1626 -0.5528 -0.8173
vn -0.0000 0.7041 -0.7101
vn 0.1385 0.7041 -0.6965
vn -0.0000 -0.7041 -0.7101
vn 0.1385 -0.7041 -0.6965
vn -0.0000 0.5528 -0.8333
vn 0.1626 0.5528 -0.8173
vn -0.0000 -0.8286 -0.5598
vn 0.1092 -0.8286 -0.5490
vn -0.0000 0.3805 -0.9248
vn 0.1804 0.3805 -0.9070
vn -0.0000 -0.9217 -0.3879
vn 0.0757 -0.9217 -0.3804
vn -0.0000 0.1939 -0.9810
vn 0.1914 0.1939 -0.9622
vn -0.0000 -0.9796 -0.2010
vn 0.0392 -0.9796 -0.1971
vn -0.0000 -0.0000 -1.0000
vn 0.1951 -0.0000 -0.9808
vn -0.0000 0.9796 -0.2010
vn -0.0000 1.0000 -0.0000
vn 0.0392 0.9796 -0.1971
vn -0.0000 -1.0000 -0.0000
vn 0.3827 -0.0000 -0.9239
vn 0.3754 -0.1939 -0.9063
vn 0.0769 0.9796 -0.1857
vn 0.1484 0.9217 -0.3584
vn 0.3539 -0.3805 -0.8544
vn 0.2142 0.8286 -0.5172
vn 0.3189 -0.5528 -0.7699
vn 0.2718 0.7041 -0.6561
vn 0.2718 -0.7041 -0.6561
vn 0.3189 0.5528 -0.7699
vn 0.2142 -0.8286 -0.5172
vn 0.3539 0.3805 -0.8544
vn 0.1484 -0.9217 -0.3584
vn 0.3754 0.1939 -0.9063
vn 0.0769 -0.9796 -0.1857
vn 0.3945 -0.7041 -0.5905
vn 0.3110 -0.8286 -0.4654
vn 0.4630 0.5528 -0.6929
vn 0.5138 0.3805 -0.7689
vn 0.2155 -0.9217 -0.3225
vn 0.5450 0.1939 -0.8157
vn 0.1117 -0.9796 -0.1671
vn 0.5556 -0.0000 -0.8315
vn 0.1117 0.9796 -0.1671
vn 0.5450 -0.1939 -0.8157
vn 0.2155 0.9217 -0.3225
vn 0.5138 -0.3805 -0.7689
vn 0.3110 0.8286 -0.4654
vn 0.4630 -0.5528 -0.6929
vn 0.3945 0.7041 -0.5905
vn 0.1421 0.9796 -0.1421
vn 0.2743 0.9217 -0.2743
vn 0.6937 -0.1939 -0.6937
vn 0.6539 -0.3805 -0.6539
vn 0.3958 0.8286 -0.3958
vn 0.5893 -0.5528 -0.5893
vn 0.5021 0.7041 -0.5021
vn 0.5021 -0.7041 -0.5021
vn 0.5893 0.5528 -0.5893
vn 0.3958 -0.8286 -0.3958
vn 0.6539 0.3805 -0.6539
vn 0.2743 -0.9217 -0.2743
vn 0.6937 0.1939 -0.6937
vn 0.1421 -0.9796 -0.1421
vn 0.7071 -0.0000 -0.7071
vn 0.6929 0.5528 -0.4630
vn 0.7689 0.3805 -0.5138
vn 0.4654 -0.8286 -0.3110
vn 0.3225 -0.9217 -0.2155
vn 0.8157 0.1939 -0.5450
vn 0.1671 -0.9796 -0.1117
vn 0.8315 -0.0000 -0.5556
vn 0.1671 0.9796 -0.1117
vn 0.8157 -0.1939 -0.5450
vn 0.3225 0.9217 -0.2155
vn 0.7689 -0.3805 -0.5138
vn 0.4654 0.8286 -0.3110
vn 0.6929 -0.5528 -0.4630
vn 0.5905 0.7041 -0.3945
vn 0.5905 -0.7041 -0.3945
vn 0.9063 -0.1939 -0.3754
vn 0.8544 -0.3805 -0.3539
vn 0.3584 0.9217 -0.1484
vn 0.5172 0.8286 -0.2142
vn 0.7699 -0.5528 -0.3189
vn 0.6561 0.7041 -0.2718
vn 0.6561 -0.7041 -0.2718
vn 0.7699 0.5528 -0.3189
vn 0.5172 -0.8286 -0.2142
vn 0.8544 0.3805 -0.3539
vn 0.3584 -0.9217 -0.1484
vn 0.9063 0.1939 -0.3754
vn 0.1857 -0.9796 -0.0769
vn 0.9239 -0.0000 -0.3827
vn 0.1857 0.9796 -0.0769
vn 0.5490 -0.8286 -0.1092
vn 0.3804 -0.9217 -0.0757
vn 0.9070 0.3805 -0.1804
vn 0.9622 0.1939 -0.1914
vn 0.1971 -0.9796 -0.0392
vn 0.9808 -0.0000 -0.1951
vn 0.1971 0.9796 -0.0392
vn 0.9622 -0.1939 -0.1914
vn 0.3804 0.9217 -0.0757
vn 0.9070 -0.3805 -0.1804
vn 0.5490 0.8286 -0.1092
vn 0.8173 -0.5528 -0.1626
vn 0.6965 0.7041 -0.1385
vn 0.6965 -0.7041 -0.1385
vn 0.8173 0.5528 -0.1626
vn 0.9248 -0.3805 -0.0000
vn 0.8333 -0.5528 -0.0000
vn 0.5598 0.8286 -0.0000
vn 0.7101 0.7041 -0.0000
vn 0.7101 -0.7041 -0.0000
vn 0.8333 0.5528 -0.0000
vn 0.5598 -0.8286 -0.0000
vn 0.9248 0.3805 -0.0000
vn 0.3879 -0.9217 -0.0000
vn 0.9810 0.1939 -0.0000
vn 0.2010 -0.9796 -0.0000
vn 1.0000 -0.0000 -0.0000
vn 0.2010 0.9796 -0.0000
vn 0.9810 -0.1939 -0.0000
vn 0.3879 0.9217 -0.0000
vn 0.3804 -0.9217 0.0757
vn 0.1971 -0.9796 0.0392
vn 0.9622 0.1939 0.1914
vn 0.9808 -0.0000 0.1951
vn 0.1971 0.9796 0.0392
vn 0.9622 -0.1939 0.1914
vn 0.3804 0.9217 0.0757
vn 0.9070 -0.3805 0.1804
vn 0.5490 0.8286 0.1092
vn 0.8173 -0.5528 0.1626
vn 0.6965 0.7041 0.1385
vn 0.6965 -0.7041 0.1385
vn 0.8173 0.5528 0.1626
vn 0.5490 -0.8286 0.1092
vn 0.9070 0.3805 0.1804
vn 0.5172 0.8286 0.2142
vn 0.6561 0.7041 0.2718
vn 0.7699 -0.5528 0.3189
vn 0.6561 -0.7041 0.2718
vn 0.7699 0.5528 0.3189
vn 0.5172 -0.8286 0.2142
vn 0.8544 0.3805 0.3539
vn 0.3584 -0.9217 0.1484
vn 0.9063 0.1939 0.3754
vn 0.1857 -0.9796 0.0769
vn 0.9239 -0.0000 0.3827
vn 0.1857 0.9796 0.0769
vn 0.9063 -0.1939 0.3754
vn 0.3584 0.9217 0.1484
vn 0.8544 -0.3805 0.3539
vn 0.8157 0.1939 0.5450
vn 0.8315 -0.0000 0.5556
vn 0.1671 0.9796 0.1117
vn 0.1671 -0.9796 0.1117
vn 0.8157 -0.1939 0.5450
vn 0.3225 0.9217 0.2155
vn 0.7689 -0.3805 0.5138
vn 0.4654 0.8286 0.3110
vn 0.6929 -0.5528 0.4630
vn 0.5905 0.7041 0.3945
vn 0.5905 -0.7041 0.3945
vn 0.6929 0.5528 0.4630
vn 0.4654 -0.8286 0.3110
vn 0.7689 0.3805 0.5138
vn 0.3225 -0.9217 0.2155
vn 0.5893 -0.5528 0.5893
vn 0.5021 -0.7041 0.5021
vn 0.5021 0.7041 0.5021
vn 0.5893 0.5528 0.5893
vn 0.3958 -0.8286 0.3958
vn 0.6539 0.3805 0.6539
vn 0.2743 -0.9217 0.2743
vn 0.6937 0.1939 0.6937
vn 0.1421 -0.9796 0.1421
vn 0.7071 -0.0000 0.7071
vn 0.1421 0.9796 0.1421
vn 0.6937 -0.1939 0.6937
vn 0.2743 0.9217 0.2743
vn 0.6539 -0.3805 0.6539
vn 0.3958 0.8286 0.3958
vn 0.1117 0.9796 0.1671
vn 0.1117 -0.9796 0.1671
vn 0.5556 -0.0000 0.8315
vn 0.5450 -0.1939 0.8157
vn 0.2155 0.9217 0.3225
vn 0.5138 -0.3805 0.7689
vn 0.3110 0.8286 0.4654
vn 0.4630 -0.5528 0.6929
vn 0.3945 0.7041 0.5905
vn 0.3945 -0.7041 0.5905
vn 0.4630 0.5528 0.6929
vn 0.3110 -0.8286 0.4654
vn 0.5138 0.3805 0.7689
vn 0.2155 -0.9217 0.3225
vn 0.5450 0.1939 0.8157
vn 0.2718 0.7041 0.6561
vn 0.3189 0.5528 0.7699
vn 0.2718 -0.7041 0.6561
vn 0.2142 -0.8286 0.5172
vn 0.3539 0.3805 0.8544
vn 0.1484 -0.9217 0.3584
vn 0.3754 0.1939 0.9063
vn 0.0769 -0.9796 0.1857
vn 0.3827 -0.0000 0.9239
vn 0.0769 0.9796 0.1857
vn 0.3754 -0.1939 0.9063
vn 0.1484 0.9217 0.3584
vn 0.3539 -0.3805 0.8544
vn 0.2142 0.8286 0.5172
vn 0.3189 -0.5528 0.7699
vn 0.1951 -0.0000 0.9808
vn 0.1914 -0.1939 0.9622
vn 0.0392 0.9796 0.1971
vn 0.0757 0.9217 0.3804
vn 0.1804 -0.3805 0.9070
vn 0.1092 0.8286 0.5490
vn 0.1626 -0.5528 0.8173
vn 0.1385 0.7041 0.6965
vn 0.1385 -0.7041 0.6965
vn 0.1626 0.5528 0.8173
vn 0.1092 -0.8286 0.5490
vn 0.1804 0.3805 0.9070
vn 0.0757 -0.9217 0.3804
vn 0.1914 0.1939 0.9622
vn 0.0392 -0.9796 0.1971
vn -0.0000 -0.7041 0.7101
vn -0.0000 -0.8286 0.5598
vn -0.0000 0.5528 0.8333
vn -0.0000 0.3805 0.9248
vn -0.0000 -0.9217 0.3879
vn -0.0000 0.1939 0.9810
vn -0.0000 -0.9796 0.2010
vn -0.0000 -0.0000 1.0000
vn -0.0000 0.9796 0.2010
vn -0.0000 -0.1939 0.9810
vn -0.0000 0.9217 0.3879
vn -0.0000 -0.3805 0.9248
vn -0.0000 0.8286 0.5598
vn -0.0000 -0.5528 0.8333
vn -0.0000 0.7041 0.7101
vn -0.1914 -0.1939 0.9622
vn -0.1804 -0.3805 0.9070
vn -0.0757 0.9217 0.3804
vn -0.1092 0.8286 0.5490
vn -0.1626 -0.5528 0.8173
vn -0.1385 0.7041 0.6965
vn -0.1385 -0.7041 0.6965
vn -0.1626 0.5528 0.8173
vn -0.1092 -0.8286 0.5490
vn -0.1804 0.3805 0.9070
vn -0.0757 -0.9217 0.3804
vn -0.1914 0.1939 0.9622
vn -0.0392 -0.9796 0.1971
vn -0.1951 -0.0000 0.9808
vn -0.0392 0.9796 0.1971
vn -0.2142 -0.8286 0.5172
vn -0.1484 -0.9217 0.3584
vn -0.3539 0.3805 0.8544
vn -0.3754 0.1939 0.9063
vn -0.0769 -0.9796 0.1857
vn -0.3827 -0.0000 0.9239
vn -0.0769 0.9796 0.1857
vn -0.3754 -0.1939 0.9063
vn -0.1484 0.9217 0.3584
vn -0.3539 -0.3805 0.8544
vn -0.2142 0.8286 0.5172
vn -0.3189 -0.5528 0.7699
vn -0.2718 0.7041 0.6561
vn -0.2718 -0.7041 0.6561
vn -0.3189 0.5528 0.7699
vn -0.2155 0.9217 0.3225
vn -0.3110 0.8286 0.4654
vn -0.5138 -0.3805 0.7689
vn -0.4630 -0.5528 0.6929
vn -0.3945 0.7041 0.5905
vn -0.3945 -0.7041 0.5905
vn -0.4630 0.5528 0.6929
vn -0.3110 -0.8286 0.4654
vn -0.5138 0.3805 0.7689
vn -0.2155 -0.9217 0.3225
vn -0.5450 0.1939 0.8157
vn -0.1117 -0.9796 0.1671
vn -0.5556 -0.0000 0.8315
vn -0.1117 0.9796 0.1671
vn -0.5450 -0.1939 0.8157
vn -0.6539 0.3805 0.6539
vn -0.6937 0.1939 0.6937
vn -0.2743 -0.9217 0.2743
vn -0.1421 -0.9796 0.1421
vn -0.7071 -0.0000 0.7071
vn -0.1421 0.9796 0.1421
vn -0.6937 -0.1939 0.6937
vn -0.2743 0.9217 0.2743
vn -0.6539 -0.3805 0.6539
vn -0.3958 0.8286 0.3958
vn -0.5893 -0.5528 0.5893
vn -0.5021 0.7041 0.5021
vn -0.5021 -0.7041 0.5021
vn -0.5893 0.5528 0.5893
vn -0.3958 -0.8286 0.3958
vn -0.7689 -0.3805 0.5138
vn -0.6929 -0.5528 0.4630
vn -0.4654 0.8286 0.3110
vn -0.5905 0.7041 0.3945
vn -0.5905 -0.7041 0.3945
vn -0.6929 0.5528 0.4630
vn -0.4654 -0.8286 0.3110
vn -0.7689 0.3805 0.5138
vn -0.3225 -0.9217 0.2155
vn -0.8157 0.1939 0.5450
vn -0.1671 -0.9796 0.1117
vn -0.8315 -0.0000 0.5556
vn -0.1671 0.9796 0.1117
vn -0.8157 -0.1939 0.5450
vn -0.3225 0.9217 0.2155
vn -0.3584 -0.9217 0.1484
vn -0.1857 -0.9796 0.0769
vn -0.9063 0.1939 0.3754
vn -0.9239 -0.0000 0.3827
vn -0.1857 0.9796 0.0769
vn -0.9063 -0.1939 0.3754
vn -0.3584 0.9217 0.1484
vn -0.8544 -0.3805 0.3539
vn -0.5172 0.8286 0.2142
vn -0.7699 -0.5528 0.3189
vn -0.6561 0.7041 0.2718
vn -0.6561 -0.7041 0.2718
vn -0.7699 0.5528 0.3189
vn -0.5172 -0.8286 0.2142
vn -0.8544 0.3805 0.3539
vn -0.5490 0.8286 0.1092
vn -0.6965 0.7041 0.1385
vn -0.8173 -0.5528 0.1626
vn -0.6965 -0.7041 0.1385
vn -0.8173 0.5528 0.1626
vn -0.5490 -0.8286 0.1092
vn -0.9070 0.3805 0.1804
vn -0.3804 -0.9217 0.0757
vn -0.9622 0.1939 0.1914
vn -0.1971 -0.9796 0.0392
vn -0.9808 -0.0000 0.1951
vn -0.1971 0.9796 0.0392
vn -0.9622 -0.1939 0.1914
vn -0.3804 0.9217 0.0757
vn -0.9070 -0.3805 0.1804
vn -0.9810 0.1939 -0.0000
vn -1.0000 -0.0000 -0.0000
vn -0.2010 0.9796 -0.0000
vn -0.2010 -0.9796 -0.0000
vn -0.9810 -0.1939 -0.0000
vn -0.3879 0.9217 -0.0000
vn -0.9248 -0.3805 -0.0000
vn -0.5598 0.8286 -0.0000
vn -0.8333 -0.5528 -0.0000
vn -0.7101 0.7041 -0.0000
vn -0.7101 -0.7041 -0.0000
vn -0.8333 0.5528 -0.0000
vn -0.5598 -0.8286 -0.0000
vn -0.9248 0.3805 -0.0000
vn -0.3879 -0.9217 -0.0000
vn -0.8173 -0.5528 -0.1626
vn -0.6965 -0.7041 -0.1385
vn -0.6965 0.7041 -0.1385
vn -0.8173 0.5528 -0.1626
vn -0.5490 -0.8286 -0.1092
vn -0.9070 0.3805 -0.1804
vn -0.3804 -0.9217 -0.0757
vn -0.9622 0.1939 -0.1914
vn -0.1971 -0.9796 -0.0392
vn -0.9808 -0.0000 -0.1951
vn -0.1971 0.9796 -0.0392
vn -0.9622 -0.1939 -0.1914
vn -0.3804 0.9217 -0.0757
vn -0.9070 -0.3805 -0.1804
vn -0.5490 0.8286 -0.1092
vn -0.1857 -0.9796 -0.0769
vn -0.9239 -0.0000 -0.3827
vn -0.9063 -0.1939 -0.3754
vn -0.1857 0.9796 -0.0769
vn -0.3584 0.9217 -0.1484
vn -0.8544 -0.3805 -0.3539
vn -0.5172 0.8286 -0.2142
vn -0.7699 -0.5528 -0.3189
vn -0.6561 0.7041 -0.2718
vn -0.6561 -0.7041 -0.2718
vn -0.7699 0.5528 -0.3189
vn -0.5172 -0.8286 -0.2142
vn -0.8544 0.3805 -0.3539
vn -0.3584 -0.9217 -0.1484
vn -0.9063 0.1939 -0.3754
vn -0.5905 -0.7041 -0.3945
vn -0.4654 -0.8286 -0.3110
vn -0.6929 0.5528 -0.4630
vn -0.7689 0.3805 -0.5138
vn -0.3225 -0.9217 -0.2155
vn -0.8157 0.1939 -0.5450
vn -0.1671 -0.9796 -0.1117
vn -0.8315 -0.0000 -0.5556
vn -0.1671 0.9796 -0.1117
vn -0.8157 -0.1939 -0.5450
vn -0.3225 0.9217 -0.2155
vn -0.7689 -0.3805 -0.5138
vn -0.4654 0.8286 -0.3110
vn -0.6929 -0.5528 -0.4630
vn -0.5905 0.7041 -0.3945
vn -0.1421 0.9796 -0.1421
vn -0.2743 0.9217 -0.2743
vn -0.6937 -0.1939 -0.6937
vn -0.6539 -0.3805 -0.6539
vn -0.3958 0.8286 -0.3958
vn -0.5893 -0.5528 -0.5893
vn -0.5021 0.7041 -0.5021
vn -0.5021 -0.7041 -0.5021
vn -0.5893 0.5528 -0.5893
vn -0.3958 -0.8286 -0.3958
vn -0.6539 0.3805 -0.6539
vn -0.2743 -0.9217 -0.2743
vn -0.6937 0.1939 -0.6937
vn -0.1421 -0.9796 -0.1421
vn -0.7071 -0.0000 -0.7071
vn -0.4630 0.5528 -0.6929
vn -0.5138 0.3805 -0.7689
vn -0.3110 -0.8286 -0.4654
vn -0.2155 -0.9217 -0.3225
vn -0.5450 0.1939 -0.8157
vn -0.1117 -0.9796 -0.1671
vn -0.5556 -0.0000 -0.8315
vn -0.1117 0.9796 -0.1671
vn -0.5450 -0.1939 -0.8157
vn -0.2155 0.9217 -0.3225
vn -0.5138 -0.3805 -0.7689
vn -0.3110 0.8286 -0.4654
vn -0.4630 -0.5528 -0.6929
vn -0.3945 0.7041 -0.5905
vn -0.3945 -0.7041 -0.5905
vn -0.3754 -0.1939 -0.9063
vn -0.3539 -0.3805 -0.8544
vn -0.1484 0.9217 -0.3584
vn -0.2142 0.8286 -0.5172
vn -0.3189 -0.5528 -0.7699
vn -0.2718 0.7041 -0.6561
vn -0.2718 -0.7041 -0.6561
vn -0.3189 0.5528 -0.7699
vn -0.2142 -0.8286 -0.5172
vn -0.3539 0.3805 -0.8544
vn -0.1484 -0.9217 -0.3584
vn -0.3754 0.1939 -0.9063
vn -0.0769 -0.9796 -0.1857
vn -0.3827 -0.0000 -0.9239
vn -0.0769 0.9796 -0.1857
vn -0.1092 -0.8286 -0.5490
vn -0.0757 -0.9217 -0.3804
vn -0.1804 0.3805 -0.9070
vn -0.1914 0.1939 -0.9622
vn -0.0392 -0.9796 -0.1971
vn -0.1951 -0.0000 -0.9808
vn -0.0392 0.9796 -0.1971
vn -0.1914 -0.1939 -0.9622
vn -0.0757 0.9217 -0.3804
vn -0.1804 -0.3805 -0.9070
vn -0.1092 0.8286 -0.5490
vn -0.1626 -0.5528 -0.8173
vn -0.1385 0.7041 -0.6965
vn -0.1385 -0.7041 -0.6965
vn -0.1626 0.5528 -0.8173
vn 0.0838 -0.9801 -0.1798
vn 0.1626 -0.9230 -0.3488
vn 0.3208 -0.9104 -0.2611
vn 0.2264 -0.9688 -0.1008
vn 0.0018 -1.0000 -0.0039
vn 0.1233 -0.9903 0.0634
vn -0.0803 -0.9818 0.1723
vn 0.0154 -0.9742 0.2254
vn -0.1595 -0.9260 0.3421
vn -0.0932 -0.9208 0.3789
vn -0.2327 -0.8348 0.4990
vn -0.1983 -0.8321 0.5180
vn 0.8642 -0.5008 0.0490
vn 0.1853 -0.9765 -0.1100
vn -0.0000 -0.5291 0.8486
vn -0.0000 0.7071 0.7071
vn -0.2988 -0.7071 0.6409
vn 0.2352 -0.8308 -0.5044
vn 0.4030 -0.8175 -0.4114
vn 0.5531 -0.7780 -0.2979
vn 0.4623 -0.8732 -0.1541
vn 0.3539 -0.9353 -0.0044
vn 0.2320 -0.9618 0.1456
vn 0.1011 -0.9516 0.2901
vn -0.0338 -0.9051 0.4238
vn -0.1676 -0.8240 0.5413
vn 0.5356 -0.7947 -0.2857
vn -0.0000 0.9788 0.2048
vn 0.1733 -0.9151 0.3642
vn 0.0162 -0.8798 0.4751
vn -0.1416 -0.8108 0.5679
vn 0.3923 -0.9195 -0.0236
vn -0.0000 -0.9897 0.1432
vn 0.6798 -0.7139 -0.1681
vn 0.5817 -0.8128 -0.0318
vn 0.4615 -0.8808 0.1059
vn 0.3236 -0.9154 0.2395
vn 0.7780 -0.6276 -0.0271
vn 0.6743 -0.7315 0.1012
vn 0.5450 -0.8075 0.2256
vn 0.3948 -0.8529 0.3416
vn 0.2294 -0.8658 0.4447
vn 0.0551 -0.8457 0.5308
vn -0.1215 -0.7932 0.5968
vn 0.4688 -0.8601 0.2011
vn -0.0000 -0.8264 0.5631
vn 0.2671 -0.8058 0.5284
vn 0.0813 -0.8041 0.5889
vn -0.1079 -0.7716 0.6268
vn 0.5142 -0.7560 0.4051
vn -0.0000 -0.8275 0.5615
vn 0.8442 -0.5225 0.1197
vn 0.7367 -0.6324 0.2396
vn 0.6011 -0.7182 0.3504
vn 0.4426 -0.7768 0.4479
vn 0.7664 -0.5193 0.3782
vn 0.6279 -0.6164 0.4752
vn 0.4654 -0.6900 0.5543
vn 0.2851 -0.7374 0.6123
vn 0.0937 -0.7567 0.6470
vn -0.1015 -0.7471 0.6570
vn 0.5338 -0.6984 0.4768
vn -0.0000 -0.8067 0.5910
vn 0.8757 -0.4026 0.2667
vn 0.0920 -0.7053 0.7030
vn -0.1024 -0.7204 0.6860
vn 0.8986 -0.2077 0.3865
vn 0.2892 -0.6398 0.7121
vn 0.8713 -0.2725 0.4083
vn 0.7622 -0.3967 0.5116
vn 0.6241 -0.5058 0.5955
vn 0.4622 -0.5958 0.6568
vn 0.2826 -0.6632 0.6931
vn 0.7244 -0.2691 0.6347
vn 0.5901 -0.3909 0.7064
vn 0.4075 0.9020 -0.1430
vn 0.4705 0.8804 -0.0600
vn 0.4332 -0.4978 0.7513
vn 0.5222 0.8523 0.0295
vn 0.2597 -0.5859 0.7676
vn 0.5612 0.8183 0.1246
vn 0.0761 -0.6517 0.7546
vn 0.8546 0.4321 0.2880
vn 0.6860 0.7071 0.1715
vn -0.1106 -0.6927 0.7127
vn 0.9118 -0.0000 0.4106
vn 0.9701 -0.0000 0.2425
vn 0.2794 0.7503 -0.5992
vn -0.0259 0.9156 -0.4012
vn -0.7071 0.7071 -0.0000
vn 0.8311 -0.1371 0.5389
vn 0.2082 0.9411 -0.2665
vn -0.9357 0.3527 -0.0000
vn 0.0467 -0.5982 0.8000
vn -0.1258 -0.6650 0.7362
vn 0.8728 0.2725 0.4050
vn 0.8306 0.1380 0.5395
vn 0.4597 0.7204 -0.5194
vn 0.7569 -0.0018 0.6536
vn 0.5976 0.7053 -0.3814
vn 0.6544 -0.1415 0.7428
vn 0.7126 0.6632 -0.2290
vn 0.5270 -0.2759 0.8038
vn 0.8002 0.5958 -0.0681
vn 0.3794 -0.3999 0.8343
vn 0.8574 0.5058 0.0954
vn 0.2173 -0.5087 0.8331
vn 0.8818 0.3967 0.2551
vn 0.4373 -0.1654 0.8840
vn 0.3030 -0.3057 0.9026
vn 0.7238 0.6900 0.0002
vn 0.7677 0.6164 0.1755
vn 0.1571 -0.4345 0.8869
vn 0.7823 0.5193 0.3440
vn 0.0050 -0.5468 0.8373
vn 0.7672 0.4026 0.4993
vn -0.1474 -0.6383 0.7555
vn 0.7230 0.2706 0.6357
vn 0.4380 0.7471 -0.5000
vn 0.6513 0.1283 0.7479
vn 0.5559 0.7567 -0.3441
vn 0.5548 -0.0188 0.8317
vn 0.6523 0.7374 -0.1752
vn 0.4108 0.7716 -0.4856
vn -0.1747 -0.6137 0.7700
vn 0.5875 0.3928 0.7074
vn 0.5184 0.2483 0.8183
vn 0.5033 0.8041 -0.3163
vn 0.4296 0.0942 0.8981
vn 0.5765 0.8058 -0.1350
vn 0.3244 -0.0635 0.9438
vn 0.6276 0.7768 0.0512
vn 0.2068 -0.2189 0.9536
vn 0.6548 0.7182 0.2353
vn 0.0813 -0.3660 0.9270
vn 0.6571 0.6324 0.4103
vn -0.0475 -0.4994 0.8651
vn 0.6343 0.5225 0.5697
vn 0.5154 0.8529 0.0828
vn 0.5231 0.8075 0.2724
vn 0.0946 -0.1428 0.9852
vn -0.0072 -0.3061 0.9520
vn 0.5109 0.7315 0.4515
vn -0.1088 -0.4578 0.8824
vn 0.4793 0.6276 0.6134
vn -0.2064 -0.5922 0.7789
vn 0.4295 0.5000 0.7520
vn 0.3791 0.7932 -0.4767
vn 0.3634 0.3534 0.8620
vn 0.4421 0.8457 -0.2990
vn 0.2835 0.1933 0.9393
vn 0.4881 0.8658 -0.1101
vn 0.1928 0.0258 0.9809
vn 0.2550 0.5879 0.7676
vn 0.1922 0.4396 0.8774
vn 0.3440 0.8108 -0.4735
vn 0.3744 0.8798 -0.2929
vn 0.1221 0.2746 0.9538
vn 0.3904 0.9151 -0.1013
vn 0.0474 0.0991 0.9940
vn 0.3915 0.9154 0.0939
vn -0.0293 -0.0803 0.9963
vn 0.3777 0.8808 0.2855
vn -0.1049 -0.2568 0.9608
vn 0.3496 0.8128 0.4660
vn -0.1765 -0.4237 0.8884
vn 0.3082 0.7139 0.6288
vn -0.2415 -0.5745 0.7821
vn -0.1602 -0.0339 0.9865
vn -0.2080 -0.2203 0.9530
vn 0.2241 0.9353 0.2739
vn 0.1791 0.8732 0.4532
vn -0.2480 -0.3983 0.8831
vn 0.1274 0.7780 0.6152
vn -0.2785 -0.5614 0.7793
vn 0.0707 0.6533 0.7538
vn 0.3070 0.8240 -0.4763
vn 0.0114 0.5037 0.8638
vn 0.3029 0.9051 -0.2983
vn -0.0483 0.3350 0.9410
vn 0.2872 0.9516 -0.1091
vn -0.1062 0.1535 0.9824
vn 0.2606 0.9618 0.0841
vn 0.2694 0.8321 -0.4849
vn 0.2303 0.9208 -0.3149
vn -0.1720 0.5432 0.8218
vn -0.2213 0.3723 0.9014
vn 0.1825 0.9742 -0.1330
vn -0.2621 0.1871 0.9467
vn 0.1278 0.9903 0.0537
vn -0.2930 -0.0054 0.9561
vn 0.0683 0.9688 0.2383
vn -0.3127 -0.1977 0.9290
vn 0.0062 0.9104 0.4136
vn -0.3205 -0.3827 0.8665
vn -0.0561 0.8175 0.5732
vn -0.3161 -0.5533 0.7707
vn -0.1163 0.6935 0.7110
vn -0.0838 0.9801 0.1798
vn -0.1626 0.9230 0.3488
vn -0.4149 -0.1901 0.8898
vn -0.3914 -0.3775 0.8393
vn -0.2352 0.8308 0.5044
vn -0.3528 -0.5506 0.7566
vn -0.2988 0.7071 0.6409
vn 0.2327 0.8348 -0.4990
vn -0.3511 0.5566 0.7530
vn 0.1595 0.9260 -0.3421
vn -0.3901 0.3848 0.8365
vn 0.0803 0.9818 -0.1723
vn -0.4142 0.1984 0.8883
vn -0.0018 1.0000 0.0039
vn -0.4226 0.0043 0.9063
vn -0.5189 0.5432 0.6600
vn -0.5483 0.3723 0.7489
vn 0.0932 0.9208 -0.3789
vn -0.0154 0.9742 -0.2254
vn -0.5568 0.1871 0.8093
vn -0.1233 0.9903 -0.0634
vn -0.5441 -0.0053 0.8390
vn -0.2264 0.9688 0.1008
vn -0.5107 -0.1977 0.8367
vn -0.3208 0.9104 0.2611
vn -0.4577 -0.3827 0.8025
vn -0.4030 0.8175 0.4114
vn -0.3872 -0.5533 0.7375
vn -0.4699 0.6935 0.5461
vn 0.1983 0.8321 -0.5180
vn -0.5963 -0.2203 0.7719
vn -0.5171 -0.3983 0.7576
vn -0.4623 0.8732 0.1541
vn -0.5531 0.7780 0.2979
vn -0.4179 -0.5614 0.7143
vn -0.6229 0.6533 0.4303
vn 0.1676 0.8240 -0.5413
vn -0.6690 0.5037 0.5465
vn 0.0338 0.9051 -0.4238
vn -0.6898 0.3350 0.6418
vn -0.1011 0.9516 -0.2901
vn -0.6843 0.1535 0.7129
vn -0.2320 0.9618 -0.1456
vn -0.6528 -0.0339 0.7568
vn -0.3539 0.9353 0.0044
vn -0.8091 0.2746 0.5195
vn -0.7918 0.0991 0.6026
vn -0.1733 0.9151 -0.3642
vn -0.3236 0.9154 -0.2395
vn -0.7444 -0.0803 0.6629
vn -0.4615 0.8808 -0.1059
vn -0.6686 -0.2568 0.6979
vn -0.5817 0.8128 0.0318
vn -0.5671 -0.4237 0.7063
vn -0.6798 0.7139 0.1681
vn -0.4439 -0.5745 0.6877
vn -0.7520 0.5879 0.2981
vn 0.1416 0.8108 -0.5679
vn -0.7957 0.4396 0.4167
vn -0.0162 0.8798 -0.4751
vn -0.6060 -0.4578 0.6505
vn -0.4640 -0.5922 0.6588
vn -0.7780 0.6276 0.0271
vn -0.8522 0.5000 0.1543
vn 0.1215 0.7932 -0.5968
vn -0.8939 0.3534 0.2757
vn -0.0551 0.8457 -0.5308
vn -0.9018 0.1933 0.3866
vn -0.2294 0.8658 -0.4447
vn -0.8753 0.0258 0.4828
vn -0.3948 0.8529 -0.3416
vn -0.8156 -0.1428 0.5608
vn -0.5450 0.8075 -0.2256
vn -0.7246 -0.3061 0.6174
vn -0.6743 0.7315 -0.1012
vn -0.2671 0.8058 -0.5284
vn -0.4426 0.7768 -0.4479
vn -0.9315 -0.0635 0.3581
vn -0.8634 -0.2189 0.4545
vn -0.6011 0.7182 -0.3504
vn -0.7624 -0.3660 0.5336
vn -0.7367 0.6324 -0.2396
vn -0.6321 -0.4994 0.5925
vn -0.8442 0.5225 -0.1197
vn -0.4775 -0.6137 0.6287
vn -0.9196 0.3928 0.0046
vn 0.1079 0.7716 -0.6268
vn -0.9601 0.2483 0.1288
vn -0.0813 0.8041 -0.5889
vn -0.9641 0.0942 0.2482
vn -0.8757 0.4026 -0.2667
vn -0.9517 0.2706 -0.1452
vn 0.1015 0.7471 -0.6570
vn -0.4840 -0.6383 0.5986
vn -0.9916 0.1283 -0.0182
vn -0.0937 0.7567 -0.6470
vn -0.9938 -0.0188 0.1096
vn -0.2851 0.7374 -0.6123
vn -0.9583 -0.1654 0.2332
vn -0.4654 0.6900 -0.5543
vn -0.8862 -0.3057 0.3481
vn -0.6279 0.6164 -0.4752
vn -0.7804 -0.4345 0.4498
vn -0.7664 0.5193 -0.3782
vn -0.6446 -0.5468 0.5344
vn -0.9545 -0.2759 0.1130
vn -0.8830 -0.3999 0.2456
vn -0.4622 0.5958 -0.6568
vn -0.6241 0.5058 -0.5955
vn -0.7778 -0.5087 0.3690
vn -0.7622 0.3967 -0.5116
vn -0.6428 -0.5982 0.4784
vn -0.8713 0.2725 -0.4083
vn -0.4831 -0.6650 0.5696
vn -0.9472 0.1379 -0.2895
vn 0.1024 0.7204 -0.6860
vn -0.9872 -0.0018 -0.1597
vn -0.0920 0.7053 -0.7030
vn -0.9897 -0.1415 -0.0238
vn -0.2826 0.6632 -0.6931
vn 0.1047 0.7065 -0.6999
vn -0.4749 -0.6927 0.5428
vn -0.7541 -0.1719 -0.6339
vn -0.9471 -0.1371 -0.2903
vn -0.0875 0.6783 -0.7296
vn -0.9518 -0.2691 -0.1470
vn -0.2758 0.6240 -0.7312
vn -0.9204 -0.3909 0.0021
vn -0.4530 0.5460 -0.7048
vn -0.8540 -0.4978 0.1511
vn -0.6125 0.4474 -0.6516
vn -0.7550 -0.5859 0.2945
vn -0.7485 0.3321 -0.5739
vn -0.6270 -0.6517 0.4268
vn -0.8560 0.2045 -0.4747
vn -0.8976 0.1380 -0.4186
vn -0.5316 -0.2053 -0.8218
vn -0.8002 -0.5958 0.0681
vn -0.7126 -0.6632 0.2290
vn -0.5976 -0.7053 0.3814
vn -0.4597 -0.7204 0.5194
vn -0.6979 -0.3060 -0.6476
vn -0.9129 -0.1826 -0.3652
vn -0.8728 -0.2725 -0.4050
vn -0.8818 -0.3967 -0.2551
vn -0.8574 -0.5058 -0.0954
vn -0.7552 -0.3985 -0.5204
vn -0.7672 -0.4026 -0.4993
vn -0.7823 -0.5193 -0.3440
vn -0.7677 -0.6164 -0.1755
vn -0.7238 -0.6900 -0.0002
vn -0.6523 -0.7374 0.1752
vn -0.5559 -0.7567 0.3441
vn -0.4380 -0.7471 0.5000
vn -0.9681 -0.1771 -0.1771
vn -0.6276 -0.7768 -0.0512
vn -0.5765 -0.8058 0.1350
vn -0.5033 -0.8041 0.3163
vn -0.4108 -0.7716 0.4856
vn -0.5971 -0.6172 -0.5124
vn -0.5286 -0.8131 -0.2441
vn -0.6343 -0.5225 -0.5697
vn -0.6571 -0.6324 -0.4103
vn -0.6548 -0.7182 -0.2353
vn -0.4793 -0.6276 -0.6134
vn -0.5109 -0.7315 -0.4515
vn -0.5231 -0.8075 -0.2724
vn -0.5154 -0.8529 -0.0828
vn -0.4881 -0.8658 0.1101
vn -0.4421 -0.8457 0.2990
vn -0.3791 -0.7932 0.4767
vn -0.6233 -0.4688 -0.6258
vn -0.9732 0.2298 -0.0000
vn -0.3904 -0.9151 0.1013
vn -0.3744 -0.8798 0.2929
vn -0.3440 -0.8108 0.4735
vn -0.3140 -0.5805 -0.7513
vn -0.4431 0.1359 -0.8861
vn -0.3082 -0.7139 -0.6288
vn -0.3496 -0.8128 -0.4660
vn -0.3777 -0.8808 -0.2855
vn -0.3915 -0.9154 -0.0939
vn -0.1791 -0.8732 -0.4532
vn -0.2241 -0.9353 -0.2739
vn -0.2606 -0.9618 -0.0841
vn -0.2872 -0.9516 0.1091
vn -0.3029 -0.9051 0.2983
vn -0.3070 -0.8240 0.4763
vn -0.0954 -0.8924 -0.4410
vn -0.0364 -0.9967 -0.0729
vn -0.1274 -0.7780 -0.6152
vn -0.2303 -0.9208 0.3149
vn -0.2694 -0.8321 0.4849
vn 0.0458 -0.9386 -0.3418
vn 0.0561 -0.8175 -0.5732
vn -0.0062 -0.9104 -0.4136
vn -0.0683 -0.9688 -0.2383
vn -0.1278 -0.9903 -0.0537
vn -0.1825 -0.9742 0.1330
vn 0.2988 -0.7071 -0.6409
vn 0.2988 0.7071 -0.6409
vn 0.2988 -0.7071 0.6409
vn 0.2327 -0.8348 0.4990
vn 0.2694 -0.8321 0.4849
vn -0.2352 -0.8308 -0.5044
vn -0.2681 -0.7730 -0.5750
vn -0.0864 -0.7595 -0.6448
vn -0.0561 -0.8175 -0.5732
vn -0.1626 -0.9230 -0.3488
vn 0.0062 -0.9104 -0.4136
vn -0.0838 -0.9801 -0.1798
vn 0.0683 -0.9688 -0.2383
vn -0.0018 -1.0000 -0.0039
vn 0.1278 -0.9903 -0.0537
vn 0.0803 -0.9818 0.1723
vn 0.1825 -0.9742 0.1330
vn 0.1595 -0.9260 0.3421
vn 0.2303 -0.9208 0.3149
vn -0.0000 -0.0000 -0.0000
vn 0.3029 -0.9051 0.2983
vn 0.3070 -0.8240 0.4763
vn 0.1673 -0.9161 -0.3645
vn 0.2520 -0.9677 -0.0000
vn 0.1274 -0.7780 -0.6152
vn 0.1791 -0.8732 -0.4532
vn 0.2241 -0.9353 -0.2739
vn 0.2606 -0.9618 -0.0841
vn 0.2872 -0.9516 0.1091
vn 0.3777 -0.8808 -0.2855
vn 0.3915 -0.9154 -0.0939
vn 0.3904 -0.9151 0.1013
vn 0.3744 -0.8798 0.2929
vn 0.3440 -0.8108 0.4735
vn 0.4416 -0.8176 -0.3694
vn 0.5255 -0.8508 -0.0000
vn 0.3082 -0.7139 -0.6288
vn 0.3496 -0.8128 -0.4660
vn 0.5264 -0.7704 -0.3596
vn 0.5336 -0.8457 -0.0000
vn 0.3791 -0.7932 0.4767
vn 0.4793 -0.6276 -0.6134
vn 0.5109 -0.7315 -0.4515
vn 0.5231 -0.8075 -0.2724
vn 0.5154 -0.8529 -0.0828
vn 0.4881 -0.8658 0.1101
vn 0.4421 -0.8457 0.2990
vn 0.6548 -0.7182 -0.2353
vn 0.6276 -0.7768 -0.0512
vn 0.5765 -0.8058 0.1350
vn 0.5033 -0.8041 0.3163
vn 0.4108 -0.7716 0.4856
vn 0.7657 -0.2090 -0.6083
vn 0.8893 -0.4573 -0.0000
vn 0.6343 -0.5225 -0.5697
vn 0.6571 -0.6324 -0.4103
vn 0.4380 -0.7471 0.5000
vn 0.8640 -0.3023 -0.4026
vn 0.7672 -0.4026 -0.4993
vn 0.7823 -0.5193 -0.3440
vn 0.7677 -0.6164 -0.1755
vn 0.7238 -0.6900 -0.0002
vn 0.6523 -0.7374 0.1752
vn 0.5559 -0.7567 0.3441
vn 0.5299 0.8481 -0.0000
vn 0.8002 -0.5958 0.0681
vn 0.7126 -0.6632 0.2290
vn 0.5976 -0.7053 0.3814
vn 0.4597 -0.7204 0.5194
vn 0.9629 -0.2693 0.0173
vn 0.7973 -0.5509 0.2464
vn 0.8728 -0.2725 -0.4050
vn 0.8818 -0.3967 -0.2551
vn 0.8574 -0.5058 -0.0954
vn 0.9926 -0.0000 -0.1216
vn 0.9471 -0.1371 -0.2903
vn -0.0565 0.9242 -0.3777
vn 0.3916 0.7830 -0.4833
vn 0.7071 0.7071 -0.0000
vn 0.9518 -0.2691 -0.1470
vn 0.5374 0.7116 -0.4526
vn 0.7515 0.6597 -0.0000
vn 0.9204 -0.3909 0.0021
vn 0.2896 0.8714 -0.3959
vn 0.0621 0.9981 -0.0000
vn 0.8540 -0.4978 0.1511
vn 0.3582 0.8523 -0.3811
vn 0.7550 -0.5859 0.2945
vn 0.4562 0.8183 -0.3498
vn 0.6270 -0.6517 0.4268
vn 0.8601 0.5032 -0.0832
vn 0.5000 0.7071 0.5000
vn 0.4749 -0.6927 0.5428
vn -0.2794 0.7503 -0.5992
vn 0.8830 -0.3999 0.2456
vn 0.7778 -0.5087 0.3690
vn 0.6241 0.5058 -0.5955
vn 0.7622 0.3967 -0.5116
vn 0.6428 -0.5982 0.4784
vn 0.8713 0.2725 -0.4083
vn 0.4831 -0.6650 0.5696
vn 0.9472 0.1379 -0.2895
vn -0.1024 0.7204 -0.6860
vn 0.9872 -0.0018 -0.1597
vn 0.0920 0.7053 -0.7030
vn 0.9896 -0.1415 -0.0238
vn 0.2826 0.6632 -0.6931
vn 0.9545 -0.2759 0.1130
vn 0.4622 0.5958 -0.6568
vn 0.9916 0.1283 -0.0182
vn 0.9938 -0.0188 0.1096
vn 0.0937 0.7567 -0.6470
vn 0.2851 0.7374 -0.6123
vn 0.9583 -0.1654 0.2332
vn 0.4654 0.6900 -0.5543
vn 0.8862 -0.3057 0.3481
vn 0.6279 0.6164 -0.4752
vn 0.7804 -0.4345 0.4498
vn 0.7664 0.5193 -0.3781
vn 0.6446 -0.5468 0.5344
vn 0.8757 0.4026 -0.2667
vn 0.4840 -0.6383 0.5986
vn 0.9517 0.2706 -0.1452
vn -0.1015 0.7471 -0.6570
vn 0.7624 -0.3660 0.5336
vn 0.6321 -0.4994 0.5925
vn 0.7367 0.6324 -0.2396
vn 0.8442 0.5225 -0.1197
vn 0.4775 -0.6137 0.6287
vn 0.9196 0.3928 0.0046
vn -0.1079 0.7716 -0.6268
vn 0.9601 0.2483 0.1288
vn 0.0813 0.8041 -0.5889
vn 0.9641 0.0942 0.2482
vn 0.2671 0.8058 -0.5284
vn 0.9315 -0.0635 0.3581
vn 0.4426 0.7768 -0.4479
vn 0.8634 -0.2189 0.4545
vn 0.6011 0.7182 -0.3504
vn 0.0551 0.8457 -0.5308
vn 0.2294 0.8658 -0.4447
vn 0.9018 0.1933 0.3866
vn 0.8753 0.0258 0.4828
vn 0.3948 0.8529 -0.3416
vn 0.8156 -0.1428 0.5608
vn 0.5450 0.8075 -0.2256
vn 0.7246 -0.3061 0.6174
vn 0.6743 0.7315 -0.1012
vn 0.6060 -0.4578 0.6505
vn 0.7780 0.6276 0.0271
vn 0.4640 -0.5922 0.6588
vn 0.8522 0.5000 0.1543
vn -0.1215 0.7932 -0.5968
vn 0.8939 0.3534 0.2757
vn 0.5817 0.8128 0.0318
vn 0.6798 0.7139 0.1681
vn 0.5671 -0.4237 0.7063
vn 0.4439 -0.5745 0.6877
vn 0.7520 0.5879 0.2981
vn -0.1416 0.8108 -0.5679
vn 0.7957 0.4396 0.4167
vn 0.0162 0.8798 -0.4751
vn 0.8091 0.2746 0.5195
vn 0.1733 0.9151 -0.3642
vn 0.7918 0.0991 0.6026
vn 0.3236 0.9154 -0.2395
vn 0.7444 -0.0803 0.6629
vn 0.4615 0.8808 -0.1059
vn 0.6686 -0.2568 0.6979
vn 0.6898 0.3350 0.6418
vn 0.6843 0.1535 0.7129
vn 0.1011 0.9516 -0.2901
vn 0.2320 0.9618 -0.1456
vn 0.6528 -0.0339 0.7568
vn 0.3539 0.9353 0.0044
vn 0.5963 -0.2203 0.7719
vn 0.4623 0.8732 0.1541
vn 0.5171 -0.3983 0.7576
vn 0.5531 0.7780 0.2979
vn 0.4179 -0.5614 0.7143
vn 0.6229 0.6533 0.4303
vn -0.1676 0.8240 -0.5413
vn 0.6690 0.5037 0.5465
vn -0.0338 0.9051 -0.4238
vn 0.4577 -0.3827 0.8025
vn 0.3872 -0.5533 0.7375
vn 0.4030 0.8175 0.4114
vn 0.4699 0.6935 0.5461
vn -0.1983 0.8321 -0.5180
vn 0.5189 0.5432 0.6600
vn -0.0932 0.9208 -0.3789
vn 0.5483 0.3723 0.7489
vn 0.0154 0.9742 -0.2254
vn 0.5568 0.1871 0.8093
vn 0.1233 0.9903 -0.0634
vn 0.5441 -0.0054 0.8390
vn 0.2264 0.9688 0.1008
vn 0.5107 -0.1977 0.8367
vn 0.3208 0.9104 0.2611
vn -0.0803 0.9818 -0.1723
vn 0.0018 1.0000 0.0039
vn 0.4142 0.1984 0.8883
vn 0.4226 0.0043 0.9063
vn 0.0838 0.9801 0.1798
vn 0.4149 -0.1901 0.8898
vn 0.1626 0.9230 0.3488
vn 0.3914 -0.3775 0.8393
vn 0.2352 0.8308 0.5044
vn 0.3528 -0.5506 0.7566
vn 0.2988 0.7071 0.6409
vn -0.2327 0.8348 -0.4990
vn 0.3511 0.5566 0.7530
vn -0.1595 0.9260 -0.3421
vn 0.3901 0.3848 0.8365
vn 0.0561 0.8175 0.5732
vn 0.1163 0.6935 0.7110
vn -0.2694 0.8321 -0.4849
vn 0.3161 -0.5533 0.7707
vn 0.1720 0.5432 0.8218
vn -0.2303 0.9208 -0.3149
vn 0.2213 0.3723 0.9014
vn -0.1825 0.9742 -0.1330
vn 0.2621 0.1871 0.9467
vn -0.1278 0.9903 0.0537
vn 0.2930 -0.0053 0.9561
vn -0.0683 0.9688 0.2383
vn 0.3127 -0.1977 0.9290
vn -0.0062 0.9104 0.4136
vn 0.3205 -0.3827 0.8665
vn 0.1062 0.1535 0.9824
vn 0.1602 -0.0339 0.9865
vn -0.2606 0.9618 0.0841
vn -0.2241 0.9353 0.2739
vn 0.2080 -0.2203 0.9530
vn -0.1791 0.8732 0.4532
vn 0.2480 -0.3983 0.8831
vn -0.1274 0.7780 0.6152
vn 0.2785 -0.5614 0.7793
vn -0.0707 0.6533 0.7538
vn -0.3070 0.8240 -0.4763
vn -0.0114 0.5037 0.8638
vn -0.3029 0.9051 -0.2983
vn 0.0483 0.3351 0.9410
vn -0.2872 0.9516 -0.1091
vn 0.2415 -0.5745 0.7821
vn -0.2550 0.5879 0.7676
vn -0.1922 0.4396 0.8774
vn -0.3440 0.8108 -0.4735
vn -0.3744 0.8798 -0.2929
vn -0.1221 0.2746 0.9538
vn -0.3904 0.9151 -0.1013
vn -0.0474 0.0991 0.9940
vn -0.3915 0.9154 0.0939
vn 0.0293 -0.0803 0.9963
vn -0.3777 0.8808 0.2855
vn 0.1049 -0.2568 0.9608
vn -0.3496 0.8128 0.4660
vn 0.1765 -0.4237 0.8884
vn -0.3082 0.7139 0.6288
vn -0.0946 -0.1428 0.9852
vn 0.0072 -0.3061 0.9520
vn -0.5231 0.8075 0.2724
vn -0.5109 0.7315 0.4515
vn 0.1088 -0.4578 0.8824
vn -0.4793 0.6276 0.6134
vn 0.2064 -0.5922 0.7789
vn -0.4295 0.5000 0.7520
vn -0.3791 0.7932 -0.4767
vn -0.3634 0.3534 0.8620
vn -0.4421 0.8457 -0.2990
vn -0.2835 0.1933 0.9393
vn -0.4881 0.8658 -0.1101
vn -0.1928 0.0258 0.9809
vn -0.5154 0.8529 0.0828
vn -0.4108 0.7716 -0.4856
vn -0.5033 0.8041 -0.3163
vn -0.5184 0.2483 0.8183
vn -0.4296 0.0942 0.8981
vn -0.5765 0.8058 -0.1350
vn -0.3244 -0.0635 0.9438
vn -0.6276 0.7768 0.0512
vn -0.2068 -0.2189 0.9536
vn -0.6548 0.7182 0.2353
vn -0.0813 -0.3660 0.9270
vn -0.6571 0.6324 0.4103
vn 0.0475 -0.4994 0.8651
vn -0.6343 0.5225 0.5697
vn 0.1747 -0.6137 0.7700
vn -0.5875 0.3928 0.7074
vn -0.7677 0.6164 0.1755
vn -0.7823 0.5193 0.3440
vn -0.1571 -0.4345 0.8869
vn -0.0050 -0.5468 0.8373
vn -0.7672 0.4026 0.4993
vn 0.1474 -0.6383 0.7555
vn -0.7230 0.2706 0.6357
vn -0.4380 0.7471 -0.5000
vn -0.6513 0.1283 0.7479
vn -0.5559 0.7567 -0.3441
vn -0.5548 -0.0188 0.8317
vn -0.6523 0.7374 -0.1752
vn -0.4373 -0.1654 0.8840
vn -0.7238 0.6900 0.0002
vn -0.3030 -0.3057 0.9026
vn -0.7569 -0.0018 0.6536
vn -0.6544 -0.1415 0.7428
vn -0.5976 0.7053 -0.3814
vn -0.7126 0.6632 -0.2290
vn -0.5270 -0.2759 0.8038
vn -0.8002 0.5958 -0.0681
vn -0.3794 -0.3999 0.8343
vn -0.8574 0.5058 0.0954
vn -0.2173 -0.5087 0.8331
vn -0.8818 0.3967 0.2551
vn -0.0467 -0.5982 0.8000
vn -0.8728 0.2725 0.4050
vn 0.1258 -0.6650 0.7362
vn -0.8306 0.1379 0.5395
vn -0.4597 0.7204 -0.5194
vn -0.2597 -0.5859 0.7676
vn -0.0761 -0.6517 0.7546
vn -0.9208 0.3321 0.2045
vn -0.9139 0.2045 0.3506
vn 0.1106 -0.6927 0.7127
vn -0.9151 -0.0994 0.3909
vn -0.8976 0.1380 0.4186
vn -0.9356 -0.0120 0.3528
vn -0.4689 0.7065 -0.5301
vn -0.8311 -0.1371 0.5389
vn -0.6151 0.6783 -0.4020
vn -0.7244 -0.2691 0.6347
vn -0.7374 0.6240 -0.2587
vn -0.5901 -0.3909 0.7064
vn -0.8311 0.5460 -0.1060
vn -0.4332 -0.4978 0.7513
vn -0.8929 0.4474 0.0504
vn -0.7622 -0.3967 0.5116
vn -0.6241 -0.5058 0.5955
vn -0.4622 -0.5958 0.6568
vn -0.2826 -0.6632 0.6931
vn -0.0920 -0.7053 0.7030
vn 0.1024 -0.7204 0.6860
vn -0.9133 -0.2243 0.3400
vn -0.9072 -0.2415 0.3444
vn -0.8713 -0.2725 0.4083
vn -0.0937 -0.7567 0.6470
vn 0.1015 -0.7471 0.6570
vn -0.9240 -0.2893 0.2500
vn -0.8923 -0.2428 0.3807
vn -0.8757 -0.4026 0.2667
vn -0.7664 -0.5193 0.3781
vn -0.6279 -0.6164 0.4752
vn -0.4654 -0.6900 0.5543
vn -0.2851 -0.7374 0.6123
vn -0.7367 -0.6324 0.2396
vn -0.6011 -0.7182 0.3504
vn -0.4426 -0.7768 0.4479
vn -0.2671 -0.8058 0.5284
vn -0.0813 -0.8041 0.5889
vn 0.1079 -0.7716 0.6268
vn -0.9220 -0.3489 0.1679
vn -0.9222 -0.2306 0.3104
vn -0.8442 -0.5225 0.1197
vn -0.0551 -0.8457 0.5308
vn 0.1215 -0.7932 0.5968
vn -0.7699 -0.4295 0.4721
vn -0.7081 -0.1770 0.6836
vn -0.7780 -0.6276 -0.0271
vn -0.6743 -0.7315 0.1012
vn -0.5450 -0.8075 0.2256
vn -0.3948 -0.8529 0.3416
vn -0.2294 -0.8658 0.4447
vn -0.4615 -0.8808 0.1059
vn -0.3236 -0.9154 0.2395
vn -0.1733 -0.9151 0.3642
vn -0.0162 -0.8798 0.4751
vn 0.1416 -0.8108 0.5679
vn -0.5252 -0.7645 0.3738
vn -0.0000 -0.7554 0.6553
vn -0.6798 -0.7139 -0.1681
vn -0.5817 -0.8128 -0.0318
vn 0.1676 -0.8240 0.5413
vn -0.4853 -0.8711 -0.0755
vn -0.5531 -0.7780 -0.2979
vn -0.4623 -0.8732 -0.1541
vn -0.3539 -0.9353 -0.0044
vn -0.2320 -0.9618 0.1456
vn -0.1011 -0.9516 0.2901
vn 0.0338 -0.9051 0.4238
vn -0.4365 -0.8729 0.2182
vn -0.1233 -0.9903 0.0634
vn -0.0154 -0.9742 0.2254
vn 0.0932 -0.9208 0.3789
vn 0.1983 -0.8321 0.5180
vn -0.4416 -0.8739 -0.2034
vn -0.3499 -0.9327 0.0875
vn -0.4030 -0.8175 -0.4114
vn -0.3208 -0.9104 -0.2611
vn -0.2264 -0.9688 -0.1008
vn -0.2988 -0.7071 -0.6409
vn -0.2988 0.7071 -0.6409
vt 0.750000 0.375000
vt 0.750000 0.437500
vt 0.718750 0.437500
vt 0.718750 0.375000
vt 0.750000 0.812500
vt 0.750000 0.875000
vt 0.718750 0.875000
vt 0.718750 0.812500
vt 0.750000 0.312500
vt 0.718750 0.312500
vt 0.750000 0.750000
vt 0.718750 0.750000
vt 0.750000 0.250000
vt 0.718750 0.250000
vt 0.750000 0.687500
vt 0.718750 0.687500
vt 0.750000 0.187500
vt 0.718750 0.187500
vt 0.750000 0.625000
vt 0.718750 0.625000
vt 0.750000 0.125000
vt 0.718750 0.125000
vt 0.750000 0.562500
vt 0.718750 0.562500
vt 0.750000 0.062500
vt 0.718750 0.062500
vt 0.750000 0.500000
vt 0.718750 0.500000
vt 0.750000 0.937500
vt 0.734375 1.000000
vt 0.718750 0.937500
vt 0.734375 0.000000
vt 0.687500 0.500000
vt 0.687500 0.437500
vt 0.687500 0.937500
vt 0.687500 0.875000
vt 0.687500 0.375000
vt 0.687500 0.812500
vt 0.687500 0.312500
vt 0.687500 0.750000
vt 0.687500 0.250000
vt 0.687500 0.687500
vt 0.687500 0.187500
vt 0.687500 0.625000
vt 0.687500 0.125000
vt 0.687500 0.562500
vt 0.687500 0.062500
vt 0.703125 1.000000
vt 0.703125 0.000000
vt 0.656250 0.250000
vt 0.656250 0.187500
vt 0.656250 0.687500
vt 0.656250 0.625000
vt 0.656250 0.125000
vt 0.656250 0.562500
vt 0.656250 0.062500
vt 0.656250 0.500000
vt 0.671875 1.000000
vt 0.656250 0.937500
vt 0.671875 0.000000
vt 0.656250 0.437500
vt 0.656250 0.875000
vt 0.656250 0.375000
vt 0.656250 0.812500
vt 0.656250 0.312500
vt 0.656250 0.750000
vt 0.625000 0.937500
vt 0.625000 0.875000
vt 0.625000 0.437500
vt 0.625000 0.375000
vt 0.625000 0.812500
vt 0.625000 0.312500
vt 0.625000 0.750000
vt 0.625000 0.250000
vt 0.625000 0.687500
vt 0.625000 0.187500
vt 0.625000 0.625000
vt 0.625000 0.125000
vt 0.625000 0.562500
vt 0.625000 0.062500
vt 0.625000 0.500000
vt 0.640625 1.000000
vt 0.640625 0.000000
vt 0.593750 0.687500
vt 0.593750 0.625000
vt 0.593750 0.187500
vt 0.593750 0.125000
vt 0.593750 0.562500
vt 0.593750 0.062500
vt 0.593750 0.500000
vt 0.609375 1.000000
vt 0.593750 0.937500
vt 0.609375 0.000000
vt 0.593750 0.437500
vt 0.593750 0.875000
vt 0.593750 0.375000
vt 0.593750 0.812500
vt 0.593750 0.312500
vt 0.593750 0.750000
vt 0.593750 0.250000
vt 0.562500 0.437500
vt 0.562500 0.375000
vt 0.562500 0.875000
vt 0.562500 0.812500
vt 0.562500 0.312500
vt 0.562500 0.750000
vt 0.562500 0.250000
vt 0.562500 0.687500
vt 0.562500 0.187500
vt 0.562500 0.625000
vt 0.562500 0.125000
vt 0.562500 0.562500
vt 0.562500 0.062500
vt 0.562500 0.500000
vt 0.578125 1.000000
vt 0.562500 0.937500
vt 0.578125 0.000000
vt 0.531250 0.187500
vt 0.531250 0.125000
vt 0.531250 0.625000
vt 0.531250 0.562500
vt 0.531250 0.062500
vt 0.531250 0.500000
vt 0.546875 1.000000
vt 0.531250 0.937500
vt 0.546875 0.000000
vt 0.531250 0.437500
vt 0.531250 0.875000
vt 0.531250 0.375000
vt 0.531250 0.812500
vt 0.531250 0.312500
vt 0.531250 0.750000
vt 0.531250 0.250000
vt 0.531250 0.687500
vt 0.500000 0.375000
vt 0.500000 0.312500
vt 0.500000 0.812500
vt 0.500000 0.750000
vt 0.500000 0.250000
vt 0.500000 0.687500
vt 0.500000 0.187500
vt 0.500000 0.625000
vt 0.500000 0.125000
vt 0.500000 0.562500
vt 0.500000 0.062500
vt 0.500000 0.500000
vt 0.515625 1.000000
vt 0.500000 0.937500
vt 0.515625 0.000000
vt 0.500000 0.437500
vt 0.500000 0.875000
vt 0.468750 0.125000
vt 0.468750 0.062500
vt 0.468750 0.562500
vt 0.468750 0.500000
vt 0.484375 1.000000
vt 0.468750 0.937500
vt 0.484375 0.000000
vt 0.468750 0.437500
vt 0.468750 0.875000
vt 0.468750 0.375000
vt 0.468750 0.812500
vt 0.468750 0.312500
vt 0.468750 0.750000
vt 0.468750 0.250000
vt 0.468750 0.687500
vt 0.468750 0.187500
vt 0.468750 0.625000
vt 0.437500 0.812500
vt 0.437500 0.750000
vt 0.437500 0.312500
vt 0.437500 0.250000
vt 0.437500 0.687500
vt 0.437500 0.187500
vt 0.437500 0.625000
vt 0.437500 0.125000
vt 0.437500 0.562500
vt 0.437500 0.062500
vt 0.437500 0.500000
vt 0.453125 1.000000
vt 0.437500 0.937500
vt 0.453125 0.000000
vt 0.437500 0.437500
vt 0.437500 0.875000
vt 0.437500 0.375000
vt 0.406250 0.562500
vt 0.406250 0.500000
vt 0.421875 1.000000
vt 0.406250 0.937500
vt 0.421875 0.000000
vt 0.406250 0.062500
vt 0.406250 0.437500
vt 0.406250 0.875000
vt 0.406250 0.375000
vt 0.406250 0.812500
vt 0.406250 0.312500
vt 0.406250 0.750000
vt 0.406250 0.250000
vt 0.406250 0.687500
vt 0.406250 0.187500
vt 0.406250 0.625000
vt 0.406250 0.125000
vt 0.375000 0.312500
vt 0.375000 0.250000
vt 0.375000 0.750000
vt 0.375000 0.687500
vt 0.375000 0.187500
vt 0.375000 0.625000
vt 0.375000 0.125000
vt 0.375000 0.562500
vt 0.375000 0.062500
vt 0.375000 0.500000
vt 0.390625 1.000000
vt 0.375000 0.937500
vt 0.390625 0.000000
vt 0.375000 0.437500
vt 0.375000 0.875000
vt 0.375000 0.375000
vt 0.375000 0.812500
vt 0.359375 1.000000
vt 0.343750 0.937500
vt 0.359375 0.000000
vt 0.343750 0.062500
vt 0.343750 0.500000
vt 0.343750 0.437500
vt 0.343750 0.875000
vt 0.343750 0.375000
vt 0.343750 0.812500
vt 0.343750 0.312500
vt 0.343750 0.750000
vt 0.343750 0.250000
vt 0.343750 0.687500
vt 0.343750 0.187500
vt 0.343750 0.625000
vt 0.343750 0.125000
vt 0.343750 0.562500
vt 0.312500 0.750000
vt 0.312500 0.687500
vt 0.312500 0.250000
vt 0.312500 0.187500
vt 0.312500 0.625000
vt 0.312500 0.125000
vt 0.312500 0.562500
vt 0.312500 0.062500
vt 0.312500 0.500000
vt 0.328125 1.000000
vt 0.312500 0.937500
vt 0.328125 0.000000
vt 0.312500 0.437500
vt 0.312500 0.875000
vt 0.312500 0.375000
vt 0.312500 0.812500
vt 0.312500 0.312500
vt 0.281250 0.500000
vt 0.281250 0.437500
vt 0.281250 0.937500
vt 0.281250 0.875000
vt 0.281250 0.375000
vt 0.281250 0.812500
vt 0.281250 0.312500
vt 0.281250 0.750000
vt 0.281250 0.250000
vt 0.281250 0.687500
vt 0.281250 0.187500
vt 0.281250 0.625000
vt 0.281250 0.125000
vt 0.281250 0.562500
vt 0.281250 0.062500
vt 0.296875 1.000000
vt 0.296875 0.000000
vt 0.250000 0.250000
vt 0.250000 0.187500
vt 0.250000 0.687500
vt 0.250000 0.625000
vt 0.250000 0.125000
vt 0.250000 0.562500
vt 0.250000 0.062500
vt 0.250000 0.500000
vt 0.265625 1.000000
vt 0.250000 0.937500
vt 0.265625 0.000000
vt 0.250000 0.437500
vt 0.250000 0.875000
vt 0.250000 0.375000
vt 0.250000 0.812500
vt 0.250000 0.312500
vt 0.250000 0.750000
vt 0.218750 0.437500
vt 0.218750 0.375000
vt 0.218750 0.875000
vt 0.218750 0.812500
vt 0.218750 0.312500
vt 0.218750 0.750000
vt 0.218750 0.250000
vt 0.218750 0.687500
vt 0.218750 0.187500
vt 0.218750 0.625000
vt 0.218750 0.125000
vt 0.218750 0.562500
vt 0.218750 0.062500
vt 0.218750 0.500000
vt 0.234375 1.000000
vt 0.218750 0.937500
vt 0.234375 0.000000
vt 0.187500 0.187500
vt 0.187500 0.125000
vt 0.187500 0.625000
vt 0.187500 0.562500
vt 0.187500 0.062500
vt 0.187500 0.500000
vt 0.203125 1.000000
vt 0.187500 0.937500
vt 0.203125 0.000000
vt 0.187500 0.437500
vt 0.187500 0.875000
vt 0.187500 0.375000
vt 0.187500 0.812500
vt 0.187500 0.312500
vt 0.187500 0.750000
vt 0.187500 0.250000
vt 0.187500 0.687500
vt 0.156250 0.875000
vt 0.156250 0.812500
vt 0.156250 0.375000
vt 0.156250 0.312500
vt 0.156250 0.750000
vt 0.156250 0.250000
vt 0.156250 0.687500
vt 0.156250 0.187500
vt 0.156250 0.625000
vt 0.156250 0.125000
vt 0.156250 0.562500
vt 0.156250 0.062500
vt 0.156250 0.500000
vt 0.171875 1.000000
vt 0.156250 0.937500
vt 0.171875 0.000000
vt 0.156250 0.437500
vt 0.125000 0.625000
vt 0.125000 0.562500
vt 0.125000 0.125000
vt 0.125000 0.062500
vt 0.125000 0.500000
vt 0.140625 1.000000
vt 0.125000 0.937500
vt 0.140625 0.000000
vt 0.125000 0.437500
vt 0.125000 0.875000
vt 0.125000 0.375000
vt 0.125000 0.812500
vt 0.125000 0.312500
vt 0.125000 0.750000
vt 0.125000 0.250000
vt 0.125000 0.687500
vt 0.125000 0.187500
vt 0.093750 0.375000
vt 0.093750 0.312500
vt 0.093750 0.812500
vt 0.093750 0.750000
vt 0.093750 0.250000
vt 0.093750 0.687500
vt 0.093750 0.187500
vt 0.093750 0.625000
vt 0.093750 0.125000
vt 0.093750 0.562500
vt 0.093750 0.062500
vt 0.093750 0.500000
vt 0.109375 1.000000
vt 0.093750 0.937500
vt 0.109375 0.000000
vt 0.093750 0.437500
vt 0.093750 0.875000
vt 0.062500 0.125000
vt 0.062500 0.062500
vt 0.062500 0.562500
vt 0.062500 0.500000
vt 0.078125 1.000000
vt 0.062500 0.937500
vt 0.078125 0.000000
vt 0.062500 0.437500
vt 0.062500 0.875000
vt 0.062500 0.375000
vt 0.062500 0.812500
vt 0.062500 0.312500
vt 0.062500 0.750000
vt 0.062500 0.250000
vt 0.062500 0.687500
vt 0.062500 0.187500
vt 0.062500 0.625000
vt 0.031250 0.812500
vt 0.031250 0.750000
vt 0.031250 0.312500
vt 0.031250 0.250000
vt 0.031250 0.687500
vt 0.031250 0.187500
vt 0.031250 0.625000
vt 0.031250 0.125000
vt 0.031250 0.562500
vt 0.031250 0.062500
vt 0.031250 0.500000
vt 0.046875 1.000000
vt 0.031250 0.937500
vt 0.046875 0.000000
vt 0.031250 0.437500
vt 0.031250 0.875000
vt 0.031250 0.375000
vt 0.000000 0.562500
vt 0.000000 0.500000
vt 0.015625 1.000000
vt 0.000000 0.937500
vt 0.015625 0.000000
vt 0.000000 0.062500
vt 0.000000 0.437500
vt 0.000000 0.875000
vt 0.000000 0.375000
vt 0.000000 0.812500
vt 0.000000 0.312500
vt 0.000000 0.750000
vt 0.000000 0.250000
vt 0.000000 0.687500
vt 0.000000 0.187500
vt 0.000000 0.625000
vt 0.000000 0.125000
vt 1.000000 0.250000
vt 1.000000 0.312500
vt 0.968750 0.312500
vt 0.968750 0.250000
vt 1.000000 0.687500
vt 1.000000 0.750000
vt 0.968750 0.750000
vt 0.968750 0.687500
vt 1.000000 0.187500
vt 0.968750 0.187500
vt 1.000000 0.625000
vt 0.968750 0.625000
vt 1.000000 0.125000
vt 0.968750 0.125000
vt 1.000000 0.562500
vt 0.968750 0.562500
vt 1.000000 0.062500
vt 0.968750 0.062500
vt 1.000000 0.500000
vt 0.968750 0.500000
vt 1.000000 0.937500
vt 0.984375 1.000000
vt 0.968750 0.937500
vt 0.984375 0.000000
vt 1.000000 0.437500
vt 0.968750 0.437500
vt 1.000000 0.875000
vt 0.968750 0.875000
vt 1.000000 0.375000
vt 0.968750 0.375000
vt 1.000000 0.812500
vt 0.968750 0.812500
vt 0.953125 0.000000
vt 0.937500 0.062500
vt 0.937500 0.500000
vt 0.937500 0.437500
vt 0.937500 0.937500
vt 0.937500 0.875000
vt 0.937500 0.375000
vt 0.937500 0.812500
vt 0.937500 0.312500
vt 0.937500 0.750000
vt 0.937500 0.250000
vt 0.937500 0.687500
vt 0.937500 0.187500
vt 0.937500 0.625000
vt 0.937500 0.125000
vt 0.937500 0.562500
vt 0.953125 1.000000
vt 0.906250 0.250000
vt 0.906250 0.187500
vt 0.906250 0.687500
vt 0.906250 0.625000
vt 0.906250 0.125000
vt 0.906250 0.562500
vt 0.906250 0.062500
vt 0.906250 0.500000
vt 0.921875 1.000000
vt 0.906250 0.937500
vt 0.921875 0.000000
vt 0.906250 0.437500
vt 0.906250 0.875000
vt 0.906250 0.375000
vt 0.906250 0.812500
vt 0.906250 0.312500
vt 0.906250 0.750000
vt 0.875000 0.937500
vt 0.875000 0.875000
vt 0.875000 0.437500
vt 0.875000 0.375000
vt 0.875000 0.812500
vt 0.875000 0.312500
vt 0.875000 0.750000
vt 0.875000 0.250000
vt 0.875000 0.687500
vt 0.875000 0.187500
vt 0.875000 0.625000
vt 0.875000 0.125000
vt 0.875000 0.562500
vt 0.875000 0.062500
vt 0.875000 0.500000
vt 0.890625 1.000000
vt 0.890625 0.000000
vt 0.843750 0.687500
vt 0.843750 0.625000
vt 0.843750 0.187500
vt 0.843750 0.125000
vt 0.843750 0.562500
vt 0.843750 0.062500
vt 0.843750 0.500000
vt 0.859375 1.000000
vt 0.843750 0.937500
vt 0.859375 0.000000
vt 0.843750 0.437500
vt 0.843750 0.875000
vt 0.843750 0.375000
vt 0.843750 0.812500
vt 0.843750 0.312500
vt 0.843750 0.750000
vt 0.843750 0.250000
vt 0.812500 0.437500
vt 0.812500 0.375000
vt 0.812500 0.875000
vt 0.812500 0.812500
vt 0.812500 0.312500
vt 0.812500 0.750000
vt 0.812500 0.250000
vt 0.812500 0.687500
vt 0.812500 0.187500
vt 0.812500 0.625000
vt 0.812500 0.125000
vt 0.812500 0.562500
vt 0.812500 0.062500
vt 0.812500 0.500000
vt 0.828125 1.000000
vt 0.812500 0.937500
vt 0.828125 0.000000
vt 0.781250 0.187500
vt 0.781250 0.125000
vt 0.781250 0.625000
vt 0.781250 0.562500
vt 0.781250 0.062500
vt 0.781250 0.500000
vt 0.796875 1.000000
vt 0.781250 0.937500
vt 0.796875 0.000000
vt 0.781250 0.437500
vt 0.781250 0.875000
vt 0.781250 0.375000
vt 0.781250 0.812500
vt 0.781250 0.312500
vt 0.781250 0.750000
vt 0.781250 0.250000
vt 0.781250 0.687500
vt 0.765625 1.000000
vt 0.765625 0.000000
vt 0.718750 0.312500
vt 0.750000 0.187500
vt 0.750000 0.125000
vt 0.718750 0.125000
vt 0.750000 0.062500
vt 0.718750 0.062500
vt 0.750000 0.500000
vt 0.687500 0.312500
vt 0.687500 0.062500
vt 0.656250 0.125000
vt 0.656250 0.062500
vt 0.656250 0.312500
vt 0.625000 0.312500
vt 0.625000 0.062500
vt 0.593750 0.062500
vt 0.593750 0.312500
vt 0.562500 0.312500
vt 0.562500 0.062500
vt 0.531250 0.062500
vt 0.531250 0.312500
vt 0.500000 0.312500
vt 0.500000 0.812500
vt 0.500000 0.750000
vt 0.500000 0.687500
vt 0.500000 0.187500
vt 0.500000 0.125000
vt 0.500000 0.062500
vt 0.500000 0.937500
vt 0.500000 0.875000
vt 0.468750 0.125000
vt 0.468750 0.062500
vt 0.468750 0.500000
vt 0.468750 0.937500
vt 0.468750 0.875000
vt 0.468750 0.312500
vt 0.468750 0.687500
vt 0.437500 0.312500
vt 0.437500 0.687500
vt 0.437500 0.187500
vt 0.437500 0.125000
vt 0.437500 0.062500
vt 0.437500 0.500000
vt 0.437500 0.937500
vt 0.437500 0.875000
vt 0.437500 0.812500
vt 0.406250 0.937500
vt 0.406250 0.062500
vt 0.406250 0.500000
vt 0.406250 0.875000
vt 0.406250 0.812500
vt 0.406250 0.750000
vt 0.406250 0.687500
vt 0.406250 0.125000
vt 0.375000 0.687500
vt 0.375000 0.187500
vt 0.375000 0.125000
vt 0.375000 0.062500
vt 0.375000 0.500000
vt 0.375000 0.937500
vt 0.375000 0.875000
vt 0.375000 0.812500
vt 0.343750 0.500000
vt 0.343750 0.937500
vt 0.343750 0.812500
vt 0.343750 0.687500
vt 0.343750 0.062500
vt 0.312500 0.687500
vt 0.312500 0.062500
vt 0.312500 0.500000
vt 0.312500 0.937500
vt 0.281250 0.937500
vt 0.281250 0.875000
vt 0.281250 0.812500
vt 0.281250 0.687500
vt 0.281250 0.187500
vt 0.281250 0.125000
vt 0.281250 0.062500
vt 0.281250 0.500000
vt 0.250000 0.687500
vt 0.250000 0.062500
vt 0.250000 0.937500
vt 0.250000 0.375000
vt 0.250000 0.312500
vt 0.250000 0.750000
vt 0.218750 0.375000
vt 0.218750 0.875000
vt 0.218750 0.812500
vt 0.218750 0.750000
vt 0.218750 0.687500
vt 0.218750 0.125000
vt 0.218750 0.062500
vt 0.218750 0.500000
vt 0.218750 0.937500
vt 0.187500 0.187500
vt 0.187500 0.125000
vt 0.187500 0.625000
vt 0.187500 0.562500
vt 0.187500 0.062500
vt 0.187500 0.937500
vt 0.187500 0.437500
vt 0.187500 0.875000
vt 0.187500 0.812500
vt 0.187500 0.750000
vt 0.187500 0.687500
vt 0.156250 0.812500
vt 0.156250 0.750000
vt 0.156250 0.687500
vt 0.156250 0.187500
vt 0.156250 0.625000
vt 0.156250 0.062500
vt 0.156250 0.500000
vt 0.156250 0.937500
vt 0.171875 1.000000
vt 0.171875 0.000000
vt 0.156250 0.875000
vt 0.125000 0.125000
vt 0.125000 0.062500
vt 0.125000 0.500000
vt 0.125000 0.937500
vt 0.125000 0.875000
vt 0.125000 0.812500
vt 0.125000 0.312500
vt 0.125000 0.750000
vt 0.125000 0.687500
vt 0.125000 0.187500
vt 0.125000 0.625000
vt 0.093750 0.812500
vt 0.093750 0.750000
vt 0.093750 0.250000
vt 0.093750 0.687500
vt 0.093750 0.187500
vt 0.093750 0.125000
vt 0.093750 0.562500
vt 0.093750 0.062500
vt 0.093750 0.500000
vt 0.093750 0.937500
vt 0.093750 0.437500
vt 0.093750 0.875000
vt 0.062500 0.500000
vt 0.062500 0.937500
vt 0.062500 0.062500
vt 0.062500 0.875000
vt 0.062500 0.375000
vt 0.062500 0.812500
vt 0.062500 0.312500
vt 0.062500 0.750000
vt 0.062500 0.250000
vt 0.062500 0.687500
vt 0.062500 0.187500
vt 0.062500 0.625000
vt 0.031250 0.312500
vt 0.031250 0.250000
vt 0.031250 0.750000
vt 0.031250 0.687500
vt 0.031250 0.187500
vt 0.031250 0.625000
vt 0.031250 0.562500
vt 0.031250 0.062500
vt 0.031250 0.500000
vt 0.031250 0.937500
vt 0.046875 1.000000
vt 0.046875 0.000000
vt 0.031250 0.437500
vt 0.031250 0.812500
vt 0.000000 0.937500
vt 0.000000 0.062500
vt 0.000000 0.937500
vt 0.000000 0.875000
vt 0.000000 0.812500
vt 0.000000 0.812500
vt 0.000000 0.250000
vt 0.000000 0.750000
vt 0.000000 0.687500
vt 0.000000 0.187500
vt 0.000000 0.687500
vt 0.000000 0.625000
vt 0.000000 0.562500
vt 1.000000 0.187500
vt 1.000000 0.250000
vt 0.968750 0.250000
vt 0.968750 0.187500
vt 1.000000 0.062500
vt 0.968750 0.062500
vt 0.968750 0.500000
vt 0.968750 0.312500
vt 0.937500 0.500000
vt 0.937500 0.437500
vt 0.937500 0.312500
vt 0.937500 0.250000
vt 0.937500 0.187500
vt 0.937500 0.125000
vt 0.937500 0.062500
vt 0.906250 0.250000
vt 0.906250 0.187500
vt 0.906250 0.125000
vt 0.906250 0.062500
vt 0.906250 0.500000
vt 0.906250 0.437500
vt 0.906250 0.312500
vt 0.875000 0.312500
vt 0.875000 0.250000
vt 0.875000 0.187500
vt 0.875000 0.125000
vt 0.875000 0.062500
vt 0.875000 0.500000
vt 0.843750 0.187500
vt 0.843750 0.125000
vt 0.843750 0.062500
vt 0.843750 0.500000
vt 0.859375 0.000000
vt 0.843750 0.437500
vt 0.843750 0.312500
vt 0.843750 0.250000
vt 0.812500 0.312500
vt 0.812500 0.187500
vt 0.812500 0.125000
vt 0.812500 0.062500
vt 0.812500 0.500000
vt 0.812500 0.437500
vt 0.781250 0.125000
vt 0.781250 0.062500
vt 0.781250 0.500000
vt 0.781250 0.312500
vt 0.781250 0.250000
vt 0.781250 0.187500
vt 0.455353 0.955353
vt 0.469485 0.938133
vt 0.479986 0.918487
vt 0.486453 0.897169
vt 0.488636 0.875000
vt 0.486453 0.852831
vt 0.479986 0.831513
vt 0.469485 0.811867
vt 0.455353 0.794647
vt 0.438133 0.780515
vt 0.418487 0.770014
vt 0.397169 0.763547
vt 0.375000 0.761364
vt 0.375000 0.988636
vt 0.397169 0.986453
vt 0.418487 0.979986
vt 0.438133 0.969485
vt 0.136364 0.750000
vt 0.363636 0.750000
vt 0.361453 0.727831
vt 0.354986 0.706513
vt 0.344485 0.686867
vt 0.330353 0.669647
vt 0.313133 0.655515
vt 0.293487 0.645014
vt 0.272169 0.638547
vt 0.250000 0.636364
vt 0.227831 0.638547
vt 0.206513 0.645014
vt 0.186867 0.655515
vt 0.169647 0.669647
vt 0.155515 0.686867
vt 0.145014 0.706513
vt 0.138547 0.727831
s 1
usemtl body
f 478/1/1 6/2/2 17/3/3 18/4/4
f 2/5/5 475/6/6 10/7/7 11/8/8
f 7/9/9 478/1/1 18/4/4 19/10/10
f 476/11/11 2/5/5 11/8/8 12/12/12
f 479/13/13 7/9/9 19/10/10 20/14/14
f 3/15/15 476/11/11 12/12/12 13/16/16
f 480/17/17 479/13/13 20/14/14 21/18/18
f 477/19/19 3/15/15 13/16/16 14/20/20
f 481/21/21 480/17/17 21/18/18 22/22/22
f 4/23/23 477/19/19 14/20/20 15/24/24
f 482/25/25 481/21/21 22/22/22 23/26/26
f 5/27/27 4/23/23 15/24/24 16/28/28
f 474/29/29 1/30/30 9/31/31
f 8/32/32 482/25/25 23/26/26
f 6/2/2 5/27/27 16/28/28 17/3/3
f 475/6/6 474/29/29 9/31/31 10/7/7
f 17/3/3 16/28/28 31/33/33 32/34/34
f 10/7/7 9/31/31 24/35/35 25/36/36
f 18/4/4 17/3/3 32/34/34 33/37/37
f 11/8/8 10/7/7 25/36/36 26/38/38
f 19/10/10 18/4/4 33/37/37 34/39/39
f 12/12/12 11/8/8 26/38/38 27/40/40
f 20/14/14 19/10/10 34/39/39 35/41/41
f 13/16/16 12/12/12 27/40/40 28/42/42
f 21/18/18 20/14/14 35/41/41 36/43/43
f 14/20/20 13/16/16 28/42/42 29/44/44
f 22/22/22 21/18/18 36/43/43 37/45/45
f 15/24/24 14/20/20 29/44/44 30/46/46
f 23/26/26 22/22/22 37/45/45 38/47/47
f 16/28/28 15/24/24 30/46/46 31/33/33
f 9/31/31 1/48/30 24/35/35
f 8/49/32 23/26/26 38/47/47
f 36/43/43 35/41/41 50/50/48 51/51/49
f 29/44/44 28/42/42 43/52/50 44/53/51
f 37/45/45 36/43/43 51/51/49 52/54/52
f 30/46/46 29/44/44 44/53/51 45/55/53
f 38/47/47 37/45/45 52/54/52 53/56/54
f 31/33/33 30/46/46 45/55/53 46/57/55
f 24/35/35 1/58/30 39/59/56
f 8/60/32 38/47/47 53/56/54
f 32/34/34 31/33/33 46/57/55 47/61/57
f 25/36/36 24/35/35 39/59/56 40/62/58
f 33/37/37 32/34/34 47/61/57 48/63/59
f 26/38/38 25/36/36 40/62/58 41/64/60
f 34/39/39 33/37/37 48/63/59 49/65/61
f 27/40/40 26/38/38 41/64/60 42/66/62
f 35/41/41 34/39/39 49/65/61 50/50/48
f 28/42/42 27/40/40 42/66/62 43/52/50
f 40/62/58 39/59/56 54/67/63 55/68/64
f 48/63/59 47/61/57 62/69/65 63/70/66
f 41/64/60 40/62/58 55/68/64 56/71/67
f 49/65/61 48/63/59 63/70/66 64/72/68
f 42/66/62 41/64/60 56/71/67 57/73/69
f 50/50/48 49/65/61 64/72/68 65/74/70
f 43/52/50 42/66/62 57/73/69 58/75/71
f 51/51/49 50/50/48 65/74/70 66/76/72
f 44/53/51 43/52/50 58/75/71 59/77/73
f 52/54/52 51/51/49 66/76/72 67/78/74
f 45/55/53 44/53/51 59/77/73 60/79/75
f 53/56/54 52/54/52 67/78/74 68/80/76
f 46/57/55 45/55/53 60/79/75 61/81/77
f 39/59/56 1/82/30 54/67/63
f 8/83/32 53/56/54 68/80/76
f 47/61/57 46/57/55 61/81/77 62/69/65
f 59/77/73 58/75/71 73/84/78 74/85/79
f 67/78/74 66/76/72 81/86/80 82/87/81
f 60/79/75 59/77/73 74/85/79 75/88/82
f 68/80/76 67/78/74 82/87/81 83/89/83
f 61/81/77 60/79/75 75/88/82 76/90/84
f 54/67/63 1/91/30 69/92/85
f 8/93/32 68/80/76 83/89/83
f 62/69/65 61/81/77 76/90/84 77/94/86
f 55/68/64 54/67/63 69/92/85 70/95/87
f 63/70/66 62/69/65 77/94/86 78/96/88
f 56/71/67 55/68/64 70/95/87 71/97/89
f 64/72/68 63/70/66 78/96/88 79/98/90
f 57/73/69 56/71/67 71/97/89 72/99/91
f 65/74/70 64/72/68 79/98/90 80/100/92
f 58/75/71 57/73/69 72/99/91 73/84/78
f 66/76/72 65/74/70 80/100/92 81/86/80
f 78/96/88 77/94/86 92/101/93 93/102/94
f 71/97/89 70/95/87 85/103/95 86/104/96
f 79/98/90 78/96/88 93/102/94 94/105/97
f 72/99/91 71/97/89 86/104/96 87/106/98
f 80/100/92 79/98/90 94/105/97 95/107/99
f 73/84/78 72/99/91 87/106/98 88/108/100
f 81/86/80 80/100/92 95/107/99 96/109/101
f 74/85/79 73/84/78 88/108/100 89/110/102
f 82/87/81 81/86/80 96/109/101 97/111/103
f 75/88/82 74/85/79 89/110/102 90/112/104
f 83/89/83 82/87/81 97/111/103 98/113/105
f 76/90/84 75/88/82 90/112/104 91/114/106
f 69/92/85 1/115/30 84/116/107
f 8/117/32 83/89/83 98/113/105
f 77/94/86 76/90/84 91/114/106 92/101/93
f 70/95/87 69/92/85 84/116/107 85/103/95
f 97/111/103 96/109/101 111/118/108 112/119/109
f 90/112/104 89/110/102 104/120/110 105/121/111
f 98/113/105 97/111/103 112/119/109 113/122/112
f 91/114/106 90/112/104 105/121/111 106/123/113
f 84/116/107 1/124/30 99/125/114
f 8/126/32 98/113/105 113/122/112
f 92/101/93 91/114/106 106/123/113 107/127/115
f 85/103/95 84/116/107 99/125/114 100/128/116
f 93/102/94 92/101/93 107/127/115 108/129/117
f 86/104/96 85/103/95 100/128/116 101/130/118
f 94/105/97 93/102/94 108/129/117 109/131/119
f 87/106/98 86/104/96 101/130/118 102/132/120
f 95/107/99 94/105/97 109/131/119 110/133/121
f 88/108/100 87/106/98 102/132/120 103/134/122
f 96/109/101 95/107/99 110/133/121 111/118/108
f 89/110/102 88/108/100 103/134/122 104/120/110
f 109/131/119 108/129/117 123/135/123 124/136/124
f 102/132/120 101/130/118 116/137/125 117/138/126
f 110/133/121 109/131/119 124/136/124 125/139/127
f 103/134/122 102/132/120 117/138/126 118/140/128
f 111/118/108 110/133/121 125/139/127 126/141/129
f 104/120/110 103/134/122 118/140/128 119/142/130
f 112/119/109 111/118/108 126/141/129 127/143/131
f 105/121/111 104/120/110 119/142/130 120/144/132
f 113/122/112 112/119/109 127/143/131 128/145/133
f 106/123/113 105/121/111 120/144/132 121/146/134
f 99/125/114 1/147/30 114/148/135
f 8/149/32 113/122/112 128/145/133
f 107/127/115 106/123/113 121/146/134 122/150/136
f 100/128/116 99/125/114 114/148/135 115/151/137
f 108/129/117 107/127/115 122/150/136 123/135/123
f 101/130/118 100/128/116 115/151/137 116/137/125
f 128/145/133 127/143/131 142/152/138 143/153/139
f 121/146/134 120/144/132 135/154/140 136/155/141
f 114/148/135 1/156/30 129/157/142
f 8/158/32 128/145/133 143/153/139
f 122/150/136 121/146/134 136/155/141 137/159/143
f 115/151/137 114/148/135 129/157/142 130/160/144
f 123/135/123 122/150/136 137/159/143 138/161/145
f 116/137/125 115/151/137 130/160/144 131/162/146
f 124/136/124 123/135/123 138/161/145 139/163/147
f 117/138/126 116/137/125 131/162/146 132/164/148
f 125/139/127 124/136/124 139/163/147 140/165/149
f 118/140/128 117/138/126 132/164/148 133/166/150
f 126/141/129 125/139/127 140/165/149 141/167/151
f 119/142/130 118/140/128 133/166/150 134/168/152
f 127/143/131 126/141/129 141/167/151 142/152/138
f 120/144/132 119/142/130 134/168/152 135/154/140
f 132/164/148 131/162/146 146/169/153 147/170/154
f 140/165/149 139/163/147 154/171/155 155/172/156
f 133/166/150 132/164/148 147/170/154 148/173/157
f 141/167/151 140/165/149 155/172/156 156/174/158
f 134/168/152 133/166/150 148/173/157 149/175/159
f 142/152/138 141/167/151 156/174/158 157/176/160
f 135/154/140 134/168/152 149/175/159 150/177/161
f 143/153/139 142/152/138 157/176/160 158/178/162
f 136/155/141 135/154/140 150/177/161 151/179/163
f 129/157/142 1/180/30 144/181/164
f 8/182/32 143/153/139 158/178/162
f 137/159/143 136/155/141 151/179/163 152/183/165
f 130/160/144 129/157/142 144/181/164 145/184/166
f 138/161/145 137/159/143 152/183/165 153/185/167
f 131/162/146 130/160/144 145/184/166 146/169/153
f 139/163/147 138/161/145 153/185/167 154/171/155
f 151/179/163 150/177/161 165/186/168 166/187/169
f 144/181/164 1/188/30 159/189/170
f 8/190/32 158/178/162 173/191/171
f 152/183/165 151/179/163 166/187/169 167/192/172
f 145/184/166 144/181/164 159/189/170 160/193/173
f 153/185/167 152/183/165 167/192/172 168/194/174
f 146/169/153 145/184/166 160/193/173 161/195/175
f 154/171/155 153/185/167 168/194/174 169/196/176
f 147/170/154 146/169/153 161/195/175 162/197/177
f 155/172/156 154/171/155 169/196/176 170/198/178
f 148/173/157 147/170/154 162/197/177 163/199/179
f 156/174/158 155/172/156 170/198/178 171/200/180
f 149/175/159 148/173/157 163/199/179 164/201/181
f 157/176/160 156/174/158 171/200/180 172/202/182
f 150/177/161 149/175/159 164/201/181 165/186/168
f 158/178/162 157/176/160 172/202/182 173/191/171
f 170/198/178 169/196/176 184/203/183 185/204/184
f 163/199/179 162/197/177 177/205/185 178/206/186
f 171/200/180 170/198/178 185/204/184 186/207/187
f 164/201/181 163/199/179 178/206/186 179/208/188
f 172/202/182 171/200/180 186/207/187 187/209/189
f 165/186/168 164/201/181 179/208/188 180/210/190
f 173/191/171 172/202/182 187/209/189 188/211/191
f 166/187/169 165/186/168 180/210/190 181/212/192
f 159/189/170 1/213/30 174/214/193
f 8/215/32 173/191/171 188/211/191
f 167/192/172 166/187/169 181/212/192 182/216/194
f 160/193/173 159/189/170 174/214/193 175/217/195
f 168/194/174 167/192/172 182/216/194 183/218/196
f 161/195/175 160/193/173 175/217/195 176/219/197
f 169/196/176 168/194/174 183/218/196 184/203/183
f 162/197/177 161/195/175 176/219/197 177/205/185
f 174/214/193 1/220/30 189/221/198
f 8/222/32 188/211/191 203/223/199
f 182/216/194 181/212/192 196/224/200 197/225/201
f 175/217/195 174/214/193 189/221/198 190/226/202
f 183/218/196 182/216/194 197/225/201 198/227/203
f 176/219/197 175/217/195 190/226/202 191/228/204
f 184/203/183 183/218/196 198/227/203 199/229/205
f 177/205/185 176/219/197 191/228/204 192/230/206
f 185/204/184 184/203/183 199/229/205 200/231/207
f 178/206/186 177/205/185 192/230/206 193/232/208
f 186/207/187 185/204/184 200/231/207 201/233/209
f 179/208/188 178/206/186 193/232/208 194/234/210
f 187/209/189 186/207/187 201/233/209 202/235/211
f 180/210/190 179/208/188 194/234/210 195/236/212
f 188/211/191 187/209/189 202/235/211 203/223/199
f 181/212/192 180/210/190 195/236/212 196/224/200
f 193/232/208 192/230/206 207/237/213 208/238/214
f 201/233/209 200/231/207 215/239/215 216/240/216
f 194/234/210 193/232/208 208/238/214 209/241/217
f 202/235/211 201/233/209 216/240/216 217/242/218
f 195/236/212 194/234/210 209/241/217 210/243/219
f 203/223/199 202/235/211 217/242/218 218/244/220
f 196/224/200 195/236/212 210/243/219 211/245/221
f 189/221/198 1/246/30 204/247/222
f 8/248/32 203/223/199 218/244/220
f 197/225/201 196/224/200 211/245/221 212/249/223
f 190/226/202 189/221/198 204/247/222 205/250/224
f 198/227/203 197/225/201 212/249/223 213/251/225
f 191/228/204 190/226/202 205/250/224 206/252/226
f 199/229/205 198/227/203 213/251/225 214/253/227
f 192/230/206 191/228/204 206/252/226 207/237/213
f 200/231/207 199/229/205 214/253/227 215/239/215
f 212/249/223 211/245/221 226/254/228 227/255/229
f 205/250/224 204/247/222 219/256/230 220/257/231
f 213/251/225 212/249/223 227/255/229 228/258/232
f 206/252/226 205/250/224 220/257/231 221/259/233
f 214/253/227 213/251/225 228/258/232 229/260/234
f 207/237/213 206/252/226 221/259/233 222/261/235
f 215/239/215 214/253/227 229/260/234 230/262/236
f 208/238/214 207/237/213 222/261/235 223/263/237
f 216/240/216 215/239/215 230/262/236 231/264/238
f 209/241/217 208/238/214 223/263/237 224/265/239
f 217/242/218 216/240/216 231/264/238 232/266/240
f 210/243/219 209/241/217 224/265/239 225/267/241
f 218/244/220 217/242/218 232/266/240 233/268/242
f 211/245/221 210/243/219 225/267/241 226/254/228
f 204/247/222 1/269/30 219/256/230
f 8/270/32 218/244/220 233/268/242
f 231/264/238 230/262/236 245/271/243 246/272/244
f 224/265/239 223/263/237 238/273/245 239/274/246
f 232/266/240 231/264/238 246/272/244 247/275/247
f 225/267/241 224/265/239 239/274/246 240/276/248
f 233/268/242 232/266/240 247/275/247 248/277/249
f 226/254/228 225/267/241 240/276/248 241/278/250
f 219/256/230 1/279/30 234/280/251
f 8/281/32 233/268/242 248/277/249
f 227/255/229 226/254/228 241/278/250 242/282/252
f 220/257/231 219/256/230 234/280/251 235/283/253
f 228/258/232 227/255/229 242/282/252 243/284/254
f 221/259/233 220/257/231 235/283/253 236/285/255
f 229/260/234 228/258/232 243/284/254 244/286/256
f 222/261/235 221/259/233 236/285/255 237/287/257
f 230/262/236 229/260/234 244/286/256 245/271/243
f 223/263/237 222/261/235 237/287/257 238/273/245
f 243/284/254 242/282/252 257/288/258 258/289/259
f 236/285/255 235/283/253 250/290/260 251/291/261
f 244/286/256 243/284/254 258/289/259 259/292/262
f 237/287/257 236/285/255 251/291/261 252/293/263
f 245/271/243 244/286/256 259/292/262 260/294/264
f 238/273/245 237/287/257 252/293/263 253/295/265
f 246/272/244 245/271/243 260/294/264 261/296/266
f 239/274/246 238/273/245 253/295/265 254/297/267
f 247/275/247 246/272/244 261/296/266 262/298/268
f 240/276/248 239/274/246 254/297/267 255/299/269
f 248/277/249 247/275/247 262/298/268 263/300/270
f 241/278/250 240/276/248 255/299/269 256/301/271
f 234/280/251 1/302/30 249/303/272
f 8/304/32 248/277/249 263/300/270
f 242/282/252 241/278/250 256/301/271 257/288/258
f 235/283/253 234/280/251 249/303/272 250/290/260
f 262/298/268 261/296/266 276/305/273 277/306/274
f 255/299/269 254/297/267 269/307/275 270/308/276
f 263/300/270 262/298/268 277/306/274 278/309/277
f 256/301/271 255/299/269 270/308/276 271/310/278
f 249/303/272 1/311/30 264/312/279
f 8/313/32 263/300/270 278/309/277
f 257/288/258 256/301/271 271/310/278 272/314/280
f 250/290/260 249/303/272 264/312/279 265/315/281
f 258/289/259 257/288/258 272/314/280 273/316/282
f 251/291/261 250/290/260 265/315/281 266/317/283
f 259/292/262 258/289/259 273/316/282 274/318/284
f 252/293/263 251/291/261 266/317/283 267/319/285
f 260/294/264 259/292/262 274/318/284 275/320/286
f 253/295/265 252/293/263 267/319/285 268/321/287
f 261/296/266 260/294/264 275/320/286 276/305/273
f 254/297/267 253/295/265 268/321/287 269/307/275
f 266/317/283 265/315/281 280/322/288 281/323/289
f 274/318/284 273/316/282 288/324/290 289/325/291
f 267/319/285 266/317/283 281/323/289 282/326/292
f 275/320/286 274/318/284 289/325/291 290/327/293
f 268/321/287 267/319/285 282/326/292 283/328/294
f 276/305/273 275/320/286 290/327/293 291/329/295
f 269/307/275 268/321/287 283/328/294 284/330/296
f 277/306/274 276/305/273 291/329/295 292/331/297
f 270/308/276 269/307/275 284/330/296 285/332/298
f 278/309/277 277/306/274 292/331/297 293/333/299
f 271/310/278 270/308/276 285/332/298 286/334/300
f 264/312/279 1/335/30 279/336/301
f 8/337/32 278/309/277 293/333/299
f 272/314/280 271/310/278 286/334/300 287/338/302
f 265/315/281 264/312/279 279/336/301 280/322/288
f 273/316/282 272/314/280 287/338/302 288/324/290
f 285/332/298 284/330/296 299/339/303 300/340/304
f 293/333/299 292/331/297 307/341/305 308/342/306
f 286/334/300 285/332/298 300/340/304 301/343/307
f 279/336/301 1/344/30 294/345/308
f 8/346/32 293/333/299 308/342/306
f 287/338/302 286/334/300 301/343/307 302/347/309
f 280/322/288 279/336/301 294/345/308 295/348/310
f 288/324/290 287/338/302 302/347/309 303/349/311
f 281/323/289 280/322/288 295/348/310 296/350/312
f 289/325/291 288/324/290 303/349/311 304/351/313
f 282/326/292 281/323/289 296/350/312 297/352/314
f 290/327/293 289/325/291 304/351/313 305/353/315
f 283/328/294 282/326/292 297/352/314 298/354/316
f 291/329/295 290/327/293 305/353/315 306/355/317
f 284/330/296 283/328/294 298/354/316 299/339/303
f 292/331/297 291/329/295 306/355/317 307/341/305
f 304/351/313 303/349/311 318/356/318 319/357/319
f 297/352/314 296/350/312 311/358/320 312/359/321
f 305/353/315 304/351/313 319/357/319 320/360/322
f 298/354/316 297/352/314 312/359/321 313/361/323
f 306/355/317 305/353/315 320/360/322 321/362/324
f 299/339/303 298/354/316 313/361/323 314/363/325
f 307/341/305 306/355/317 321/362/324 322/364/326
f 300/340/304 299/339/303 314/363/325 315/365/327
f 308/342/306 307/341/305 322/364/326 323/366/328
f 301/343/307 300/340/304 315/365/327 316/367/329
f 294/345/308 1/368/30 309/369/330
f 8/370/32 308/342/306 323/366/328
f 302/347/309 301/343/307 316/367/329 317/371/331
f 295/348/310 294/345/308 309/369/330 310/372/332
f 303/349/311 302/347/309 317/371/331 318/356/318
f 296/350/312 295/348/310 310/372/332 311/358/320
f 323/366/328 322/364/326 337/373/333 338/374/334
f 316/367/329 315/365/327 330/375/335 331/376/336
f 309/369/330 1/377/30 324/378/337
f 8/379/32 323/366/328 338/374/334
f 317/371/331 316/367/329 331/376/336 332/380/338
f 310/372/332 309/369/330 324/378/337 325/381/339
f 318/356/318 317/371/331 332/380/338 333/382/340
f 311/358/320 310/372/332 325/381/339 326/383/341
f 319/357/319 318/356/318 333/382/340 334/384/342
f 312/359/321 311/358/320 326/383/341 327/385/343
f 320/360/322 319/357/319 334/384/342 335/386/344
f 313/361/323 312/359/321 327/385/343 328/387/345
f 321/362/324 320/360/322 335/386/344 336/388/346
f 314/363/325 313/361/323 328/387/345 329/389/347
f 322/364/326 321/362/324 336/388/346 337/373/333
f 315/365/327 314/363/325 329/389/347 330/375/335
f 327/385/343 326/383/341 341/390/348 342/391/349
f 335/386/344 334/384/342 349/392/350 350/393/351
f 328/387/345 327/385/343 342/391/349 343/394/352
f 336/388/346 335/386/344 350/393/351 351/395/353
f 329/389/347 328/387/345 343/394/352 344/396/354
f 337/373/333 336/388/346 351/395/353 352/397/355
f 330/375/335 329/389/347 344/396/354 345/398/356
f 338/374/334 337/373/333 352/397/355 353/399/357
f 331/376/336 330/375/335 345/398/356 346/400/358
f 324/378/337 1/401/30 339/402/359
f 8/403/32 338/374/334 353/399/357
f 332/380/338 331/376/336 346/400/358 347/404/360
f 325/381/339 324/378/337 339/402/359 340/405/361
f 333/382/340 332/380/338 347/404/360 348/406/362
f 326/383/341 325/381/339 340/405/361 341/390/348
f 334/384/342 333/382/340 348/406/362 349/392/350
f 346/400/358 345/398/356 360/407/363 361/408/364
f 339/402/359 1/409/30 354/410/365
f 8/411/32 353/399/357 368/412/366
f 347/404/360 346/400/358 361/408/364 362/413/367
f 340/405/361 339/402/359 354/410/365 355/414/368
f 348/406/362 347/404/360 362/413/367 363/415/369
f 341/390/348 340/405/361 355/414/368 356/416/370
f 349/392/350 348/406/362 363/415/369 364/417/371
f 342/391/349 341/390/348 356/416/370 357/418/372
f 350/393/351 349/392/350 364/417/371 365/419/373
f 343/394/352 342/391/349 357/418/372 358/420/374
f 351/395/353 350/393/351 365/419/373 366/421/375
f 344/396/354 343/394/352 358/420/374 359/422/376
f 352/397/355 351/395/353 366/421/375 367/423/377
f 345/398/356 344/396/354 359/422/376 360/407/363
f 353/399/357 352/397/355 367/423/377 368/412/366
f 365/424/373 364/425/371 379/426/378 380/427/379
f 358/428/374 357/429/372 372/430/380 373/431/381
f 366/432/375 365/424/373 380/427/379 381/433/382
f 359/434/376 358/428/374 373/431/381 374/435/383
f 367/436/377 366/432/375 381/433/382 382/437/384
f 360/438/363 359/434/376 374/435/383 375/439/385
f 368/440/366 367/436/377 382/437/384 383/441/386
f 361/442/364 360/438/363 375/439/385 376/443/387
f 354/444/365 1/445/30 369/446/388
f 8/447/32 368/440/366 383/441/386
f 362/448/367 361/442/364 376/443/387 377/449/389
f 355/450/368 354/444/365 369/446/388 370/451/390
f 363/452/369 362/448/367 377/449/389 378/453/391
f 356/454/370 355/450/368 370/451/390 371/455/392
f 364/425/371 363/452/369 378/453/391 379/426/378
f 357/429/372 356/454/370 371/455/392 372/430/380
f 8/456/32 383/441/386 398/457/393
f 377/449/389 376/443/387 391/458/394 392/459/395
f 370/451/390 369/446/388 384/460/396 385/461/397
f 378/453/391 377/449/389 392/459/395 393/462/398
f 371/455/392 370/451/390 385/461/397 386/463/399
f 379/426/378 378/453/391 393/462/398 394/464/400
f 372/430/380 371/455/392 386/463/399 387/465/401
f 380/427/379 379/426/378 394/464/400 395/466/402
f 373/431/381 372/430/380 387/465/401 388/467/403
f 381/433/382 380/427/379 395/466/402 396/468/404
f 374/435/383 373/431/381 388/467/403 389/469/405
f 382/437/384 381/433/382 396/468/404 397/470/406
f 375/439/385 374/435/383 389/469/405 390/471/407
f 383/441/386 382/437/384 397/470/406 398/457/393
f 376/443/387 375/439/385 390/471/407 391/458/394
f 369/446/388 1/472/30 384/460/396
f 396/468/404 395/466/402 410/473/408 411/474/409
f 389/469/405 388/467/403 403/475/410 404/476/411
f 397/470/406 396/468/404 411/474/409 412/477/412
f 390/471/407 389/469/405 404/476/411 405/478/413
f 398/457/393 397/470/406 412/477/412 413/479/414
f 391/458/394 390/471/407 405/478/413 406/480/415
f 384/460/396 1/481/30 399/482/416
f 8/483/32 398/457/393 413/479/414
f 392/459/395 391/458/394 406/480/415 407/484/417
f 385/461/397 384/460/396 399/482/416 400/485/418
f 393/462/398 392/459/395 407/484/417 408/486/419
f 386/463/399 385/461/397 400/485/418 401/487/420
f 394/464/400 393/462/398 408/486/419 409/488/421
f 387/465/401 386/463/399 401/487/420 402/489/422
f 395/466/402 394/464/400 409/488/421 410/473/408
f 388/467/403 387/465/401 402/489/422 403/475/410
f 400/485/418 399/482/416 414/490/423 415/491/424
f 408/486/419 407/484/417 422/492/425 423/493/426
f 401/487/420 400/485/418 415/491/424 416/494/427
f 409/488/421 408/486/419 423/493/426 424/495/428
f 402/489/422 401/487/420 416/494/427 417/496/429
f 410/473/408 409/488/421 424/495/428 425/497/430
f 403/475/410 402/489/422 417/496/429 418/498/431
f 411/474/409 410/473/408 425/497/430 426/499/432
f 404/476/411 403/475/410 418/498/431 419/500/433
f 412/477/412 411/474/409 426/499/432 427/501/434
f 405/478/413 404/476/411 419/500/433 420/502/435
f 413/479/414 412/477/412 427/501/434 428/503/436
f 406/480/415 405/478/413 420/502/435 421/504/437
f 399/482/416 1/505/30 414/490/423
f 8/506/32 413/479/414 428/503/436
f 407/484/417 406/480/415 421/504/437 422/492/425
f 419/500/433 418/498/431 433/507/438 434/508/439
f 427/501/434 426/499/432 441/509/440 442/510/441
f 420/502/435 419/500/433 434/508/439 435/511/442
f 428/503/436 427/501/434 442/510/441 443/512/443
f 421/504/437 420/502/435 435/511/442 436/513/444
f 414/490/423 1/514/30 429/515/445
f 8/516/32 428/503/436 443/512/443
f 422/492/425 421/504/437 436/513/444 437/517/446
f 415/491/424 414/490/423 429/515/445 430/518/447
f 423/493/426 422/492/425 437/517/446 438/519/448
f 416/494/427 415/491/424 430/518/447 431/520/449
f 424/495/428 423/493/426 438/519/448 439/521/450
f 417/496/429 416/494/427 431/520/449 432/522/451
f 425/497/430 424/495/428 439/521/450 440/523/452
f 418/498/431 417/496/429 432/522/451 433/507/438
f 426/499/432 425/497/430 440/523/452 441/509/440
f 438/519/448 437/517/446 452/524/453 453/525/454
f 431/520/449 430/518/447 445/526/455 446/527/456
f 439/521/450 438/519/448 453/525/454 454/528/457
f 432/522/451 431/520/449 446/527/456 447/529/458
f 440/523/452 439/521/450 454/528/457 455/530/459
f 433/507/438 432/522/451 447/529/458 448/531/460
f 441/509/440 440/523/452 455/530/459 456/532/461
f 434/508/439 433/507/438 448/531/460 449/533/462
f 442/510/441 441/509/440 456/532/461 457/534/463
f 435/511/442 434/508/439 449/533/462 450/535/464
f 443/512/443 442/510/441 457/534/463 458/536/465
f 436/513/444 435/511/442 450/535/464 451/537/466
f 429/515/445 1/538/30 444/539/467
f 8/540/32 443/512/443 458/536/465
f 437/517/446 436/513/444 451/537/466 452/524/453
f 430/518/447 429/515/445 444/539/467 445/526/455
f 457/534/463 456/532/461 471/541/468 472/542/469
f 450/535/464 449/533/462 464/543/470 465/544/471
f 458/536/465 457/534/463 472/542/469 473/545/472
f 451/537/466 450/535/464 465/544/471 466/546/473
f 444/539/467 1/547/30 459/548/474
f 8/549/32 458/536/465 473/545/472
f 452/524/453 451/537/466 466/546/473 467/550/475
f 445/526/455 444/539/467 459/548/474 460/551/476
f 453/525/454 452/524/453 467/550/475 468/552/477
f 446/527/456 445/526/455 460/551/476 461/553/478
f 454/528/457 453/525/454 468/552/477 469/554/479
f 447/529/458 446/527/456 461/553/478 462/555/480
f 455/530/459 454/528/457 469/554/479 470/556/481
f 448/531/460 447/529/458 462/555/480 463/557/482
f 456/532/461 455/530/459 470/556/481 471/541/468
f 449/533/462 448/531/460 463/557/482 464/543/470
f 461/553/478 460/551/476 475/6/6 2/5/5
f 469/554/479 468/552/477 478/1/1 7/9/9
f 462/555/480 461/553/478 2/5/5 476/11/11
f 470/556/481 469/554/479 7/9/9 479/13/13
f 463/557/482 462/555/480 476/11/11 3/15/15
f 471/541/468 470/556/481 479/13/13 480/17/17
f 464/543/470 463/557/482 3/15/15 477/19/19
f 472/542/469 471/541/468 480/17/17 481/21/21
f 465/544/471 464/543/470 477/19/19 4/23/23
f 473/545/472 472/542/469 481/21/21 482/25/25
f 466/546/473 465/544/471 4/23/23 5/27/27
f 459/548/474 1/558/30 474/29/29
f 8/559/32 473/545/472 482/25/25
f 467/550/475 466/546/473 5/27/27 6/2/2
f 460/551/476 459/548/474 474/29/29 475/6/6
f 468/552/477 467/550/475 6/2/2 478/1/1
usemtl black
f 485/9/483 849/1/484 490/4/485 491/560/486
f 850/13/487 485/9/483 491/560/486 492/14/488
f 486/561/489 850/13/487 492/14/488 493/18/490
f 851/562/491 486/561/489 493/18/490 494/563/492
f 852/564/493 851/562/491 494/563/492 495/565/494
f 488/28/495 848/566/496 853/566/497 854/28/498
f 487/32/499 852/564/493 495/565/494
f 484/2/500 848/566/496 488/28/495 489/3/501
f 849/1/484 484/2/500 489/3/501 490/4/485
f 490/4/485 489/3/501 497/34/502 498/37/503
f 491/560/486 490/4/485 498/37/503 499/567/504
f 492/14/488 491/560/486 499/567/504 500/41/505
f 493/18/490 492/14/488 500/41/505 501/43/506
f 494/563/492 493/18/490 501/43/506 502/45/507
f 495/565/494 494/563/492 502/45/507 503/568/508
f 496/33/509 488/28/495 854/28/498 855/33/510
f 487/49/499 495/565/494 503/568/508
f 489/3/501 488/28/495 496/33/509 497/34/502
f 502/45/507 501/43/506 509/51/511 510/569/512
f 503/568/508 502/45/507 510/569/512 511/570/513
f 504/57/514 496/33/509 855/33/510 856/57/515
f 487/60/499 503/568/508 511/570/513
f 497/34/502 496/33/509 504/57/514 505/61/516
f 498/37/503 497/34/502 505/61/516 506/63/517
f 499/567/504 498/37/503 506/63/517 507/571/518
f 500/41/505 499/567/504 507/571/518 508/50/519
f 501/43/506 500/41/505 508/50/519 509/51/511
f 506/63/517 505/61/516 513/69/520 514/70/521
f 507/571/518 506/63/517 514/70/521 515/572/522
f 508/50/519 507/571/518 515/572/522 516/74/523
f 509/51/511 508/50/519 516/74/523 517/76/524
f 510/569/512 509/51/511 517/76/524 518/78/525
f 511/570/513 510/569/512 518/78/525 519/573/526
f 512/81/527 504/57/514 856/57/515 857/81/528
f 487/83/499 511/570/513 519/573/526
f 505/61/516 504/57/514 512/81/527 513/69/520
f 518/78/525 517/76/524 525/86/529 526/87/530
f 519/573/526 518/78/525 526/87/530 527/574/531
f 520/90/532 512/81/527 857/81/528 858/90/533
f 487/93/499 519/573/526 527/574/531
f 513/69/520 512/81/527 520/90/532 521/94/534
f 514/70/521 513/69/520 521/94/534 522/96/535
f 515/572/522 514/70/521 522/96/535 523/575/536
f 516/74/523 515/572/522 523/575/536 524/100/537
f 517/76/524 516/74/523 524/100/537 525/86/529
f 523/575/536 522/96/535 530/102/538 531/576/539
f 524/100/537 523/575/536 531/576/539 532/107/540
f 525/86/529 524/100/537 532/107/540 533/109/541
f 526/87/530 525/86/529 533/109/541 534/111/542
f 527/574/531 526/87/530 534/111/542 535/577/543
f 528/114/544 520/90/532 858/90/533 859/114/545
f 487/117/499 527/574/531 535/577/543
f 521/94/534 520/90/532 528/114/544 529/101/546
f 522/96/535 521/94/534 529/101/546 530/102/538
f 535/577/543 534/111/542 542/119/547 543/578/548
f 536/123/549 528/114/544 859/114/545 860/123/550
f 487/126/499 535/577/543 543/578/548
f 529/101/546 528/114/544 536/123/549 537/127/551
f 530/102/538 529/101/546 537/127/551 538/129/552
f 531/576/539 530/102/538 538/129/552 539/579/553
f 532/107/540 531/576/539 539/579/553 540/133/554
f 533/109/541 532/107/540 540/133/554 541/118/555
f 534/111/542 533/109/541 541/118/555 542/119/547
f 539/579/553 538/129/552 553/135/556 554/580/557
f 546/581/558 547/582/559 862/582/30 861/581/30
f 540/133/554 539/579/553 554/580/557 555/139/560
f 547/582/559 548/583/561 863/583/30 862/582/30
f 541/118/555 540/133/554 555/139/560 556/584/562
f 548/583/561 549/142/563 864/142/30 863/583/30
f 542/119/547 541/118/555 556/584/562 557/585/564
f 549/142/563 550/144/565 865/144/566 864/142/30
f 543/578/548 542/119/547 557/585/564 558/586/567
f 550/144/565 551/146/568 536/123/549 860/123/550 866/146/569 865/144/566
f 483/147/570 544/587/571 867/587/572
f 487/149/499 543/578/548 558/586/567
f 537/127/551 536/123/549 551/146/568 552/150/573
f 544/587/571 545/588/574 868/588/575 867/587/572
f 538/129/552 537/127/551 552/150/573 553/135/556
f 545/588/574 546/581/558 861/581/30 868/588/575
f 558/586/567 557/585/564 572/589/576 573/590/577
f 551/146/568 550/144/565 565/154/578 566/591/579
f 483/156/570 559/592/580 544/587/571
f 487/158/499 558/586/567 573/590/577
f 552/150/573 551/146/568 566/591/579 567/159/581
f 545/588/574 544/587/571 559/592/580 560/593/582
f 553/135/556 552/150/573 567/159/581 568/161/583
f 546/581/558 545/588/574 560/593/582 561/162/584
f 554/580/557 553/135/556 568/161/583 569/594/585
f 547/582/559 546/581/558 561/162/584 562/164/586
f 555/139/560 554/580/557 569/594/585 570/165/587
f 548/583/561 547/582/559 562/164/586 563/595/588
f 556/584/562 555/139/560 570/165/587 571/167/589
f 549/142/563 548/583/561 563/595/588 564/168/590
f 557/585/564 556/584/562 571/167/589 572/589/576
f 550/144/565 549/142/563 564/168/590 565/154/578
f 570/165/587 569/594/585 584/596/591 585/172/592
f 563/595/588 562/164/586 577/170/593 578/597/594
f 571/167/589 570/165/587 585/172/592 586/598/595
f 564/168/590 563/595/588 578/597/594 579/175/596
f 572/589/576 571/167/589 586/598/595 587/599/597
f 565/154/578 564/168/590 579/175/596 580/177/598
f 573/590/577 572/589/576 587/599/597 588/600/599
f 566/591/579 565/154/578 580/177/598 581/601/600
f 483/180/570 574/602/601 559/592/580
f 487/182/499 573/590/577 588/600/599
f 567/159/581 566/591/579 581/601/600 582/183/602
f 560/593/582 559/592/580 574/602/601 575/603/603
f 568/161/583 567/159/581 582/183/602 583/185/604
f 561/162/584 560/593/582 575/603/603 576/604/605
f 569/594/585 568/161/583 583/185/604 584/596/591
f 562/164/586 561/162/584 576/604/605 577/170/593
f 483/188/570 589/605/606 574/602/601
f 487/190/499 588/600/599 603/606/607
f 582/183/602 581/601/600 596/607/608 597/192/609
f 575/603/603 574/602/601 589/605/606 590/608/610
f 583/185/604 582/183/602 597/192/609 598/194/611
f 576/604/605 575/603/603 590/608/610 591/609/612
f 584/596/591 583/185/604 598/194/611 599/196/613
f 577/170/593 576/604/605 591/609/612 592/610/614
f 585/172/592 584/596/591 599/196/613 600/198/615
f 578/597/594 577/170/593 592/610/614 593/611/616
f 586/598/595 585/172/592 600/198/615 601/200/617
f 579/175/596 578/597/594 593/611/616 594/201/618
f 587/599/597 586/598/595 601/200/617 602/612/619
f 580/177/598 579/175/596 594/201/618 595/186/620
f 588/600/599 587/599/597 602/612/619 603/606/607
f 581/601/600 580/177/598 595/186/620 596/607/608
f 593/611/616 592/610/614 607/205/621 608/613/622
f 601/200/617 600/198/615 615/204/623 616/614/624
f 594/201/618 593/611/616 608/613/622 609/208/625
f 602/612/619 601/200/617 616/614/624 617/615/626
f 595/186/620 594/201/618 609/208/625 610/210/627
f 603/606/607 602/612/619 617/615/626 618/616/628
f 596/607/608 595/186/620 610/210/627 611/617/629
f 483/213/570 604/618/630 589/605/606
f 487/215/499 603/606/607 618/616/628
f 597/192/609 596/607/608 611/617/629 612/216/631
f 590/608/610 589/605/606 604/618/630 605/619/632
f 598/194/611 597/192/609 612/216/631 613/218/633
f 591/609/612 590/608/610 605/619/632 606/620/634
f 599/196/613 598/194/611 613/218/633 614/203/635
f 592/610/614 591/609/612 606/620/634 607/205/621
f 600/198/615 599/196/613 614/203/635 615/204/623
f 612/216/631 611/617/629 626/621/636 627/225/637
f 605/619/632 604/618/630 619/622/638 620/226/639
f 613/218/633 612/216/631 627/225/637 628/227/640
f 606/620/634 605/619/632 620/226/639 621/623/641
f 614/203/635 613/218/633 628/227/640 629/229/642
f 607/205/621 606/620/634 621/623/641 622/230/643
f 615/204/623 614/203/635 629/229/642 630/231/644
f 608/613/622 607/205/621 622/230/643 623/624/645
f 616/614/624 615/204/623 630/231/644 631/233/646
f 609/208/625 608/613/622 623/624/645 624/234/647
f 617/615/626 616/614/624 631/233/646 632/235/648
f 610/210/627 609/208/625 624/234/647 625/236/649
f 618/616/628 617/615/626 632/235/648 633/625/650
f 611/617/629 610/210/627 625/236/649 626/621/636
f 483/220/570 619/622/638 604/618/630
f 487/222/499 618/616/628 633/625/650
f 631/233/646 630/231/644 645/239/651 646/240/652
f 624/234/647 623/624/645 638/626/653 639/241/654
f 632/235/648 631/233/646 646/240/652 647/242/655
f 625/236/649 624/234/647 639/241/654 640/243/656
f 633/625/650 632/235/648 647/242/655 648/627/657
f 626/621/636 625/236/649 640/243/656 641/628/658
f 483/246/570 634/629/659 619/622/638
f 487/248/499 633/625/650 648/627/657
f 627/225/637 626/621/636 641/628/658 642/249/660
f 620/226/639 619/622/638 634/629/659 635/250/661
f 628/227/640 627/225/637 642/249/660 643/251/662
f 621/623/641 620/226/639 635/250/661 636/252/663
f 629/229/642 628/227/640 643/251/662 644/253/664
f 622/230/643 621/623/641 636/252/663 637/237/665
f 630/231/644 629/229/642 644/253/664 645/239/651
f 623/624/645 622/230/643 637/237/665 638/626/653
f 635/250/661 634/629/659 649/630/666 650/631/667
f 643/251/662 642/249/660 657/255/668 658/258/669
f 636/252/663 635/250/661 650/631/667 651/632/670
f 644/253/664 643/251/662 658/258/669 659/260/671
f 637/237/665 636/252/663 651/632/670 652/261/672
f 645/239/651 644/253/664 659/260/671 660/262/673
f 638/626/653 637/237/665 652/261/672 653/633/674
f 646/240/652 645/239/651 660/262/673 661/634/675
f 639/241/654 638/626/653 653/633/674 654/265/676
f 647/242/655 646/240/652 661/634/675 662/635/677
f 640/243/656 639/241/654 654/265/676 655/267/678
f 648/627/657 647/242/655 662/635/677 663/636/679
f 641/628/658 640/243/656 655/267/678 656/637/680
f 483/269/570 649/630/666 634/629/659
f 487/270/499 648/627/657 663/636/679
f 642/249/660 641/628/658 656/637/680 657/255/668
f 654/265/676 653/633/674 668/638/681 669/274/682
f 662/635/677 661/634/675 676/272/683 677/275/684
f 655/267/678 654/265/676 669/274/682 670/276/685
f 663/636/679 662/635/677 677/275/684 678/639/686
f 656/637/680 655/267/678 670/276/685 671/278/687
f 483/279/570 664/640/688 649/630/666
f 487/281/499 663/636/679 678/639/686
f 657/255/668 656/637/680 671/278/687 672/282/689
f 650/631/667 649/630/666 664/640/688 665/283/690
f 658/258/669 657/255/668 672/282/689 673/641/691
f 651/632/670 650/631/667 665/283/690 666/285/692
f 659/260/671 658/258/669 673/641/691 674/642/693
f 652/261/672 651/632/670 666/285/692 667/643/694
f 660/262/673 659/260/671 674/642/693 675/271/695
f 653/633/674 652/261/672 667/643/694 668/638/681
f 661/634/675 660/262/673 675/271/695 676/272/683
f 673/641/691 672/282/689 687/288/696 688/644/697
f 666/285/692 665/283/690 680/645/698 681/646/699
f 674/642/693 673/641/691 688/644/697 689/292/700
f 667/643/694 666/285/692 681/646/699 682/647/701
f 675/271/695 674/642/693 689/292/700 690/294/702
f 668/638/681 667/643/694 682/647/701 683/648/703
f 676/272/683 675/271/695 690/294/702 691/296/704
f 669/274/682 668/638/681 683/648/703 684/297/705
f 677/275/684 676/272/683 691/296/704 692/649/706
f 670/276/685 669/274/682 684/297/705 685/299/707
f 678/639/686 677/275/684 692/649/706 693/650/708
f 671/278/687 670/276/685 685/299/707 686/651/709
f 679/652/710 664/640/688 483/302/570
f 487/304/499 678/639/686 693/650/708
f 672/282/689 671/278/687 686/651/709 687/288/696
f 665/283/690 664/640/688 679/652/710 680/645/698
f 692/649/706 691/296/704 706/653/711 707/654/712
f 685/299/707 684/297/705 699/655/713 700/656/714
f 693/650/708 692/649/706 707/654/712 708/657/715
f 686/651/709 685/299/707 700/656/714 701/310/716
f 694/658/717 679/652/710 483/311/570
f 487/313/499 693/650/708 708/657/715
f 687/288/696 686/651/709 701/310/716 702/659/718
f 680/645/698 679/652/710 694/658/717 695/660/719
f 688/644/697 687/288/696 702/659/718 703/316/720
f 681/646/699 680/645/698 695/660/719 696/661/721
f 689/292/700 688/644/697 703/316/720 704/318/722
f 682/647/701 681/646/699 696/661/721 697/662/723
f 690/294/702 689/292/700 704/318/722 705/320/724
f 683/648/703 682/647/701 697/662/723 698/663/725
f 691/296/704 690/294/702 705/320/724 706/653/711
f 684/297/705 683/648/703 698/663/725 699/655/713
f 704/318/722 703/316/720 718/324/726 719/325/727
f 697/662/723 696/661/721 711/664/728 712/665/729
f 705/320/724 704/318/722 719/325/727 720/327/730
f 698/663/725 697/662/723 712/665/729 713/666/731
f 706/653/711 705/320/724 720/327/730 721/667/732
f 699/655/713 698/663/725 713/666/731 714/668/733
f 707/654/712 706/653/711 721/667/732 722/331/734
f 700/656/714 699/655/713 714/668/733 715/332/735
f 708/657/715 707/654/712 722/331/734 723/669/736
f 701/310/716 700/656/714 715/332/735 716/670/737
f 709/671/738 694/658/717 483/672/570
f 487/673/499 708/657/715 723/669/736
f 702/659/718 701/310/716 716/670/737 717/338/739
f 695/660/719 694/658/717 709/671/738 710/674/740
f 703/316/720 702/659/718 717/338/739 718/324/726
f 696/661/721 695/660/719 710/674/740 711/664/728
f 723/669/736 722/331/734 737/675/741 738/676/742
f 716/670/737 715/332/735 730/340/743 731/677/744
f 724/678/745 709/671/738 483/344/570
f 487/346/499 723/669/736 738/676/742
f 717/338/739 716/670/737 731/677/744 732/347/746
f 710/674/740 709/671/738 724/678/745 725/679/747
f 718/324/726 717/338/739 732/347/746 733/349/748
f 711/664/728 710/674/740 725/679/747 726/680/749
f 719/325/727 718/324/726 733/349/748 734/681/750
f 712/665/729 711/664/728 726/680/749 727/682/751
f 720/327/730 719/325/727 734/681/750 735/353/752
f 713/666/731 712/665/729 727/682/751 728/683/753
f 721/667/732 720/327/730 735/353/752 736/684/754
f 714/668/733 713/666/731 728/683/753 729/685/755
f 722/331/734 721/667/732 736/684/754 737/675/741
f 715/332/735 714/668/733 729/685/755 730/340/743
f 727/682/751 726/680/749 741/686/756 742/687/757
f 735/353/752 734/681/750 749/357/758 750/688/759
f 728/683/753 727/682/751 742/687/757 743/689/760
f 736/684/754 735/353/752 750/688/759 751/690/761
f 729/685/755 728/683/753 743/689/760 744/363/762
f 737/675/741 736/684/754 751/690/761 752/691/763
f 730/340/743 729/685/755 744/363/762 745/692/764
f 738/676/742 737/675/741 752/691/763 753/693/765
f 731/677/744 730/340/743 745/692/764 746/694/766
f 739/695/767 724/678/745 483/368/570
f 487/370/499 738/676/742 753/693/765
f 732/347/746 731/677/744 746/694/766 747/696/768
f 725/679/747 724/678/745 739/695/767 740/697/769
f 733/349/748 732/347/746 747/696/768 748/356/770
f 726/680/749 725/679/747 740/697/769 741/686/756
f 734/681/750 733/349/748 748/356/770 749/357/758
f 746/694/766 745/692/764 760/375/771 761/698/772
f 754/699/773 739/695/767 483/377/570
f 487/379/499 753/693/765 768/700/774
f 747/696/768 746/694/766 761/698/772 762/380/775
f 740/697/769 739/695/767 754/699/773 755/701/776
f 748/356/770 747/696/768 762/380/775 763/702/777
f 741/686/756 740/697/769 755/701/776 756/703/778
f 749/357/758 748/356/770 763/702/777 764/704/779
f 742/687/757 741/686/756 756/703/778 757/705/780
f 750/688/759 749/357/758 764/704/779 765/706/781
f 743/689/760 742/687/757 757/705/780 758/707/782
f 751/690/761 750/688/759 765/706/781 766/708/783
f 744/363/762 743/689/760 758/707/782 759/709/784
f 752/691/763 751/690/761 766/708/783 767/373/785
f 745/692/764 744/363/762 759/709/784 760/375/771
f 753/693/765 752/691/763 767/373/785 768/700/774
f 765/706/781 764/704/779 779/710/786 780/711/787
f 758/707/782 757/705/780 772/712/788 773/713/789
f 766/708/783 765/706/781 780/711/787 781/714/790
f 759/709/784 758/707/782 773/713/789 774/715/791
f 767/373/785 766/708/783 781/714/790 782/397/792
f 760/375/771 759/709/784 774/715/791 775/716/793
f 768/700/774 767/373/785 782/397/792 783/717/794
f 761/698/772 760/375/771 775/716/793 776/718/795
f 769/719/796 754/699/773 483/720/570
f 487/721/499 768/700/774 783/717/794
f 762/380/775 761/698/772 776/718/795 777/722/797
f 755/701/776 754/699/773 769/719/796 770/405/798
f 763/702/777 762/380/775 777/722/797 778/406/799
f 756/703/778 755/701/776 770/405/798 771/723/800
f 764/704/779 763/702/777 778/406/799 779/710/786
f 757/705/780 756/703/778 771/723/800 772/712/788
f 769/719/796 483/409/570 869/724/801
f 487/411/499 783/717/794 791/725/802
f 777/722/797 776/718/795 784/408/803 785/413/804
f 770/405/798 769/719/796 869/726/801 870/414/805
f 778/406/799 777/722/797 785/413/804 786/415/806
f 771/723/800 770/405/798 870/727/805 871/728/807
f 779/710/786 778/406/799 786/415/806 787/417/808
f 772/712/788 771/723/800 871/729/807 872/418/809
f 780/711/787 779/710/786 787/417/808 788/730/810
f 773/713/789 772/712/788 872/731/809 873/732/811
f 781/714/790 780/711/787 788/730/810 789/733/812
f 774/715/791 773/713/789 873/734/811 874/422/813
f 782/397/792 781/714/790 789/733/812 790/423/814
f 775/716/793 774/715/791 874/735/813 875/407/815
f 783/717/794 782/397/792 790/423/814 791/725/802
f 784/408/803 776/718/795 775/716/793 875/736/815 876/408/816 877/408/817
f 789/737/812 788/738/810 796/739/818 797/740/819
f 790/436/814 789/737/812 797/740/819 798/437/820
f 791/741/802 790/436/814 798/437/820 799/742/821
f 792/743/822 784/442/803 877/442/817 878/743/823
f 487/447/499 791/741/802 799/742/821
f 785/448/804 784/442/803 792/743/822 793/449/824
f 786/452/806 785/448/804 793/449/824 794/453/825
f 787/425/808 786/452/806 794/453/825 795/744/826
f 788/738/810 787/425/808 795/744/826 796/739/818
f 793/449/824 792/743/822 800/745/827 801/746/828
f 794/453/825 793/449/824 801/746/828 802/462/829
f 795/744/826 794/453/825 802/462/829 803/747/830
f 796/739/818 795/744/826 803/747/830 804/748/831
f 797/740/819 796/739/818 804/748/831 805/749/832
f 798/437/820 797/740/819 805/749/832 806/750/833
f 799/742/821 798/437/820 806/750/833 807/751/834
f 800/745/827 792/743/822 878/743/823 879/745/835
f 487/456/499 799/742/821 807/751/834
f 805/749/832 804/748/831 812/752/836 813/753/837
f 806/750/833 805/749/832 813/753/837 814/754/838
f 807/751/834 806/750/833 814/754/838 815/755/839
f 808/756/840 800/745/827 879/745/835 880/756/841
f 487/483/499 807/751/834 815/755/839
f 801/746/828 800/745/827 808/756/840 809/757/842
f 802/462/829 801/746/828 809/757/842 810/486/843
f 803/747/830 802/462/829 810/486/843 811/758/844
f 804/748/831 803/747/830 811/758/844 812/752/836
f 810/486/843 809/757/842 817/492/845 818/493/846
f 811/758/844 810/486/843 818/493/846 819/759/847
f 812/752/836 811/758/844 819/759/847 820/760/848
f 813/753/837 812/752/836 820/760/848 821/761/849
f 814/754/838 813/753/837 821/761/849 822/762/850
f 815/755/839 814/754/838 822/762/850 823/763/851
f 816/764/852 808/756/840 880/756/841 881/764/853
f 487/506/499 815/755/839 823/763/851
f 809/757/842 808/756/840 816/764/852 817/492/845
f 822/762/850 821/761/849 829/765/854 830/766/855
f 823/763/851 822/762/850 830/766/855 831/767/856
f 824/768/857 816/764/852 881/764/853 882/768/858
f 487/769/499 823/763/851 831/767/856
f 817/492/845 816/764/852 824/768/857 825/770/859
f 818/493/846 817/492/845 825/770/859 826/519/860
f 819/759/847 818/493/846 826/519/860 827/771/861
f 820/760/848 819/759/847 827/771/861 828/772/862
f 821/761/849 820/760/848 828/772/862 829/765/854
f 827/771/861 826/519/860 834/525/863 835/773/864
f 828/772/862 827/771/861 835/773/864 836/530/865
f 829/765/854 828/772/862 836/530/865 837/774/866
f 830/766/855 829/765/854 837/774/866 838/775/867
f 831/767/856 830/766/855 838/775/867 839/776/868
f 832/777/869 824/768/857 882/768/858 883/777/870
f 487/540/499 831/767/856 839/776/868
f 825/770/859 824/768/857 832/777/869 833/778/871
f 826/519/860 825/770/859 833/778/871 834/525/863
f 839/776/868 838/775/867 846/779/872 847/780/873
f 840/781/874 832/777/869 883/777/870 884/781/32
f 487/549/499 839/776/868 847/780/873
f 833/778/871 832/777/869 840/781/874 841/550/875
f 834/525/863 833/778/871 841/550/875 842/552/876
f 835/773/864 834/525/863 842/552/876 843/782/877
f 836/530/865 835/773/864 843/782/877 844/783/878
f 837/774/866 836/530/865 844/783/878 845/784/879
f 838/775/867 837/774/866 845/784/879 846/779/872
f 843/782/877 842/552/876 849/1/484 485/9/483
f 844/783/878 843/782/877 485/9/483 850/13/487
f 845/784/879 844/783/878 850/13/487 486/561/489
f 846/779/872 845/784/879 486/561/489 851/562/491
f 847/780/873 846/779/872 851/562/491 852/564/493
f 848/566/496 840/781/874 884/781/32 853/566/497
f 487/559/499 847/780/873 852/564/493
f 841/550/875 840/781/874 848/566/496 484/2/500
f 842/552/876 841/550/875 484/2/500 849/1/484
s 0
f 872/785/880 871/786/880 870/787/880 869/788/880 483/789/880 867/790/880 868/791/880 861/792/880 862/793/880 863/794/880 864/795/880 865/796/880 866/797/880 876/798/880 875/799/880 874/800/880 873/801/880
f 876/802/881 866/803/881 860/804/881 859/805/881 858/806/881 857/807/881 856/808/881 855/809/881 854/810/881 853/811/881 884/812/881 883/813/881 882/814/881 881/815/881 880/816/881 879/817/881 878/818/881 877/802/881
s 1
f 889/32/882 1254/564/883 897/565/884
f 886/2/885 1250/566/886 890/28/887 891/3/888
f 1251/1/889 886/2/885 891/3/888 892/4/890
f 887/9/891 1251/1/889 892/4/890 893/560/892
f 1252/13/893 887/9/891 893/560/892 894/14/894
f 888/561/895 1252/13/893 894/14/894 895/18/896
f 1253/562/897 888/561/895 895/18/896 896/563/898
f 1254/564/883 1253/562/897 896/563/898 897/565/884
f 890/28/887 1250/566/886 1255/566/899 1256/28/899
f 897/565/884 896/563/898 904/45/900 905/568/901
f 898/33/902 890/28/887 1256/28/899 1257/33/903
f 889/49/882 897/565/884 905/568/901
f 891/3/888 890/28/887 898/33/902 899/34/904
f 892/4/890 891/3/888 899/34/904 900/37/905
f 893/560/892 892/4/890 900/37/905 901/567/906
f 894/14/894 893/560/892 901/567/906 902/41/907
f 895/18/896 894/14/894 902/41/907 903/43/908
f 896/563/898 895/18/896 903/43/908 904/45/900
f 902/41/907 901/567/906 909/571/909 910/50/910
f 903/43/908 902/41/907 910/50/910 911/51/911
f 904/45/900 903/43/908 911/51/911 912/569/912
f 905/568/901 904/45/900 912/569/912 913/570/913
f 906/57/914 898/33/902 1257/33/903 1258/57/915
f 889/60/882 905/568/901 913/570/913
f 899/34/904 898/33/902 906/57/914 907/61/916
f 900/37/905 899/34/904 907/61/916 908/63/917
f 901/567/906 900/37/905 908/63/917 909/571/909
f 914/81/918 906/57/914 1258/57/915 1259/81/919
f 889/83/882 913/570/913 921/573/920
f 907/61/916 906/57/914 914/81/918 915/69/921
f 908/63/917 907/61/916 915/69/921 916/70/922
f 909/571/909 908/63/917 916/70/922 917/572/923
f 910/50/910 909/571/909 917/572/923 918/74/924
f 911/51/911 910/50/910 918/74/924 919/76/925
f 912/569/912 911/51/911 919/76/925 920/78/926
f 913/570/913 912/569/912 920/78/926 921/573/920
f 918/74/924 917/572/923 925/575/927 926/100/928
f 919/76/925 918/74/924 926/100/928 927/86/929
f 920/78/926 919/76/925 927/86/929 928/87/930
f 921/573/920 920/78/926 928/87/930 929/574/931
f 922/90/932 914/81/918 1259/81/919 1260/90/933
f 889/93/882 921/573/920 929/574/931
f 915/69/921 914/81/918 922/90/932 923/94/934
f 916/70/922 915/69/921 923/94/934 924/96/935
f 917/572/923 916/70/922 924/96/935 925/575/927
f 889/117/882 929/574/931 937/577/936
f 923/94/934 922/90/932 930/114/937 931/101/938
f 924/96/935 923/94/934 931/101/938 932/102/939
f 925/575/927 924/96/935 932/102/939 933/576/940
f 926/100/928 925/575/927 933/576/940 934/107/941
f 927/86/929 926/100/928 934/107/941 935/109/942
f 928/87/930 927/86/929 935/109/942 936/111/943
f 929/574/931 928/87/930 936/111/943 937/577/936
f 930/114/937 922/90/932 1260/90/933 1261/114/944
f 935/109/942 934/107/941 942/133/945 943/118/946
f 936/111/943 935/109/942 943/118/946 944/119/947
f 937/577/936 936/111/943 944/119/947 945/578/948
f 938/123/949 930/114/937 1261/114/944 1262/123/950
f 889/126/882 937/577/936 945/578/948
f 931/101/938 930/114/937 938/123/949 939/127/951
f 932/102/939 931/101/938 939/127/951 940/129/952
f 933/576/940 932/102/939 940/129/952 941/579/953
f 934/107/941 933/576/940 941/579/953 942/133/945
f 939/127/951 938/123/949 953/146/954 954/150/955
f 946/587/956 947/588/957 1264/588/958 1263/587/30
f 940/129/952 939/127/951 954/150/955 955/135/959
f 947/588/957 948/581/960 1265/581/961 1264/588/958
f 941/579/953 940/129/952 955/135/959 956/580/962
f 948/581/960 949/582/963 1266/582/964 1265/581/961
f 942/133/945 941/579/953 956/580/962 957/139/965
f 949/582/963 950/583/966 1267/583/30 1266/582/964
f 943/118/946 942/133/945 957/139/965 958/584/967
f 950/583/966 951/142/968 1268/142/30 1267/583/30
f 944/119/947 943/118/946 958/584/967 959/585/969
f 951/142/968 952/144/970 1269/144/971 1268/142/30
f 945/578/948 944/119/947 959/585/969 960/586/972
f 952/144/970 953/146/954 938/123/949 1262/123/950 1270/146/192 1269/144/971
f 885/147/973 946/587/956 1263/587/30
f 889/149/882 945/578/948 960/586/972
f 958/584/967 957/139/965 972/165/974 973/167/975
f 951/142/968 950/583/966 965/595/976 966/168/977
f 959/585/969 958/584/967 973/167/975 974/589/978
f 952/144/970 951/142/968 966/168/977 967/154/979
f 960/586/972 959/585/969 974/589/978 975/590/980
f 953/146/954 952/144/970 967/154/979 968/591/981
f 885/156/973 961/592/982 946/587/956
f 889/158/882 960/586/972 975/590/980
f 954/150/955 953/146/954 968/591/981 969/159/983
f 947/588/957 946/587/956 961/592/982 962/593/984
f 955/135/959 954/150/955 969/159/983 970/161/985
f 948/581/960 947/588/957 962/593/984 963/162/986
f 956/580/962 955/135/959 970/161/985 971/594/987
f 949/582/963 948/581/960 963/162/986 964/164/988
f 957/139/965 956/580/962 971/594/987 972/165/974
f 950/583/966 949/582/963 964/164/988 965/595/976
f 970/161/985 969/159/983 984/183/989 985/185/990
f 963/162/986 962/593/984 977/603/991 978/604/992
f 971/594/987 970/161/985 985/185/990 986/596/993
f 964/164/988 963/162/986 978/604/992 979/170/994
f 972/165/974 971/594/987 986/596/993 987/172/995
f 965/595/976 964/164/988 979/170/994 980/597/996
f 973/167/975 972/165/974 987/172/995 988/598/997
f 966/168/977 965/595/976 980/597/996 981/175/998
f 974/589/978 973/167/975 988/598/997 989/599/999
f 967/154/979 966/168/977 981/175/998 982/177/1000
f 975/590/980 974/589/978 989/599/999 990/600/1001
f 968/591/981 967/154/979 982/177/1000 983/601/1002
f 885/180/973 976/602/1003 961/592/982
f 889/182/882 975/590/980 990/600/1001
f 969/159/983 968/591/981 983/601/1002 984/183/989
f 962/593/984 961/592/982 976/602/1003 977/603/991
f 989/599/999 988/598/997 1003/200/1004 1004/612/1005
f 982/177/1000 981/175/998 996/201/1006 997/186/1007
f 990/600/1001 989/599/999 1004/612/1005 1005/606/1008
f 983/601/1002 982/177/1000 997/186/1007 998/607/1009
f 885/188/973 991/605/1010 976/602/1003
f 889/190/882 990/600/1001 1005/606/1008
f 984/183/989 983/601/1002 998/607/1009 999/192/1011
f 977/603/991 976/602/1003 991/605/1010 992/608/1012
f 985/185/990 984/183/989 999/192/1011 1000/194/1013
f 978/604/992 977/603/991 992/608/1012 993/609/1014
f 986/596/993 985/185/990 1000/194/1013 1001/196/1015
f 979/170/994 978/604/992 993/609/1014 994/610/1016
f 987/172/995 986/596/993 1001/196/1015 1002/198/1017
f 980/597/996 979/170/994 994/610/1016 995/611/1018
f 988/598/997 987/172/995 1002/198/1017 1003/200/1004
f 981/175/998 980/597/996 995/611/1018 996/201/1006
f 993/609/1014 992/608/1012 1007/619/1019 1008/620/1020
f 1001/196/1015 1000/194/1013 1015/218/1021 1016/203/1022
f 994/610/1016 993/609/1014 1008/620/1020 1009/205/1023
f 1002/198/1017 1001/196/1015 1016/203/1022 1017/204/1024
f 995/611/1018 994/610/1016 1009/205/1023 1010/613/1025
f 1003/200/1004 1002/198/1017 1017/204/1024 1018/614/1026
f 996/201/1006 995/611/1018 1010/613/1025 1011/208/1027
f 1004/612/1005 1003/200/1004 1018/614/1026 1019/615/1028
f 997/186/1007 996/201/1006 1011/208/1027 1012/210/1029
f 1005/606/1008 1004/612/1005 1019/615/1028 1020/616/1030
f 998/607/1009 997/186/1007 1012/210/1029 1013/617/1031
f 885/213/973 1006/618/1032 991/605/1010
f 889/215/882 1005/606/1008 1020/616/1030
f 999/192/1011 998/607/1009 1013/617/1031 1014/216/1033
f 992/608/1012 991/605/1010 1006/618/1032 1007/619/1019
f 1000/194/1013 999/192/1011 1014/216/1033 1015/218/1021
f 1012/210/1029 1011/208/1027 1026/234/1034 1027/236/1035
f 1020/616/1030 1019/615/1028 1034/235/1036 1035/625/1037
f 1013/617/1031 1012/210/1029 1027/236/1035 1028/621/1038
f 885/220/973 1021/622/1039 1006/618/1032
f 889/222/882 1020/616/1030 1035/625/1037
f 1014/216/1033 1013/617/1031 1028/621/1038 1029/225/1040
f 1007/619/1019 1006/618/1032 1021/622/1039 1022/226/1041
f 1015/218/1021 1014/216/1033 1029/225/1040 1030/227/1042
f 1008/620/1020 1007/619/1019 1022/226/1041 1023/623/1043
f 1016/203/1022 1015/218/1021 1030/227/1042 1031/229/1044
f 1009/205/1023 1008/620/1020 1023/623/1043 1024/230/1045
f 1017/204/1024 1016/203/1022 1031/229/1044 1032/231/1046
f 1010/613/1025 1009/205/1023 1024/230/1045 1025/624/1047
f 1018/614/1026 1017/204/1024 1032/231/1046 1033/233/1048
f 1011/208/1027 1010/613/1025 1025/624/1047 1026/234/1034
f 1019/615/1028 1018/614/1026 1033/233/1048 1034/235/1036
f 1031/229/1044 1030/227/1042 1045/251/1049 1046/253/1050
f 1024/230/1045 1023/623/1043 1038/252/1051 1039/237/1052
f 1032/231/1046 1031/229/1044 1046/253/1050 1047/239/1053
f 1025/624/1047 1024/230/1045 1039/237/1052 1040/626/1054
f 1033/233/1048 1032/231/1046 1047/239/1053 1048/240/1055
f 1026/234/1034 1025/624/1047 1040/626/1054 1041/241/1056
f 1034/235/1036 1033/233/1048 1048/240/1055 1049/242/1057
f 1027/236/1035 1026/234/1034 1041/241/1056 1042/243/1058
f 1035/625/1037 1034/235/1036 1049/242/1057 1050/627/1059
f 1028/621/1038 1027/236/1035 1042/243/1058 1043/628/1060
f 885/246/973 1036/629/1061 1021/622/1039
f 889/248/882 1035/625/1037 1050/627/1059
f 1029/225/1040 1028/621/1038 1043/628/1060 1044/249/1062
f 1022/226/1041 1021/622/1039 1036/629/1061 1037/250/1063
f 1030/227/1042 1029/225/1040 1044/249/1062 1045/251/1049
f 1023/623/1043 1022/226/1041 1037/250/1063 1038/252/1051
f 1050/627/1059 1049/242/1057 1064/635/1064 1065/636/1065
f 1043/628/1060 1042/243/1058 1057/267/1066 1058/637/1067
f 885/269/973 1051/630/1068 1036/629/1061
f 889/270/882 1050/627/1059 1065/636/1065
f 1044/249/1062 1043/628/1060 1058/637/1067 1059/255/1069
f 1037/250/1063 1036/629/1061 1051/630/1068 1052/631/1070
f 1045/251/1049 1044/249/1062 1059/255/1069 1060/258/1071
f 1038/252/1051 1037/250/1063 1052/631/1070 1053/632/1072
f 1046/253/1050 1045/251/1049 1060/258/1071 1061/260/1073
f 1039/237/1052 1038/252/1051 1053/632/1072 1054/261/1074
f 1047/239/1053 1046/253/1050 1061/260/1073 1062/262/1075
f 1040/626/1054 1039/237/1052 1054/261/1074 1055/633/1076
f 1048/240/1055 1047/239/1053 1062/262/1075 1063/634/1077
f 1041/241/1056 1040/626/1054 1055/633/1076 1056/265/1078
f 1049/242/1057 1048/240/1055 1063/634/1077 1064/635/1064
f 1042/243/1058 1041/241/1056 1056/265/1078 1057/267/1066
f 1054/261/1074 1053/632/1072 1068/285/1079 1069/643/1080
f 1062/262/1075 1061/260/1073 1076/642/1081 1077/271/1082
f 1055/633/1076 1054/261/1074 1069/643/1080 1070/638/1083
f 1063/634/1077 1062/262/1075 1077/271/1082 1078/272/1084
f 1056/265/1078 1055/633/1076 1070/638/1083 1071/274/1085
f 1064/635/1064 1063/634/1077 1078/272/1084 1079/275/1086
f 1057/267/1066 1056/265/1078 1071/274/1085 1072/276/1087
f 1065/636/1065 1064/635/1064 1079/275/1086 1080/639/1088
f 1058/637/1067 1057/267/1066 1072/276/1087 1073/278/1089
f 885/279/973 1066/640/1090 1051/630/1068
f 889/281/882 1065/636/1065 1080/639/1088
f 1059/255/1069 1058/637/1067 1073/278/1089 1074/282/1091
f 1052/631/1070 1051/630/1068 1066/640/1090 1067/283/1092
f 1060/258/1071 1059/255/1069 1074/282/1091 1075/641/1093
f 1053/632/1072 1052/631/1070 1067/283/1092 1068/285/1079
f 1061/260/1073 1060/258/1071 1075/641/1093 1076/642/1081
f 1073/278/1089 1072/276/1087 1087/299/1094 1088/651/1095
f 1081/652/1096 1066/640/1090 885/302/973
f 889/304/882 1080/639/1088 1095/650/1097
f 1074/282/1091 1073/278/1089 1088/651/1095 1089/288/1098
f 1067/283/1092 1066/640/1090 1081/652/1096 1082/645/1099
f 1075/641/1093 1074/282/1091 1089/288/1098 1090/644/1100
f 1068/285/1079 1067/283/1092 1082/645/1099 1083/646/1101
f 1076/642/1081 1075/641/1093 1090/644/1100 1091/292/1102
f 1069/643/1080 1068/285/1079 1083/646/1101 1084/647/1103
f 1077/271/1082 1076/642/1081 1091/292/1102 1092/294/1104
f 1070/638/1083 1069/643/1080 1084/647/1103 1085/648/1105
f 1078/272/1084 1077/271/1082 1092/294/1104 1093/296/1106
f 1071/274/1085 1070/638/1083 1085/648/1105 1086/297/1107
f 1079/275/1086 1078/272/1084 1093/296/1106 1094/649/1108
f 1072/276/1087 1071/274/1085 1086/297/1107 1087/299/1094
f 1080/639/1088 1079/275/1086 1094/649/1108 1095/650/1097
f 1092/294/1104 1091/292/1102 1106/318/1109 1107/320/1110
f 1085/648/1105 1084/647/1103 1099/662/1111 1100/663/1112
f 1093/296/1106 1092/294/1104 1107/320/1110 1108/653/1113
f 1086/297/1107 1085/648/1105 1100/663/1112 1101/655/1114
f 1094/649/1108 1093/296/1106 1108/653/1113 1109/654/1115
f 1087/299/1094 1086/297/1107 1101/655/1114 1102/656/1116
f 1095/650/1097 1094/649/1108 1109/654/1115 1110/657/1117
f 1088/651/1095 1087/299/1094 1102/656/1116 1103/310/1118
f 1096/658/1119 1081/652/1096 885/311/973
f 889/313/882 1095/650/1097 1110/657/1117
f 1089/288/1098 1088/651/1095 1103/310/1118 1104/659/1120
f 1082/645/1099 1081/652/1096 1096/658/1119 1097/660/1121
f 1090/644/1100 1089/288/1098 1104/659/1120 1105/316/1122
f 1083/646/1101 1082/645/1099 1097/660/1121 1098/661/1123
f 1091/292/1102 1090/644/1100 1105/316/1122 1106/318/1109
f 1084/647/1103 1083/646/1101 1098/661/1123 1099/662/1111
f 889/673/882 1110/657/1117 1125/669/1124
f 1104/659/1120 1103/310/1118 1118/670/1125 1119/338/1126
f 1097/660/1121 1096/658/1119 1111/671/1127 1112/674/1128
f 1105/316/1122 1104/659/1120 1119/338/1126 1120/324/1129
f 1098/661/1123 1097/660/1121 1112/674/1128 1113/664/1130
f 1106/318/1109 1105/316/1122 1120/324/1129 1121/325/1131
f 1099/662/1111 1098/661/1123 1113/664/1130 1114/665/1132
f 1107/320/1110 1106/318/1109 1121/325/1131 1122/327/1133
f 1100/663/1112 1099/662/1111 1114/665/1132 1115/666/1134
f 1108/653/1113 1107/320/1110 1122/327/1133 1123/667/1135
f 1101/655/1114 1100/663/1112 1115/666/1134 1116/668/1136
f 1109/654/1115 1108/653/1113 1123/667/1135 1124/331/1137
f 1102/656/1116 1101/655/1114 1116/668/1136 1117/332/1138
f 1110/657/1117 1109/654/1115 1124/331/1137 1125/669/1124
f 1103/310/1118 1102/656/1116 1117/332/1138 1118/670/1125
f 1111/671/1127 1096/658/1119 885/672/973
f 1123/667/1135 1122/327/1133 1137/353/1139 1138/684/1140
f 1116/668/1136 1115/666/1134 1130/683/1141 1131/685/1142
f 1124/331/1137 1123/667/1135 1138/684/1140 1139/675/1143
f 1117/332/1138 1116/668/1136 1131/685/1142 1132/340/1144
f 1125/669/1124 1124/331/1137 1139/675/1143 1140/676/1145
f 1118/670/1125 1117/332/1138 1132/340/1144 1133/677/1146
f 1126/678/1147 1111/671/1127 885/344/973
f 889/346/882 1125/669/1124 1140/676/1145
f 1119/338/1126 1118/670/1125 1133/677/1146 1134/347/1148
f 1112/674/1128 1111/671/1127 1126/678/1147 1127/679/1149
f 1120/324/1129 1119/338/1126 1134/347/1148 1135/349/1150
f 1113/664/1130 1112/674/1128 1127/679/1149 1128/680/1151
f 1121/325/1131 1120/324/1129 1135/349/1150 1136/681/1152
f 1114/665/1132 1113/664/1130 1128/680/1151 1129/682/1153
f 1122/327/1133 1121/325/1131 1136/681/1152 1137/353/1139
f 1115/666/1134 1114/665/1132 1129/682/1153 1130/683/1141
f 1127/679/1149 1126/678/1147 1141/695/1154 1142/697/1155
f 1135/349/1150 1134/347/1148 1149/696/1156 1150/356/1157
f 1128/680/1151 1127/679/1149 1142/697/1155 1143/686/1158
f 1136/681/1152 1135/349/1150 1150/356/1157 1151/357/1159
f 1129/682/1153 1128/680/1151 1143/686/1158 1144/687/1160
f 1137/353/1139 1136/681/1152 1151/357/1159 1152/688/1161
f 1130/683/1141 1129/682/1153 1144/687/1160 1145/689/1162
f 1138/684/1140 1137/353/1139 1152/688/1161 1153/690/1163
f 1131/685/1142 1130/683/1141 1145/689/1162 1146/363/1164
f 1139/675/1143 1138/684/1140 1153/690/1163 1154/691/1165
f 1132/340/1144 1131/685/1142 1146/363/1164 1147/692/1166
f 1140/676/1145 1139/675/1143 1154/691/1165 1155/693/1167
f 1133/677/1146 1132/340/1144 1147/692/1166 1148/694/1168
f 1141/695/1154 1126/678/1147 885/368/973
f 889/370/882 1140/676/1145 1155/693/1167
f 1134/347/1148 1133/677/1146 1148/694/1168 1149/696/1156
f 1146/363/1164 1145/689/1162 1160/707/1169 1161/709/1170
f 1154/691/1165 1153/690/1163 1168/708/1171 1169/373/1172
f 1147/692/1166 1146/363/1164 1161/709/1170 1162/375/1173
f 1155/693/1167 1154/691/1165 1169/373/1172 1170/700/1174
f 1148/694/1168 1147/692/1166 1162/375/1173 1163/698/1175
f 1156/699/1176 1141/695/1154 885/377/973
f 889/379/882 1155/693/1167 1170/700/1174
f 1149/696/1156 1148/694/1168 1163/698/1175 1164/380/1177
f 1142/697/1155 1141/695/1154 1156/699/1176 1157/701/1178
f 1150/356/1157 1149/696/1156 1164/380/1177 1165/702/1179
f 1143/686/1158 1142/697/1155 1157/701/1178 1158/703/1180
f 1151/357/1159 1150/356/1157 1165/702/1179 1166/704/1181
f 1144/687/1160 1143/686/1158 1158/703/1180 1159/705/1182
f 1152/688/1161 1151/357/1159 1166/704/1181 1167/706/1183
f 1145/689/1162 1144/687/1160 1159/705/1182 1160/707/1169
f 1153/690/1163 1152/688/1161 1167/706/1183 1168/708/1171
f 1165/702/1179 1164/380/1177 1179/722/1184 1180/406/1185
f 1158/703/1180 1157/701/1178 1172/405/1186 1173/723/1187
f 1166/704/1181 1165/702/1179 1180/406/1185 1181/710/1188
f 1159/705/1182 1158/703/1180 1173/723/1187 1174/712/1189
f 1167/706/1183 1166/704/1181 1181/710/1188 1182/711/1190
f 1160/707/1169 1159/705/1182 1174/712/1189 1175/713/1191
f 1168/708/1171 1167/706/1183 1182/711/1190 1183/714/1192
f 1161/709/1170 1160/707/1169 1175/713/1191 1176/715/1193
f 1169/373/1172 1168/708/1171 1183/714/1192 1184/397/1194
f 1162/375/1173 1161/709/1170 1176/715/1193 1177/716/1195
f 1170/700/1174 1169/373/1172 1184/397/1194 1185/717/1196
f 1163/698/1175 1162/375/1173 1177/716/1195 1178/718/1197
f 1171/719/1198 1156/699/1176 885/720/973
f 889/721/882 1170/700/1174 1185/717/1196
f 1164/380/1177 1163/698/1175 1178/718/1197 1179/722/1184
f 1157/701/1178 1156/699/1176 1171/719/1198 1172/405/1186
f 1184/397/1194 1183/714/1192 1191/733/1199 1192/423/1200
f 1177/716/1195 1176/715/1193 1271/735/1201 1272/407/1202
f 1185/717/1196 1184/397/1194 1192/423/1200 1193/725/1203
f 1186/408/1204 1178/718/1197 1177/716/1195 1272/736/1202 1273/408/1205 1274/408/1206
f 1171/719/1198 885/409/973 1275/724/1207
f 889/411/882 1185/717/1196 1193/725/1203
f 1179/722/1184 1178/718/1197 1186/408/1204 1187/413/1208
f 1172/405/1186 1171/719/1198 1275/726/1207 1276/414/1209
f 1180/406/1185 1179/722/1184 1187/413/1208 1188/415/1210
f 1173/723/1187 1172/405/1186 1276/727/1209 1277/728/1211
f 1181/710/1188 1180/406/1185 1188/415/1210 1189/417/1212
f 1174/712/1189 1173/723/1187 1277/729/1211 1278/418/1213
f 1182/711/1190 1181/710/1188 1189/417/1212 1190/730/1214
f 1175/713/1191 1174/712/1189 1278/731/1213 1279/732/1215
f 1183/714/1192 1182/711/1190 1190/730/1214 1191/733/1199
f 1176/715/1193 1175/713/1191 1279/734/1215 1271/422/1201
f 1189/425/1212 1188/452/1210 1196/453/1216 1197/744/1217
f 1190/738/1214 1189/425/1212 1197/744/1217 1198/739/1218
f 1191/737/1199 1190/738/1214 1198/739/1218 1199/740/1219
f 1192/436/1200 1191/737/1199 1199/740/1219 1200/437/1220
f 1193/741/1203 1192/436/1200 1200/437/1220 1201/742/1221
f 1194/743/1222 1186/442/1204 1274/442/1206 1280/743/1223
f 889/447/882 1193/741/1203 1201/742/1221
f 1187/448/1208 1186/442/1204 1194/743/1222 1195/449/1224
f 1188/452/1210 1187/448/1208 1195/449/1224 1196/453/1216
f 1201/742/1221 1200/437/1220 1208/750/1225 1209/751/1226
f 1202/745/1227 1194/743/1222 1280/743/1223 1281/745/1228
f 889/456/882 1201/742/1221 1209/751/1226
f 1195/449/1224 1194/743/1222 1202/745/1227 1203/746/1229
f 1196/453/1216 1195/449/1224 1203/746/1229 1204/462/1230
f 1197/744/1217 1196/453/1216 1204/462/1230 1205/747/1231
f 1198/739/1218 1197/744/1217 1205/747/1231 1206/748/1232
f 1199/740/1219 1198/739/1218 1206/748/1232 1207/749/1233
f 1200/437/1220 1199/740/1219 1207/749/1233 1208/750/1225
f 1205/747/1231 1204/462/1230 1212/486/1234 1213/758/1235
f 1206/748/1232 1205/747/1231 1213/758/1235 1214/752/1236
f 1207/749/1233 1206/748/1232 1214/752/1236 1215/753/1237
f 1208/750/1225 1207/749/1233 1215/753/1237 1216/754/1238
f 1209/751/1226 1208/750/1225 1216/754/1238 1217/755/1239
f 1210/756/1240 1202/745/1227 1281/745/1228 1282/756/1241
f 889/483/882 1209/751/1226 1217/755/1239
f 1203/746/1229 1202/745/1227 1210/756/1240 1211/757/1242
f 1204/462/1230 1203/746/1229 1211/757/1242 1212/486/1234
f 1217/755/1239 1216/754/1238 1224/762/1243 1225/763/1244
f 1218/764/1245 1210/756/1240 1282/756/1241 1283/764/1246
f 889/506/882 1217/755/1239 1225/763/1244
f 1211/757/1242 1210/756/1240 1218/764/1245 1219/492/1247
f 1212/486/1234 1211/757/1242 1219/492/1247 1220/493/1248
f 1213/758/1235 1212/486/1234 1220/493/1248 1221/759/1249
f 1214/752/1236 1213/758/1235 1221/759/1249 1222/760/1250
f 1215/753/1237 1214/752/1236 1222/760/1250 1223/761/1251
f 1216/754/1238 1215/753/1237 1223/761/1251 1224/762/1243
f 1222/760/1250 1221/759/1249 1229/771/1252 1230/772/1253
f 1223/761/1251 1222/760/1250 1230/772/1253 1231/765/1254
f 1224/762/1243 1223/761/1251 1231/765/1254 1232/766/1255
f 1225/763/1244 1224/762/1243 1232/766/1255 1233/767/1256
f 1226/768/1257 1218/764/1245 1283/764/1246 1284/768/1258
f 889/769/882 1225/763/1244 1233/767/1256
f 1219/492/1247 1218/764/1245 1226/768/1257 1227/770/1259
f 1220/493/1248 1219/492/1247 1227/770/1259 1228/519/1260
f 1221/759/1249 1220/493/1248 1228/519/1260 1229/771/1252
f 889/540/882 1233/767/1256 1241/776/1261
f 1227/770/1259 1226/768/1257 1234/777/1262 1235/778/1263
f 1228/519/1260 1227/770/1259 1235/778/1263 1236/525/1264
f 1229/771/1252 1228/519/1260 1236/525/1264 1237/773/1265
f 1230/772/1253 1229/771/1252 1237/773/1265 1238/530/1266
f 1231/765/1254 1230/772/1253 1238/530/1266 1239/774/1267
f 1232/766/1255 1231/765/1254 1239/774/1267 1240/775/1268
f 1233/767/1256 1232/766/1255 1240/775/1268 1241/776/1261
f 1234/777/1262 1226/768/1257 1284/768/1258 1285/777/1269
f 1239/774/1267 1238/530/1266 1246/783/1270 1247/784/1271
f 1240/775/1268 1239/774/1267 1247/784/1271 1248/779/1272
f 1241/776/1261 1240/775/1268 1248/779/1272 1249/780/1273
f 1242/781/1274 1234/777/1262 1285/777/1269 1286/781/1275
f 889/549/882 1241/776/1261 1249/780/1273
f 1235/778/1263 1234/777/1262 1242/781/1274 1243/550/1276
f 1236/525/1264 1235/778/1263 1243/550/1276 1244/552/1277
f 1237/773/1265 1236/525/1264 1244/552/1277 1245/782/1278
f 1238/530/1266 1237/773/1265 1245/782/1278 1246/783/1270
f 1243/550/1276 1242/781/1274 1250/566/886 886/2/885
f 1244/552/1277 1243/550/1276 886/2/885 1251/1/889
f 1245/782/1278 1244/552/1277 1251/1/889 887/9/891
f 1246/783/1270 1245/782/1278 887/9/891 1252/13/893
f 1247/784/1271 1246/783/1270 1252/13/893 888/561/895
f 1248/779/1272 1247/784/1271 888/561/895 1253/562/897
f 1249/780/1273 1248/779/1272 1253/562/897 1254/564/883
f 1250/566/886 1242/781/1274 1286/781/1275 1255/566/899
f 889/559/882 1249/780/1273 1254/564/883
s 0
f 1264/791/1279 1265/792/1279 1266/793/1279 1267/794/1279 1268/795/1279 1269/796/1279 1270/797/1279 1273/798/1279 1272/799/1279 1271/800/1279 1279/801/1279 1278/785/1279 1277/786/1279 1276/787/1279 1275/788/1279 885/789/1279 1263/790/1279
f 1273/802/1280 1270/803/1280 1262/804/1280 1261/805/1280 1260/806/1280 1259/807/1280 1258/808/1280 1257/809/1280 1256/810/1280 1255/811/1280 1286/812/1280 1285/813/1280 1284/814/1280 1283/815/1280 1282/816/1280 1281/817/1280 1280/818/1280 1274/802/1280
